team_a,team_b,team_a_win_probability,draw_probability,team_b_win_probability,most_common_score,most_common_score_probability,recommended_tip,recommended_tip_outcome,recommended_tip_expected_points,recommended_tip_exact_probability,avg_goals_a,avg_goals_b,avg_goal_difference
Algeria,Argentina,10.6,37.833333333333336,51.56666666666667,1-1,17.433333333333334,0-1,Argentina win,4.178333333333334,14.733333333333334,0.6683333333333333,1.4563333333333333,-0.7879999999999999
Argentina,Algeria,51.56666666666667,37.833333333333336,10.6,1-1,17.433333333333334,1-0,Algeria win,4.178333333333334,14.733333333333334,1.4563333333333333,0.6683333333333333,0.7879999999999999
Algeria,Australia,21.866666666666667,50.16666666666667,27.96666666666667,0-0,21.73333333333333,1-1,Draw,4.77,21.3,0.891,1.0186666666666666,-0.1276666666666666
Australia,Algeria,27.96666666666667,50.16666666666667,21.866666666666667,0-0,21.73333333333333,1-1,Draw,4.77,21.3,1.0186666666666666,0.891,0.1276666666666666
Algeria,Austria,28.53333333333333,47.06666666666667,24.4,1-1,21.7,1-1,Draw,4.554333333333333,21.7,1.0123333333333333,0.943,0.06933333333333336
Austria,Algeria,24.4,47.06666666666667,28.53333333333333,1-1,21.7,1-1,Draw,4.554333333333333,21.7,0.943,1.0123333333333333,-0.06933333333333336
Algeria,Belgium,17.766666666666666,45.46666666666667,36.766666666666666,1-1,20.533333333333335,1-1,Draw,4.407666666666667,20.533333333333335,0.855,1.1596666666666666,-0.30466666666666664
Belgium,Algeria,36.766666666666666,45.46666666666667,17.766666666666666,1-1,20.533333333333335,1-1,Draw,4.407666666666667,20.533333333333335,1.1596666666666666,0.855,0.30466666666666664
Algeria,Bosnia and Herzegovina,53.266666666666666,36.03333333333333,10.7,1-1,16.166666666666664,1-0,Algeria win,4.280333333333333,15.4,1.4973333333333334,0.688,0.8093333333333335
Bosnia and Herzegovina,Algeria,10.7,36.03333333333333,53.266666666666666,1-1,16.166666666666664,0-1,Bosnia and Herzegovina win,4.280333333333333,15.4,0.688,1.4973333333333334,-0.8093333333333335
Algeria,Brazil,18.666666666666668,48.0,33.33333333333333,1-1,21.766666666666666,1-1,Draw,4.608666666666666,21.766666666666666,0.8623333333333333,1.1263333333333334,-0.2640000000000001
Brazil,Algeria,33.33333333333333,48.0,18.666666666666668,1-1,21.766666666666666,1-1,Draw,4.608666666666666,21.766666666666666,1.1263333333333334,0.8623333333333333,0.2640000000000001
Algeria,Canada,27.53333333333333,45.0,27.46666666666667,1-1,21.0,1-1,Draw,4.368333333333333,21.0,1.024,1.022,0.0020000000000000018
Canada,Algeria,27.46666666666667,45.0,27.53333333333333,1-1,21.0,1-1,Draw,4.368333333333333,21.0,1.022,1.024,-0.0020000000000000018
Algeria,Cape Verde,43.166666666666664,40.666666666666664,16.166666666666664,1-1,19.066666666666666,1-1,Draw,4.018666666666666,19.066666666666666,1.2783333333333333,0.8066666666666666,0.4716666666666667
Cape Verde,Algeria,16.166666666666664,40.666666666666664,43.166666666666664,1-1,19.066666666666666,1-1,Draw,4.018666666666666,19.066666666666666,0.8066666666666666,1.2783333333333333,-0.4716666666666667
Algeria,Colombia,25.133333333333336,45.800000000000004,29.06666666666667,1-1,20.566666666666666,1-1,Draw,4.438,20.566666666666666,0.964,1.0446666666666666,-0.08066666666666666
Colombia,Algeria,29.06666666666667,45.800000000000004,25.133333333333336,1-1,20.566666666666666,1-1,Draw,4.438,20.566666666666666,1.0446666666666666,0.964,0.08066666666666666
Algeria,Croatia,16.900000000000002,47.66666666666667,35.43333333333333,1-1,21.133333333333333,1-1,Draw,4.584666666666666,21.133333333333333,0.7973333333333333,1.1213333333333333,-0.32399999999999995
Croatia,Algeria,35.43333333333333,47.66666666666667,16.900000000000002,1-1,21.133333333333333,1-1,Draw,4.584666666666666,21.133333333333333,1.1213333333333333,0.7973333333333333,0.32399999999999995
Algeria,Curaçao,48.86666666666667,40.0,11.133333333333335,1-1,17.533333333333335,1-0,Algeria win,4.038333333333333,14.833333333333334,1.3923333333333334,0.7056666666666667,0.6866666666666668
Curaçao,Algeria,11.133333333333335,40.0,48.86666666666667,1-1,17.533333333333335,0-1,Curaçao win,4.038333333333333,14.833333333333334,0.7056666666666667,1.3923333333333334,-0.6866666666666668
Algeria,Czech Republic,43.6,43.56666666666666,12.833333333333332,1-1,20.3,1-1,Draw,4.258,20.3,1.2963333333333333,0.752,0.5443333333333333
Czech Republic,Algeria,12.833333333333332,43.56666666666666,43.6,1-1,20.3,1-1,Draw,4.258,20.3,0.752,1.2963333333333333,-0.5443333333333333
Algeria,DR Congo,35.03333333333333,51.233333333333334,13.733333333333334,1-1,22.433333333333334,1-1,Draw,4.876,22.433333333333334,1.1316666666666666,0.7673333333333333,0.3643333333333333
DR Congo,Algeria,13.733333333333334,51.233333333333334,35.03333333333333,1-1,22.433333333333334,1-1,Draw,4.876,22.433333333333334,0.7673333333333333,1.1316666666666666,-0.3643333333333333
Algeria,Ecuador,29.7,46.63333333333333,23.666666666666668,1-1,20.933333333333334,1-1,Draw,4.5136666666666665,20.933333333333334,1.0373333333333334,0.9283333333333333,0.1090000000000001
Ecuador,Algeria,23.666666666666668,46.63333333333333,29.7,1-1,20.933333333333334,1-1,Draw,4.5136666666666665,20.933333333333334,0.9283333333333333,1.0373333333333334,-0.1090000000000001
Algeria,Egypt,28.499999999999996,46.13333333333333,25.366666666666664,1-1,20.866666666666667,1-1,Draw,4.454666666666666,20.866666666666667,1.0356666666666667,0.9926666666666667,0.04300000000000004
Egypt,Algeria,25.366666666666664,46.13333333333333,28.499999999999996,1-1,20.866666666666667,1-1,Draw,4.454666666666666,20.866666666666667,0.9926666666666667,1.0356666666666667,-0.04300000000000004
Algeria,England,16.6,33.1,50.3,1-1,15.433333333333332,0-1,England win,4.112,15.366666666666667,0.8033333333333333,1.453,-0.6496666666666667
England,Algeria,50.3,33.1,16.6,1-1,15.433333333333332,1-0,Algeria win,4.112,15.366666666666667,1.453,0.8033333333333333,0.6496666666666667
Algeria,France,10.7,39.53333333333333,49.766666666666666,1-1,18.166666666666668,0-1,France win,4.1146666666666665,15.366666666666667,0.698,1.421,-0.7230000000000001
France,Algeria,49.766666666666666,39.53333333333333,10.7,1-1,18.166666666666668,1-0,Algeria win,4.1146666666666665,15.366666666666667,1.421,0.698,0.7230000000000001
Algeria,Germany,18.099999999999998,48.8,33.1,1-1,21.8,1-1,Draw,4.669,21.8,0.846,1.1033333333333333,-0.2573333333333333
Germany,Algeria,33.1,48.8,18.099999999999998,1-1,21.8,1-1,Draw,4.669,21.8,1.1033333333333333,0.846,0.2573333333333333
Algeria,Ghana,39.666666666666664,40.86666666666667,19.466666666666665,1-1,18.9,1-1,Draw,4.0296666666666665,18.9,1.233,0.857,0.3760000000000001
Ghana,Algeria,19.466666666666665,40.86666666666667,39.666666666666664,1-1,18.9,1-1,Draw,4.0296666666666665,18.9,0.857,1.233,-0.3760000000000001
Algeria,Haiti,51.6,38.266666666666666,10.133333333333333,1-1,18.033333333333335,1-0,Algeria win,4.222666666666667,15.933333333333334,1.4663333333333333,0.6843333333333333,0.7819999999999999
Haiti,Algeria,10.133333333333333,38.266666666666666,51.6,1-1,18.033333333333335,0-1,Haiti win,4.222666666666667,15.933333333333334,0.6843333333333333,1.4663333333333333,-0.7819999999999999
Algeria,Iran,20.96666666666667,47.96666666666667,31.066666666666663,1-1,21.066666666666666,1-1,Draw,4.607,21.066666666666666,0.9173333333333333,1.074,-0.15666666666666673
Iran,Algeria,31.066666666666663,47.96666666666667,20.96666666666667,1-1,21.066666666666666,1-1,Draw,4.607,21.066666666666666,1.074,0.9173333333333333,0.15666666666666673
Algeria,Iraq,42.6,46.93333333333333,10.466666666666667,0-0,20.533333333333335,0-0,Draw,4.511333333333333,20.533333333333335,1.2626666666666666,0.6913333333333334,0.5713333333333332
Iraq,Algeria,10.466666666666667,46.93333333333333,42.6,0-0,20.533333333333335,0-0,Draw,4.511333333333333,20.533333333333335,0.6913333333333334,1.2626666666666666,-0.5713333333333332
Algeria,Ivory Coast,26.466666666666665,54.166666666666664,19.366666666666667,1-1,25.066666666666666,1-1,Draw,5.138333333333334,25.066666666666666,0.9703333333333334,0.851,0.1193333333333334
Ivory Coast,Algeria,19.366666666666667,54.166666666666664,26.466666666666665,1-1,25.066666666666666,1-1,Draw,5.138333333333334,25.066666666666666,0.851,0.9703333333333334,-0.1193333333333334
Algeria,Japan,17.066666666666666,47.199999999999996,35.733333333333334,1-1,20.4,1-1,Draw,4.530666666666667,20.4,0.822,1.1656666666666666,-0.3436666666666667
Japan,Algeria,35.733333333333334,47.199999999999996,17.066666666666666,1-1,20.4,1-1,Draw,4.530666666666667,20.4,1.1656666666666666,0.822,0.3436666666666667
Algeria,Jordan,48.5,38.266666666666666,13.233333333333333,1-1,18.5,1-0,Algeria win,4.024333333333334,14.733333333333334,1.3856666666666666,0.733,0.6526666666666666
Jordan,Algeria,13.233333333333333,38.266666666666666,48.5,1-1,18.5,0-1,Jordan win,4.024333333333334,14.733333333333334,0.733,1.3856666666666666,-0.6526666666666666
Algeria,Mexico,17.866666666666667,45.56666666666666,36.56666666666666,1-1,19.666666666666664,0-0,Draw,4.386333333333333,19.433333333333334,0.8266666666666667,1.1806666666666668,-0.3540000000000001
Mexico,Algeria,36.56666666666666,45.56666666666666,17.866666666666667,1-1,19.666666666666664,0-0,Draw,4.386333333333333,19.433333333333334,1.1806666666666668,0.8266666666666667,0.3540000000000001
Algeria,Morocco,12.4,47.9,39.7,1-1,21.4,1-1,Draw,4.5953333333333335,21.4,0.724,1.1966666666666668,-0.4726666666666668
Morocco,Algeria,39.7,47.9,12.4,1-1,21.4,1-1,Draw,4.5953333333333335,21.4,1.1966666666666668,0.724,0.4726666666666668
Algeria,Netherlands,17.1,31.366666666666664,51.53333333333333,0-1,15.8,0-1,Netherlands win,4.184,15.8,0.7653333333333333,1.438,-0.6726666666666666
Netherlands,Algeria,51.53333333333333,31.366666666666664,17.1,1-0,15.8,1-0,Algeria win,4.184,15.8,1.438,0.7653333333333333,0.6726666666666666
Algeria,New Zealand,37.8,43.233333333333334,18.96666666666667,1-1,19.566666666666666,1-1,Draw,4.218,19.566666666666666,1.186,0.8483333333333334,0.33766666666666656
New Zealand,Algeria,18.96666666666667,43.233333333333334,37.8,1-1,19.566666666666666,1-1,Draw,4.218,19.566666666666666,0.8483333333333334,1.186,-0.33766666666666656
Algeria,Norway,27.700000000000003,45.7,26.6,1-1,20.933333333333334,1-1,Draw,4.4366666666666665,20.933333333333334,1.0106666666666666,0.986,0.024666666666666615
Norway,Algeria,26.6,45.7,27.700000000000003,1-1,20.933333333333334,1-1,Draw,4.4366666666666665,20.933333333333334,0.986,1.0106666666666666,-0.024666666666666615
Algeria,Panama,26.43333333333333,51.6,21.96666666666667,1-1,24.3,1-1,Draw,4.942333333333333,24.3,0.9946666666666667,0.9096666666666666,0.08500000000000008
Panama,Algeria,21.96666666666667,51.6,26.43333333333333,1-1,24.3,1-1,Draw,4.942333333333333,24.3,0.9096666666666666,0.9946666666666667,-0.08500000000000008
Algeria,Paraguay,40.5,46.2,13.3,1-1,19.966666666666665,1-1,Draw,4.442333333333333,19.966666666666665,1.2423333333333333,0.7366666666666667,0.5056666666666666
Paraguay,Algeria,13.3,46.2,40.5,1-1,19.966666666666665,1-1,Draw,4.442333333333333,19.966666666666665,0.7366666666666667,1.2423333333333333,-0.5056666666666666
Algeria,Portugal,14.6,46.46666666666667,38.93333333333333,1-1,21.099999999999998,1-1,Draw,4.491666666666666,21.099999999999998,0.752,1.1886666666666668,-0.43666666666666676
Portugal,Algeria,38.93333333333333,46.46666666666667,14.6,1-1,21.099999999999998,1-1,Draw,4.491666666666666,21.099999999999998,1.1886666666666668,0.752,0.43666666666666676
Algeria,Qatar,46.5,43.36666666666667,10.133333333333333,1-1,19.133333333333333,1-1,Draw,4.206666666666667,19.133333333333333,1.3356666666666666,0.68,0.6556666666666665
Qatar,Algeria,10.133333333333333,43.36666666666667,46.5,1-1,19.133333333333333,1-1,Draw,4.206666666666667,19.133333333333333,0.68,1.3356666666666666,-0.6556666666666665
Algeria,Saudi Arabia,43.7,46.400000000000006,9.9,1-1,21.0,1-1,Draw,4.472,21.0,1.2896666666666667,0.6996666666666667,0.5900000000000001
Saudi Arabia,Algeria,9.9,46.400000000000006,43.7,1-1,21.0,1-1,Draw,4.472,21.0,0.6996666666666667,1.2896666666666667,-0.5900000000000001
Algeria,Scotland,36.93333333333334,46.166666666666664,16.900000000000002,1-1,21.46666666666667,1-1,Draw,4.466333333333333,21.46666666666667,1.1803333333333332,0.8126666666666666,0.3676666666666666
Scotland,Algeria,16.900000000000002,46.166666666666664,36.93333333333334,1-1,21.46666666666667,1-1,Draw,4.466333333333333,21.46666666666667,0.8126666666666666,1.1803333333333332,-0.3676666666666666
Algeria,Senegal,24.46666666666667,45.733333333333334,29.799999999999997,1-1,19.933333333333334,1-1,Draw,4.41,19.933333333333334,0.9746666666666667,1.0563333333333333,-0.08166666666666667
Senegal,Algeria,29.799999999999997,45.733333333333334,24.46666666666667,1-1,19.933333333333334,1-1,Draw,4.41,19.933333333333334,1.0563333333333333,0.9746666666666667,0.08166666666666667
Algeria,South Africa,45.0,46.0,9.0,1-1,21.6,1-1,Draw,4.444,21.6,1.3186666666666667,0.6536666666666666,0.665
South Africa,Algeria,9.0,46.0,45.0,1-1,21.6,1-1,Draw,4.444,21.6,0.6536666666666666,1.3186666666666667,-0.665
Algeria,South Korea,19.633333333333333,49.733333333333334,30.633333333333333,1-1,22.733333333333334,1-1,Draw,4.758333333333334,22.733333333333334,0.8813333333333333,1.0873333333333333,-0.20599999999999996
South Korea,Algeria,30.633333333333333,49.733333333333334,19.633333333333333,1-1,22.733333333333334,1-1,Draw,4.758333333333334,22.733333333333334,1.0873333333333333,0.8813333333333333,0.20599999999999996
Algeria,Spain,12.633333333333333,37.63333333333333,49.733333333333334,1-1,17.1,0-1,Spain win,4.105,15.299999999999999,0.7176666666666667,1.3936666666666666,-0.6759999999999999
Spain,Algeria,49.733333333333334,37.63333333333333,12.633333333333333,1-1,17.1,1-0,Algeria win,4.105,15.299999999999999,1.3936666666666666,0.7176666666666667,0.6759999999999999
Algeria,Sweden,44.43333333333334,44.03333333333334,11.533333333333333,1-1,20.033333333333335,1-1,Draw,4.285,20.033333333333335,1.3233333333333333,0.7126666666666667,0.6106666666666666
Sweden,Algeria,11.533333333333333,44.03333333333334,44.43333333333334,1-1,20.033333333333335,1-1,Draw,4.285,20.033333333333335,0.7126666666666667,1.3233333333333333,-0.6106666666666666
Algeria,Switzerland,25.1,37.166666666666664,37.733333333333334,1-1,17.5,1-1,Draw,3.7333333333333334,17.5,0.9256666666666666,1.1733333333333333,-0.2476666666666667
Switzerland,Algeria,37.733333333333334,37.166666666666664,25.1,1-1,17.5,1-1,Draw,3.7333333333333334,17.5,1.1733333333333333,0.9256666666666666,0.2476666666666667
Algeria,Tunisia,40.96666666666667,48.333333333333336,10.7,1-1,22.133333333333333,1-1,Draw,4.633,22.133333333333333,1.2753333333333334,0.7213333333333334,0.554
Tunisia,Algeria,10.7,48.333333333333336,40.96666666666667,1-1,22.133333333333333,1-1,Draw,4.633,22.133333333333333,0.7213333333333334,1.2753333333333334,-0.554
Algeria,Turkey,26.666666666666668,50.23333333333333,23.1,1-1,22.133333333333333,1-1,Draw,4.785666666666667,22.133333333333333,0.9873333333333333,0.9296666666666666,0.057666666666666644
Turkey,Algeria,23.1,50.23333333333333,26.666666666666668,1-1,22.133333333333333,1-1,Draw,4.785666666666667,22.133333333333333,0.9296666666666666,0.9873333333333333,-0.057666666666666644
Algeria,United States,20.033333333333335,45.766666666666666,34.2,1-1,20.833333333333336,1-1,Draw,4.435,20.833333333333336,0.8716666666666667,1.1483333333333334,-0.2766666666666667
United States,Algeria,34.2,45.766666666666666,20.033333333333335,1-1,20.833333333333336,1-1,Draw,4.435,20.833333333333336,1.1483333333333334,0.8716666666666667,0.2766666666666667
Algeria,Uruguay,25.633333333333336,44.36666666666667,30.0,1-1,20.366666666666667,1-1,Draw,4.318666666666667,20.366666666666667,0.9663333333333334,1.0556666666666668,-0.08933333333333338
Uruguay,Algeria,30.0,44.36666666666667,25.633333333333336,1-1,20.366666666666667,1-1,Draw,4.318666666666667,20.366666666666667,1.0556666666666668,0.9663333333333334,0.08933333333333338
Algeria,Uzbekistan,42.833333333333336,43.166666666666664,14.000000000000002,1-1,19.26666666666667,1-1,Draw,4.199,19.26666666666667,1.268,0.756,0.512
Uzbekistan,Algeria,14.000000000000002,43.166666666666664,42.833333333333336,1-1,19.26666666666667,1-1,Draw,4.199,19.26666666666667,0.756,1.268,-0.512
Argentina,Australia,60.0,31.933333333333337,8.066666666666666,1-0,16.7,1-0,Argentina win,4.725333333333333,16.7,1.6086666666666667,0.6206666666666667,0.988
Australia,Argentina,8.066666666666666,31.933333333333337,60.0,0-1,16.7,0-1,Australia win,4.725333333333333,16.7,0.6206666666666667,1.6086666666666667,-0.988
Argentina,Austria,66.33333333333333,27.800000000000004,5.866666666666666,1-0,18.2,1-0,Argentina win,5.113333333333333,18.2,1.741,0.5546666666666666,1.1863333333333335
Austria,Argentina,5.866666666666666,27.800000000000004,66.33333333333333,0-1,18.2,0-1,Austria win,5.113333333333333,18.2,0.5546666666666666,1.741,-1.1863333333333335
Argentina,Belgium,58.8,32.300000000000004,8.9,1-0,17.433333333333334,1-0,Argentina win,4.684333333333333,17.433333333333334,1.557,0.631,0.9259999999999999
Belgium,Argentina,8.9,32.300000000000004,58.8,0-1,17.433333333333334,0-1,Belgium win,4.684333333333333,17.433333333333334,0.631,1.557,-0.9259999999999999
Argentina,Bosnia and Herzegovina,69.86666666666666,26.866666666666667,3.266666666666666,1-0,19.366666666666667,1-0,Argentina win,5.339,19.366666666666667,1.8153333333333332,0.489,1.3263333333333334
Bosnia and Herzegovina,Argentina,3.266666666666666,26.866666666666667,69.86666666666666,0-1,19.366666666666667,0-1,Bosnia and Herzegovina win,5.339,19.366666666666667,0.489,1.8153333333333332,-1.3263333333333334
Argentina,Brazil,28.299999999999997,67.83333333333333,3.8666666666666667,0-0,31.666666666666664,0-0,Draw,6.282,31.666666666666664,0.9916666666666667,0.6043333333333333,0.3873333333333334
Brazil,Argentina,3.8666666666666667,67.83333333333333,28.299999999999997,0-0,31.666666666666664,0-0,Draw,6.282,31.666666666666664,0.6043333333333333,0.9916666666666667,-0.3873333333333334
Argentina,Canada,57.3,32.33333333333333,10.366666666666667,1-0,15.9,1-0,Argentina win,4.534666666666666,15.9,1.5596666666666668,0.671,0.8886666666666667
Canada,Argentina,10.366666666666667,32.33333333333333,57.3,0-1,15.9,0-1,Canada win,4.534666666666666,15.9,0.671,1.5596666666666668,-0.8886666666666667
Argentina,Cape Verde,56.96666666666667,35.86666666666667,7.166666666666667,1-0,16.466666666666665,1-0,Argentina win,4.538333333333333,16.466666666666665,1.5433333333333332,0.5953333333333334,0.9479999999999998
Cape Verde,Argentina,7.166666666666667,35.86666666666667,56.96666666666667,0-1,16.466666666666665,0-1,Cape Verde win,4.538333333333333,16.466666666666665,0.5953333333333334,1.5433333333333332,-0.9479999999999998
Argentina,Colombia,28.133333333333333,68.86666666666666,3.0,0-0,33.2,0-0,Draw,6.392666666666667,33.2,0.9926666666666667,0.5786666666666667,0.41400000000000003
Colombia,Argentina,3.0,68.86666666666666,28.133333333333333,0-0,33.2,0-0,Draw,6.392666666666667,33.2,0.5786666666666667,0.9926666666666667,-0.41400000000000003
Argentina,Croatia,45.96666666666667,42.1,11.933333333333334,1-1,18.433333333333334,1-1,Draw,4.1,18.433333333333334,1.3386666666666667,0.7226666666666667,0.616
Croatia,Argentina,11.933333333333334,42.1,45.96666666666667,1-1,18.433333333333334,1-1,Draw,4.1,18.433333333333334,0.7226666666666667,1.3386666666666667,-0.616
Argentina,Curaçao,71.36666666666667,25.266666666666666,3.3666666666666663,1-0,18.266666666666666,1-0,Argentina win,5.369,18.266666666666666,1.8686666666666667,0.49566666666666664,1.373
Curaçao,Argentina,3.3666666666666663,25.266666666666666,71.36666666666667,0-1,18.266666666666666,0-1,Curaçao win,5.369,18.266666666666666,0.49566666666666664,1.8686666666666667,-1.373
Argentina,Czech Republic,71.06666666666666,24.566666666666666,4.366666666666666,1-0,18.2,1-0,Argentina win,5.338,18.2,1.857,0.5126666666666667,1.3443333333333332
Czech Republic,Argentina,4.366666666666666,24.566666666666666,71.06666666666666,0-1,18.2,0-1,Czech Republic win,5.338,18.2,0.5126666666666667,1.857,-1.3443333333333332
Argentina,DR Congo,70.89999999999999,25.133333333333336,3.966666666666667,1-0,18.8,1-0,Argentina win,5.363,18.8,1.839,0.49166666666666664,1.3473333333333333
DR Congo,Argentina,3.966666666666667,25.133333333333336,70.89999999999999,0-1,18.8,0-1,DR Congo win,5.363,18.8,0.49166666666666664,1.839,-1.3473333333333333
Argentina,Ecuador,53.56666666666666,43.9,2.533333333333333,1-1,19.766666666666666,1-0,Argentina win,4.4,16.266666666666666,1.4953333333333334,0.5553333333333333,0.9400000000000001
Ecuador,Argentina,2.533333333333333,43.9,53.56666666666666,1-1,19.766666666666666,0-1,Ecuador win,4.4,16.266666666666666,0.5553333333333333,1.4953333333333334,-0.9400000000000001
Argentina,Egypt,66.3,27.366666666666667,6.333333333333334,1-0,18.3,1-0,Argentina win,5.109,18.3,1.746,0.568,1.178
Egypt,Argentina,6.333333333333334,27.366666666666667,66.3,0-1,18.3,0-1,Egypt win,5.109,18.3,0.568,1.746,-1.178
Argentina,England,39.93333333333333,38.266666666666666,21.8,1-1,17.299999999999997,1-1,Draw,3.8133333333333335,17.299999999999997,1.2143333333333333,0.8826666666666667,0.33166666666666655
England,Argentina,21.8,38.266666666666666,39.93333333333333,1-1,17.299999999999997,1-1,Draw,3.8133333333333335,17.299999999999997,0.8826666666666667,1.2143333333333333,-0.33166666666666655
Argentina,France,30.033333333333335,42.6,27.366666666666667,1-1,19.8,1-1,Draw,4.179,19.8,1.0323333333333333,0.9836666666666667,0.048666666666666636
France,Argentina,27.366666666666667,42.6,30.033333333333335,1-1,19.8,1-1,Draw,4.179,19.8,0.9836666666666667,1.0323333333333333,-0.048666666666666636
Argentina,Germany,44.266666666666666,47.266666666666666,8.466666666666667,1-1,20.4,0-0,Draw,4.534,20.1,1.313,0.6703333333333333,0.6426666666666666
Germany,Argentina,8.466666666666667,47.266666666666666,44.266666666666666,1-1,20.4,0-0,Draw,4.534,20.1,0.6703333333333333,1.313,-0.6426666666666666
Argentina,Ghana,60.0,30.833333333333336,9.166666666666666,1-0,15.666666666666668,1-0,Argentina win,4.664333333333333,15.666666666666668,1.653,0.648,1.005
Ghana,Argentina,9.166666666666666,30.833333333333336,60.0,0-1,15.666666666666668,0-1,Ghana win,4.664333333333333,15.666666666666668,0.648,1.653,-1.005
Argentina,Haiti,61.56666666666667,34.733333333333334,3.6999999999999997,1-0,17.133333333333333,1-0,Argentina win,4.828,17.133333333333333,1.6533333333333333,0.5323333333333333,1.121
Haiti,Argentina,3.6999999999999997,34.733333333333334,61.56666666666667,0-1,17.133333333333333,0-1,Haiti win,4.828,17.133333333333333,0.5323333333333333,1.6533333333333333,-1.121
Argentina,Iran,56.53333333333334,35.233333333333334,8.233333333333333,1-1,16.3,1-0,Argentina win,4.5023333333333335,16.3,1.5693333333333332,0.6293333333333333,0.94
Iran,Argentina,8.233333333333333,35.233333333333334,56.53333333333334,1-1,16.3,0-1,Iran win,4.5023333333333335,16.3,0.6293333333333333,1.5693333333333332,-0.94
Argentina,Iraq,71.96666666666667,24.0,4.033333333333333,1-0,18.2,1-0,Argentina win,5.406666666666666,18.2,1.9033333333333333,0.498,1.4053333333333333
Iraq,Argentina,4.033333333333333,24.0,71.96666666666667,0-1,18.2,0-1,Iraq win,5.406666666666666,18.2,0.498,1.9033333333333333,-1.4053333333333333
Argentina,Ivory Coast,65.93333333333334,27.333333333333332,6.7333333333333325,1-0,17.266666666666666,1-0,Argentina win,5.041,17.266666666666666,1.74,0.5766666666666667,1.1633333333333333
Ivory Coast,Argentina,6.7333333333333325,27.333333333333332,65.93333333333334,0-1,17.266666666666666,0-1,Ivory Coast win,5.041,17.266666666666666,0.5766666666666667,1.74,-1.1633333333333333
Argentina,Japan,56.53333333333334,32.7,10.766666666666666,1-0,15.933333333333334,1-0,Argentina win,4.499333333333333,15.933333333333334,1.541,0.6753333333333333,0.8656666666666666
Japan,Argentina,10.766666666666666,32.7,56.53333333333334,0-1,15.933333333333334,0-1,Japan win,4.499333333333333,15.933333333333334,0.6753333333333333,1.541,-0.8656666666666666
Argentina,Jordan,66.76666666666667,29.166666666666668,4.066666666666666,1-0,18.033333333333335,1-0,Argentina win,5.124,18.033333333333335,1.772,0.51,1.262
Jordan,Argentina,4.066666666666666,29.166666666666668,66.76666666666667,0-1,18.033333333333335,0-1,Jordan win,5.124,18.033333333333335,0.51,1.772,-1.262
Argentina,Mexico,53.733333333333334,36.5,9.766666666666666,1-1,16.366666666666667,1-0,Argentina win,4.315666666666667,15.066666666666666,1.515,0.6936666666666667,0.8213333333333332
Mexico,Argentina,9.766666666666666,36.5,53.733333333333334,1-1,16.366666666666667,0-1,Mexico win,4.315666666666667,15.066666666666666,0.6936666666666667,1.515,-0.8213333333333332
Argentina,Morocco,45.63333333333333,41.266666666666666,13.100000000000001,1-1,18.2,1-1,Draw,4.0263333333333335,18.2,1.3353333333333333,0.7526666666666667,0.5826666666666666
Morocco,Argentina,13.100000000000001,41.266666666666666,45.63333333333333,1-1,18.2,1-1,Draw,4.0263333333333335,18.2,0.7526666666666667,1.3353333333333333,-0.5826666666666666
Argentina,Netherlands,50.46666666666667,35.93333333333334,13.600000000000001,1-1,16.0,1-0,Argentina win,4.097,14.266666666666666,1.4323333333333332,0.7366666666666667,0.6956666666666665
Netherlands,Argentina,13.600000000000001,35.93333333333334,50.46666666666667,1-1,16.0,0-1,Netherlands win,4.097,14.266666666666666,0.7366666666666667,1.4323333333333332,-0.6956666666666665
Argentina,New Zealand,52.93333333333333,38.3,8.766666666666667,1-1,17.5,1-0,Argentina win,4.271,15.233333333333333,1.4856666666666667,0.6416666666666667,0.844
New Zealand,Argentina,8.766666666666667,38.3,52.93333333333333,1-1,17.5,0-1,New Zealand win,4.271,15.233333333333333,0.6416666666666667,1.4856666666666667,-0.844
Argentina,Norway,68.60000000000001,24.5,6.9,1-0,18.633333333333333,1-0,Argentina win,5.247333333333334,18.633333333333333,1.7733333333333334,0.5493333333333333,1.2240000000000002
Norway,Argentina,6.9,24.5,68.60000000000001,0-1,18.633333333333333,0-1,Norway win,5.247333333333334,18.633333333333333,0.5493333333333333,1.7733333333333334,-1.2240000000000002
Argentina,Panama,61.96666666666667,31.533333333333335,6.5,1-0,17.266666666666666,1-0,Argentina win,4.833,17.266666666666666,1.6693333333333333,0.582,1.0873333333333335
Panama,Argentina,6.5,31.533333333333335,61.96666666666667,0-1,17.266666666666666,0-1,Panama win,4.833,17.266666666666666,0.582,1.6693333333333333,-1.0873333333333335
Argentina,Paraguay,42.4,49.03333333333333,8.566666666666666,1-1,21.833333333333332,1-1,Draw,4.681333333333333,21.833333333333332,1.2743333333333333,0.6686666666666666,0.6056666666666667
Paraguay,Argentina,8.566666666666666,49.03333333333333,42.4,1-1,21.833333333333332,1-1,Draw,4.681333333333333,21.833333333333332,0.6686666666666666,1.2743333333333333,-0.6056666666666667
Argentina,Portugal,47.233333333333334,41.66666666666667,11.1,1-1,18.166666666666668,0-0,Draw,4.063,17.7,1.3486666666666667,0.7093333333333334,0.6393333333333333
Portugal,Argentina,11.1,41.66666666666667,47.233333333333334,1-1,18.166666666666668,0-0,Draw,4.063,17.7,0.7093333333333334,1.3486666666666667,-0.6393333333333333
Argentina,Qatar,67.30000000000001,28.566666666666666,4.133333333333333,1-0,18.633333333333333,1-0,Argentina win,5.174333333333333,18.633333333333333,1.7446666666666666,0.5113333333333333,1.2333333333333334
Qatar,Argentina,4.133333333333333,28.566666666666666,67.30000000000001,0-1,18.633333333333333,0-1,Qatar win,5.174333333333333,18.633333333333333,0.5113333333333333,1.7446666666666666,-1.2333333333333334
Argentina,Saudi Arabia,73.13333333333333,22.766666666666666,4.1000000000000005,1-0,18.7,1-0,Argentina win,5.469333333333333,18.7,1.8876666666666666,0.48,1.4076666666666666
Saudi Arabia,Argentina,4.1000000000000005,22.766666666666666,73.13333333333333,0-1,18.7,0-1,Saudi Arabia win,5.469333333333333,18.7,0.48,1.8876666666666666,-1.4076666666666666
Argentina,Scotland,73.26666666666667,22.0,4.733333333333333,1-0,18.333333333333332,1-0,Argentina win,5.46,18.333333333333332,1.9086666666666667,0.49833333333333335,1.4103333333333334
Scotland,Argentina,4.733333333333333,22.0,73.26666666666667,0-1,18.333333333333332,0-1,Scotland win,5.46,18.333333333333332,0.49833333333333335,1.9086666666666667,-1.4103333333333334
Argentina,Senegal,54.400000000000006,36.233333333333334,9.366666666666665,1-1,17.166666666666668,1-0,Argentina win,4.39,15.366666666666667,1.5273333333333334,0.6736666666666666,0.8536666666666668
Senegal,Argentina,9.366666666666665,36.233333333333334,54.400000000000006,1-1,17.166666666666668,0-1,Senegal win,4.39,15.366666666666667,0.6736666666666666,1.5273333333333334,-0.8536666666666668
Argentina,South Africa,73.2,23.400000000000002,3.4000000000000004,1-0,17.533333333333335,1-0,Argentina win,5.4526666666666666,17.533333333333335,1.8993333333333333,0.4876666666666667,1.4116666666666666
South Africa,Argentina,3.4000000000000004,23.400000000000002,73.2,0-1,17.533333333333335,0-1,South Africa win,5.4526666666666666,17.533333333333335,0.4876666666666667,1.8993333333333333,-1.4116666666666666
Argentina,South Korea,60.23333333333334,31.966666666666665,7.8,1-0,16.933333333333334,1-0,Argentina win,4.734,16.933333333333334,1.624,0.612,1.012
South Korea,Argentina,7.8,31.966666666666665,60.23333333333334,0-1,16.933333333333334,0-1,South Korea win,4.734,16.933333333333334,0.612,1.624,-1.012
Argentina,Spain,31.533333333333335,41.53333333333333,26.93333333333333,1-1,19.53333333333333,1-1,Draw,4.096333333333333,19.53333333333333,1.0793333333333333,0.999,0.08033333333333326
Spain,Argentina,26.93333333333333,41.53333333333333,31.533333333333335,1-1,19.53333333333333,1-1,Draw,4.096333333333333,19.53333333333333,0.999,1.0793333333333333,-0.08033333333333326
Argentina,Sweden,78.56666666666666,18.7,2.7333333333333334,1-0,20.599999999999998,1-0,Argentina win,5.847,20.599999999999998,2.0153333333333334,0.4656666666666667,1.5496666666666667
Sweden,Argentina,2.7333333333333334,18.7,78.56666666666666,0-1,20.599999999999998,0-1,Sweden win,5.847,20.599999999999998,0.4656666666666667,2.0153333333333334,-1.5496666666666667
Argentina,Switzerland,62.46666666666667,27.666666666666668,9.866666666666667,1-0,18.266666666666666,1-0,Argentina win,4.913333333333333,18.266666666666666,1.6493333333333333,0.645,1.0043333333333333
Switzerland,Argentina,9.866666666666667,27.666666666666668,62.46666666666667,0-1,18.266666666666666,0-1,Switzerland win,4.913333333333333,18.266666666666666,0.645,1.6493333333333333,-1.0043333333333333
Argentina,Tunisia,70.39999999999999,26.200000000000003,3.4000000000000004,1-0,18.9,1-0,Argentina win,5.381666666666667,18.9,1.8436666666666666,0.5203333333333333,1.3233333333333333
Tunisia,Argentina,3.4000000000000004,26.200000000000003,70.39999999999999,0-1,18.9,0-1,Tunisia win,5.381666666666667,18.9,0.5203333333333333,1.8436666666666666,-1.3233333333333333
Argentina,Turkey,66.53333333333333,27.133333333333333,6.333333333333334,1-0,18.5,1-0,Argentina win,5.096,18.5,1.7496666666666667,0.5416666666666666,1.2080000000000002
Turkey,Argentina,6.333333333333334,27.133333333333333,66.53333333333333,0-1,18.5,0-1,Turkey win,5.096,18.5,0.5416666666666666,1.7496666666666667,-1.2080000000000002
Argentina,United States,58.93333333333334,32.63333333333333,8.433333333333334,1-0,16.766666666666666,1-0,Argentina win,4.652,16.766666666666666,1.592,0.6203333333333333,0.9716666666666668
United States,Argentina,8.433333333333334,32.63333333333333,58.93333333333334,0-1,16.766666666666666,0-1,United States win,4.652,16.766666666666666,0.6203333333333333,1.592,-0.9716666666666668
Argentina,Uruguay,54.50000000000001,41.56666666666667,3.933333333333333,1-1,19.2,1-0,Argentina win,4.430666666666666,16.633333333333333,1.4973333333333334,0.556,0.9413333333333334
Uruguay,Argentina,3.933333333333333,41.56666666666667,54.50000000000001,1-1,19.2,0-1,Uruguay win,4.430666666666666,16.633333333333333,0.556,1.4973333333333334,-0.9413333333333334
Argentina,Uzbekistan,67.26666666666667,25.2,7.533333333333333,1-0,18.566666666666666,1-0,Argentina win,5.145333333333333,18.566666666666666,1.748,0.5626666666666666,1.1853333333333333
Uzbekistan,Argentina,7.533333333333333,25.2,67.26666666666667,0-1,18.566666666666666,0-1,Uzbekistan win,5.145333333333333,18.566666666666666,0.5626666666666666,1.748,-1.1853333333333333
Australia,Austria,28.799999999999997,44.666666666666664,26.53333333333333,1-1,21.066666666666666,1-1,Draw,4.3693333333333335,21.066666666666666,1.019,0.9823333333333333,0.036666666666666625
Austria,Australia,26.53333333333333,44.666666666666664,28.799999999999997,1-1,21.066666666666666,1-1,Draw,4.3693333333333335,21.066666666666666,0.9823333333333333,1.019,-0.036666666666666625
Australia,Belgium,21.233333333333334,40.03333333333333,38.733333333333334,1-1,18.76666666666667,1-1,Draw,3.9676666666666667,18.76666666666667,0.9006666666666666,1.216,-0.31533333333333335
Belgium,Australia,38.733333333333334,40.03333333333333,21.233333333333334,1-1,18.76666666666667,1-1,Draw,3.9676666666666667,18.76666666666667,1.216,0.9006666666666666,0.31533333333333335
Australia,Bosnia and Herzegovina,59.233333333333334,30.7,10.066666666666666,1-0,16.133333333333333,1-0,Australia win,4.634333333333333,16.133333333333333,1.6123333333333334,0.6473333333333333,0.9650000000000001
Bosnia and Herzegovina,Australia,10.066666666666666,30.7,59.233333333333334,0-1,16.133333333333333,0-1,Bosnia and Herzegovina win,4.634333333333333,16.133333333333333,0.6473333333333333,1.6123333333333334,-0.9650000000000001
Australia,Brazil,21.0,41.333333333333336,37.666666666666664,1-1,18.96666666666667,1-1,Draw,4.062666666666667,18.96666666666667,0.884,1.2063333333333333,-0.32233333333333325
Brazil,Australia,37.666666666666664,41.333333333333336,21.0,1-1,18.96666666666667,1-1,Draw,4.062666666666667,18.96666666666667,1.2063333333333333,0.884,0.32233333333333325
Australia,Canada,28.46666666666667,42.36666666666667,29.166666666666668,1-1,19.866666666666667,1-1,Draw,4.165666666666667,19.866666666666667,1.0283333333333333,1.0406666666666666,-0.012333333333333307
Canada,Australia,29.166666666666668,42.36666666666667,28.46666666666667,1-1,19.866666666666667,1-1,Draw,4.165666666666667,19.866666666666667,1.0406666666666666,1.0283333333333333,0.012333333333333307
Australia,Cape Verde,51.866666666666674,33.13333333333333,15.0,1-0,15.866666666666667,1-0,Australia win,4.256333333333333,15.866666666666667,1.4233333333333333,0.7673333333333333,0.656
Cape Verde,Australia,15.0,33.13333333333333,51.866666666666674,0-1,15.866666666666667,0-1,Cape Verde win,4.256333333333333,15.866666666666667,0.7673333333333333,1.4233333333333333,-0.656
Australia,Colombia,26.666666666666668,40.5,32.83333333333333,1-1,17.833333333333336,1-1,Draw,3.983,17.833333333333336,0.9633333333333334,1.0766666666666667,-0.11333333333333329
Colombia,Australia,32.83333333333333,40.5,26.666666666666668,1-1,17.833333333333336,1-1,Draw,3.983,17.833333333333336,1.0766666666666667,0.9633333333333334,0.11333333333333329
Australia,Croatia,17.333333333333336,44.333333333333336,38.333333333333336,1-1,20.8,1-1,Draw,4.3293333333333335,20.8,0.834,1.2003333333333333,-0.3663333333333333
Croatia,Australia,38.333333333333336,44.333333333333336,17.333333333333336,1-1,20.8,1-1,Draw,4.3293333333333335,20.8,1.2003333333333333,0.834,0.3663333333333333
Australia,Curaçao,54.400000000000006,35.46666666666667,10.133333333333333,1-1,17.666666666666668,1-0,Australia win,4.376666666666667,15.8,1.511,0.6746666666666666,0.8363333333333333
Curaçao,Australia,10.133333333333333,35.46666666666667,54.400000000000006,1-1,17.666666666666668,0-1,Curaçao win,4.376666666666667,15.8,0.6746666666666666,1.511,-0.8363333333333333
Australia,Czech Republic,45.63333333333333,40.33333333333333,14.033333333333333,1-1,18.333333333333332,1-1,Draw,3.9656666666666665,18.333333333333332,1.365,0.7566666666666667,0.6083333333333333
Czech Republic,Australia,14.033333333333333,40.33333333333333,45.63333333333333,1-1,18.333333333333332,1-1,Draw,3.9656666666666665,18.333333333333332,0.7566666666666667,1.365,-0.6083333333333333
Australia,DR Congo,42.199999999999996,43.9,13.900000000000002,1-1,19.53333333333333,1-1,Draw,4.2636666666666665,19.53333333333333,1.2656666666666667,0.7526666666666667,0.513
DR Congo,Australia,13.900000000000002,43.9,42.199999999999996,1-1,19.53333333333333,1-1,Draw,4.2636666666666665,19.53333333333333,0.7526666666666667,1.2656666666666667,-0.513
Australia,Ecuador,32.63333333333333,43.3,24.066666666666666,1-1,19.633333333333333,1-1,Draw,4.232333333333333,19.633333333333333,1.0843333333333334,0.9366666666666666,0.14766666666666672
Ecuador,Australia,24.066666666666666,43.3,32.63333333333333,1-1,19.633333333333333,1-1,Draw,4.232333333333333,19.633333333333333,0.9366666666666666,1.0843333333333334,-0.14766666666666672
Australia,Egypt,27.03333333333333,48.8,24.166666666666668,1-1,22.633333333333333,1-1,Draw,4.694,22.633333333333333,0.974,0.943,0.031000000000000028
Egypt,Australia,24.166666666666668,48.8,27.03333333333333,1-1,22.633333333333333,1-1,Draw,4.694,22.633333333333333,0.943,0.974,-0.031000000000000028
Australia,England,19.433333333333334,31.466666666666665,49.1,0-1,14.366666666666667,0-1,England win,3.9993333333333334,14.366666666666667,0.8346666666666667,1.4133333333333333,-0.5786666666666667
England,Australia,49.1,31.466666666666665,19.433333333333334,1-0,14.366666666666667,1-0,Australia win,3.9993333333333334,14.366666666666667,1.4133333333333333,0.8346666666666667,0.5786666666666667
Australia,France,10.566666666666666,36.199999999999996,53.233333333333334,1-1,16.433333333333334,0-1,France win,4.301,15.9,0.6713333333333333,1.4863333333333333,-0.815
France,Australia,53.233333333333334,36.199999999999996,10.566666666666666,1-1,16.433333333333334,1-0,Australia win,4.301,15.9,1.4863333333333333,0.6713333333333333,0.815
Australia,Germany,20.5,46.266666666666666,33.233333333333334,1-1,20.4,1-1,Draw,4.459333333333333,20.4,0.899,1.124,-0.2250000000000001
Germany,Australia,33.233333333333334,46.266666666666666,20.5,1-1,20.4,1-1,Draw,4.459333333333333,20.4,1.124,0.899,0.2250000000000001
Australia,Ghana,42.06666666666667,39.13333333333333,18.8,1-1,18.833333333333332,1-1,Draw,3.8966666666666665,18.833333333333332,1.2843333333333333,0.843,0.44133333333333336
Ghana,Australia,18.8,39.13333333333333,42.06666666666667,1-1,18.833333333333332,1-1,Draw,3.8966666666666665,18.833333333333332,0.843,1.2843333333333333,-0.44133333333333336
Australia,Haiti,54.166666666666664,35.56666666666667,10.266666666666667,1-1,16.933333333333334,1-0,Australia win,4.366333333333333,16.133333333333333,1.502,0.6753333333333333,0.8266666666666667
Haiti,Australia,10.266666666666667,35.56666666666667,54.166666666666664,1-1,16.933333333333334,0-1,Haiti win,4.366333333333333,16.133333333333333,0.6753333333333333,1.502,-0.8266666666666667
Australia,Iran,22.466666666666665,45.800000000000004,31.733333333333334,1-1,20.866666666666667,1-1,Draw,4.436333333333334,20.866666666666667,0.9043333333333333,1.074,-0.16966666666666674
Iran,Australia,31.733333333333334,45.800000000000004,22.466666666666665,1-1,20.866666666666667,1-1,Draw,4.436333333333334,20.866666666666667,1.074,0.9043333333333333,0.16966666666666674
Australia,Iraq,44.6,44.7,10.7,1-1,19.8,1-1,Draw,4.325333333333333,19.8,1.32,0.6986666666666667,0.6213333333333334
Iraq,Australia,10.7,44.7,44.6,1-1,19.8,1-1,Draw,4.325333333333333,19.8,0.6986666666666667,1.32,-0.6213333333333334
Australia,Ivory Coast,30.233333333333334,47.199999999999996,22.566666666666666,1-1,20.333333333333332,1-1,Draw,4.531333333333333,20.333333333333332,1.0536666666666668,0.9233333333333333,0.1303333333333334
Ivory Coast,Australia,22.566666666666666,47.199999999999996,30.233333333333334,1-1,20.333333333333332,1-1,Draw,4.531333333333333,20.333333333333332,0.9233333333333333,1.0536666666666668,-0.1303333333333334
Australia,Japan,15.733333333333333,46.300000000000004,37.96666666666667,1-1,20.533333333333335,1-1,Draw,4.455333333333333,20.533333333333335,0.792,1.1946666666666668,-0.40266666666666673
Japan,Australia,37.96666666666667,46.300000000000004,15.733333333333333,1-1,20.533333333333335,1-1,Draw,4.455333333333333,20.533333333333335,1.1946666666666668,0.792,0.40266666666666673
Australia,Jordan,50.83333333333333,38.13333333333333,11.033333333333333,1-1,16.933333333333334,1-0,Australia win,4.157333333333334,15.4,1.4366666666666668,0.6956666666666667,0.7410000000000001
Jordan,Australia,11.033333333333333,38.13333333333333,50.83333333333333,1-1,16.933333333333334,0-1,Jordan win,4.157333333333334,15.4,0.6956666666666667,1.4366666666666668,-0.7410000000000001
Australia,Mexico,18.566666666666666,40.36666666666667,41.06666666666667,1-1,18.9,1-1,Draw,3.9913333333333334,18.9,0.848,1.2556666666666667,-0.40766666666666673
Mexico,Australia,41.06666666666667,40.36666666666667,18.566666666666666,1-1,18.9,1-1,Draw,3.9913333333333334,18.9,1.2556666666666667,0.848,0.40766666666666673
Australia,Morocco,12.766666666666667,43.6,43.63333333333333,1-1,18.8,0-0,Draw,4.228,18.6,0.736,1.305,-0.569
Morocco,Australia,43.63333333333333,43.6,12.766666666666667,1-1,18.8,0-0,Draw,4.228,18.6,1.305,0.736,0.569
Australia,Netherlands,17.766666666666666,30.333333333333336,51.9,0-1,14.866666666666667,0-1,Netherlands win,4.178333333333334,14.866666666666667,0.7993333333333333,1.465,-0.6656666666666667
Netherlands,Australia,51.9,30.333333333333336,17.766666666666666,1-0,14.866666666666667,1-0,Australia win,4.178333333333334,14.866666666666667,1.465,0.7993333333333333,0.6656666666666667
Australia,New Zealand,34.5,47.86666666666667,17.633333333333333,1-1,21.4,1-1,Draw,4.589,21.4,1.1516666666666666,0.841,0.31066666666666665
New Zealand,Australia,17.633333333333333,47.86666666666667,34.5,1-1,21.4,1-1,Draw,4.589,21.4,0.841,1.1516666666666666,-0.31066666666666665
Australia,Norway,30.266666666666666,44.43333333333334,25.3,1-1,19.0,1-1,Draw,4.301666666666667,19.0,1.0443333333333333,0.955,0.08933333333333338
Norway,Australia,25.3,44.43333333333334,30.266666666666666,1-1,19.0,1-1,Draw,4.301666666666667,19.0,0.955,1.0443333333333333,-0.08933333333333338
Australia,Panama,28.566666666666666,48.66666666666667,22.766666666666666,1-1,21.233333333333334,1-1,Draw,4.658,21.233333333333334,1.0413333333333334,0.9493333333333334,0.09200000000000008
Panama,Australia,22.766666666666666,48.66666666666667,28.566666666666666,1-1,21.233333333333334,1-1,Draw,4.658,21.233333333333334,0.9493333333333334,1.0413333333333334,-0.09200000000000008
Australia,Paraguay,44.766666666666666,42.333333333333336,12.9,1-1,18.366666666666667,0-0,Draw,4.116,17.5,1.305,0.7346666666666667,0.5703333333333332
Paraguay,Australia,12.9,42.333333333333336,44.766666666666666,1-1,18.366666666666667,0-0,Draw,4.116,17.5,0.7346666666666667,1.305,-0.5703333333333332
Australia,Portugal,15.966666666666669,45.7,38.333333333333336,1-1,20.4,1-1,Draw,4.417,20.4,0.7936666666666666,1.1996666666666667,-0.406
Portugal,Australia,38.333333333333336,45.7,15.966666666666669,1-1,20.4,1-1,Draw,4.417,20.4,1.1996666666666667,0.7936666666666666,0.406
Australia,Qatar,48.93333333333334,39.96666666666667,11.1,1-1,18.099999999999998,1-0,Australia win,4.022333333333333,14.499999999999998,1.4026666666666667,0.683,0.7196666666666667
Qatar,Australia,11.1,39.96666666666667,48.93333333333334,1-1,18.099999999999998,0-1,Qatar win,4.022333333333333,14.499999999999998,0.683,1.4026666666666667,-0.7196666666666667
Australia,Saudi Arabia,41.96666666666667,47.03333333333333,11.0,1-1,21.633333333333333,1-1,Draw,4.536,21.633333333333333,1.2403333333333333,0.693,0.5473333333333333
Saudi Arabia,Australia,11.0,47.03333333333333,41.96666666666667,1-1,21.633333333333333,1-1,Draw,4.536,21.633333333333333,0.693,1.2403333333333333,-0.5473333333333333
Australia,Scotland,42.43333333333334,41.4,16.166666666666664,1-1,19.433333333333334,1-1,Draw,4.083666666666667,19.433333333333334,1.2663333333333333,0.8186666666666667,0.44766666666666666
Scotland,Australia,16.166666666666664,41.4,42.43333333333334,1-1,19.433333333333334,1-1,Draw,4.083666666666667,19.433333333333334,0.8186666666666667,1.2663333333333333,-0.44766666666666666
Australia,Senegal,19.03333333333333,44.03333333333334,36.93333333333334,1-1,20.266666666666666,1-1,Draw,4.281,20.266666666666666,0.852,1.1903333333333332,-0.33833333333333326
Senegal,Australia,36.93333333333334,44.03333333333334,19.03333333333333,1-1,20.266666666666666,1-1,Draw,4.281,20.266666666666666,1.1903333333333332,0.852,0.33833333333333326
Australia,South Africa,50.7,38.7,10.6,1-1,17.4,1-0,Australia win,4.1723333333333334,15.466666666666667,1.433,0.6963333333333334,0.7366666666666667
South Africa,Australia,10.6,38.7,50.7,1-1,17.4,0-1,South Africa win,4.1723333333333334,15.466666666666667,0.6963333333333334,1.433,-0.7366666666666667
Australia,South Korea,26.900000000000002,42.266666666666666,30.833333333333336,1-1,19.766666666666666,1-1,Draw,4.16,19.766666666666666,0.9886666666666667,1.052,-0.06333333333333335
South Korea,Australia,30.833333333333336,42.266666666666666,26.900000000000002,1-1,19.766666666666666,1-1,Draw,4.16,19.766666666666666,1.052,0.9886666666666667,0.06333333333333335
Australia,Spain,13.4,34.699999999999996,51.9,1-1,15.6,0-1,Spain win,4.175,15.133333333333333,0.744,1.4733333333333334,-0.7293333333333334
Spain,Australia,51.9,34.699999999999996,13.4,1-1,15.6,1-0,Australia win,4.175,15.133333333333333,1.4733333333333334,0.744,0.7293333333333334
Australia,Sweden,46.36666666666667,40.5,13.133333333333333,1-1,18.833333333333332,1-1,Draw,3.986666666666667,18.833333333333332,1.3546666666666667,0.732,0.6226666666666667
Sweden,Australia,13.133333333333333,40.5,46.36666666666667,1-1,18.833333333333332,1-1,Draw,3.986666666666667,18.833333333333332,0.732,1.3546666666666667,-0.6226666666666667
Australia,Switzerland,27.43333333333333,33.63333333333333,38.93333333333333,1-1,15.733333333333333,1-1,Draw,3.441333333333333,15.733333333333333,0.9723333333333334,1.1886666666666668,-0.21633333333333338
Switzerland,Australia,38.93333333333333,33.63333333333333,27.43333333333333,1-1,15.733333333333333,1-1,Draw,3.441333333333333,15.733333333333333,1.1886666666666668,0.9723333333333334,0.21633333333333338
Australia,Tunisia,41.53333333333333,46.2,12.266666666666666,1-1,20.333333333333332,1-1,Draw,4.446,20.333333333333332,1.2443333333333333,0.728,0.5163333333333333
Tunisia,Australia,12.266666666666666,46.2,41.53333333333333,1-1,20.333333333333332,1-1,Draw,4.446,20.333333333333332,0.728,1.2443333333333333,-0.5163333333333333
Australia,Turkey,29.666666666666668,45.9,24.433333333333334,1-1,21.066666666666666,1-1,Draw,4.449,21.066666666666666,1.0393333333333334,0.946,0.09333333333333349
Turkey,Australia,24.433333333333334,45.9,29.666666666666668,1-1,21.066666666666666,1-1,Draw,4.449,21.066666666666666,0.946,1.0393333333333334,-0.09333333333333349
Australia,United States,19.900000000000002,44.0,36.1,1-1,20.733333333333334,1-1,Draw,4.308333333333334,20.733333333333334,0.8766666666666667,1.162,-0.2853333333333332
United States,Australia,36.1,44.0,19.900000000000002,1-1,20.733333333333334,1-1,Draw,4.308333333333334,20.733333333333334,1.162,0.8766666666666667,0.2853333333333332
Australia,Uruguay,26.066666666666666,42.3,31.633333333333336,1-1,18.6,1-1,Draw,4.129666666666667,18.6,0.9856666666666667,1.073,-0.08733333333333326
Uruguay,Australia,31.633333333333336,42.3,26.066666666666666,1-1,18.6,1-1,Draw,4.129666666666667,18.6,1.073,0.9856666666666667,0.08733333333333326
Australia,Uzbekistan,39.03333333333333,46.6,14.366666666666667,1-1,21.566666666666666,1-1,Draw,4.503,21.566666666666666,1.1916666666666667,0.7536666666666667,0.43799999999999994
Uzbekistan,Australia,14.366666666666667,46.6,39.03333333333333,1-1,21.566666666666666,1-1,Draw,4.503,21.566666666666666,0.7536666666666667,1.1916666666666667,-0.43799999999999994
Austria,Belgium,16.6,41.833333333333336,41.56666666666667,1-1,19.166666666666668,1-1,Draw,4.109,19.166666666666668,0.799,1.2393333333333334,-0.44033333333333335
Belgium,Austria,41.56666666666667,41.833333333333336,16.6,1-1,19.166666666666668,1-1,Draw,4.109,19.166666666666668,1.2393333333333334,0.799,0.44033333333333335
Austria,Bosnia and Herzegovina,43.4,43.7,12.9,1-1,19.7,1-1,Draw,4.241333333333333,19.7,1.3186666666666667,0.752,0.5666666666666667
Bosnia and Herzegovina,Austria,12.9,43.7,43.4,1-1,19.7,1-1,Draw,4.241333333333333,19.7,0.752,1.3186666666666667,-0.5666666666666667
Austria,Brazil,16.766666666666666,37.46666666666666,45.766666666666666,1-1,17.2,0-1,Brazil win,3.812,13.833333333333334,0.788,1.3483333333333334,-0.5603333333333333
Brazil,Austria,45.766666666666666,37.46666666666666,16.766666666666666,1-1,17.2,1-0,Austria win,3.812,13.833333333333334,1.3483333333333334,0.788,0.5603333333333333
Austria,Canada,26.400000000000002,42.233333333333334,31.366666666666664,1-1,19.666666666666664,1-1,Draw,4.146,19.666666666666664,0.9823333333333333,1.098,-0.1156666666666668
Canada,Austria,31.366666666666664,42.233333333333334,26.400000000000002,1-1,19.666666666666664,1-1,Draw,4.146,19.666666666666664,1.098,0.9823333333333333,0.1156666666666668
Austria,Cape Verde,43.63333333333333,36.16666666666667,20.200000000000003,1-1,15.9,1-0,Austria win,3.7123333333333335,14.766666666666667,1.272,0.857,0.41500000000000004
Cape Verde,Austria,20.200000000000003,36.16666666666667,43.63333333333333,1-1,15.9,0-1,Cape Verde win,3.7123333333333335,14.766666666666667,0.857,1.272,-0.41500000000000004
Austria,Colombia,23.200000000000003,39.266666666666666,37.53333333333334,1-1,17.866666666666667,1-1,Draw,3.9006666666666665,17.866666666666667,0.9093333333333333,1.1843333333333332,-0.2749999999999999
Colombia,Austria,37.53333333333334,39.266666666666666,23.200000000000003,1-1,17.866666666666667,1-1,Draw,3.9006666666666665,17.866666666666667,1.1843333333333332,0.9093333333333333,0.2749999999999999
Austria,Croatia,13.4,43.53333333333333,43.06666666666666,1-1,19.766666666666666,1-1,Draw,4.237666666666667,19.766666666666666,0.7366666666666667,1.283,-0.5463333333333332
Croatia,Austria,43.06666666666666,43.53333333333333,13.4,1-1,19.766666666666666,1-1,Draw,4.237666666666667,19.766666666666666,1.283,0.7366666666666667,0.5463333333333332
Austria,Curaçao,46.6,38.3,15.1,1-1,17.666666666666668,1-0,Austria win,3.856,14.499999999999998,1.3993333333333333,0.7793333333333333,0.62
Curaçao,Austria,15.1,38.3,46.6,1-1,17.666666666666668,0-1,Curaçao win,3.856,14.499999999999998,0.7793333333333333,1.3993333333333333,-0.62
Austria,Czech Republic,40.86666666666667,41.86666666666667,17.266666666666666,1-1,19.366666666666667,1-1,Draw,4.112333333333333,19.366666666666667,1.2603333333333333,0.831,0.42933333333333334
Czech Republic,Austria,17.266666666666666,41.86666666666667,40.86666666666667,1-1,19.366666666666667,1-1,Draw,4.112333333333333,19.366666666666667,0.831,1.2603333333333333,-0.42933333333333334
Austria,DR Congo,36.96666666666666,46.766666666666666,16.266666666666666,1-1,20.866666666666667,1-1,Draw,4.502666666666666,20.866666666666667,1.1836666666666666,0.8036666666666666,0.38
DR Congo,Austria,16.266666666666666,46.766666666666666,36.96666666666666,1-1,20.866666666666667,1-1,Draw,4.502666666666666,20.866666666666667,0.8036666666666666,1.1836666666666666,-0.38
Austria,Ecuador,30.433333333333334,41.199999999999996,28.366666666666667,1-1,19.5,1-1,Draw,4.075333333333333,19.5,1.0453333333333332,1.017,0.02833333333333332
Ecuador,Austria,28.366666666666667,41.199999999999996,30.433333333333334,1-1,19.5,1-1,Draw,4.075333333333333,19.5,1.017,1.0453333333333332,-0.02833333333333332
Austria,Egypt,24.033333333333335,48.43333333333334,27.53333333333333,1-1,23.200000000000003,1-1,Draw,4.679666666666667,23.200000000000003,0.95,1.03,-0.08000000000000007
Egypt,Austria,27.53333333333333,48.43333333333334,24.033333333333335,1-1,23.200000000000003,1-1,Draw,4.679666666666667,23.200000000000003,1.03,0.95,0.08000000000000007
Austria,England,13.766666666666666,29.666666666666668,56.56666666666666,0-1,15.4,0-1,England win,4.457666666666666,15.4,0.726,1.5826666666666667,-0.8566666666666667
England,Austria,56.56666666666666,29.666666666666668,13.766666666666666,1-0,15.4,1-0,Austria win,4.457666666666666,15.4,1.5826666666666667,0.726,0.8566666666666667
Austria,France,8.933333333333334,36.3,54.766666666666666,0-0,15.733333333333333,0-1,France win,4.39,15.6,0.634,1.5006666666666666,-0.8666666666666666
France,Austria,54.766666666666666,36.3,8.933333333333334,0-0,15.733333333333333,1-0,Austria win,4.39,15.6,1.5006666666666666,0.634,0.8666666666666666
Austria,Germany,17.666666666666668,39.166666666666664,43.166666666666664,1-1,17.666666666666668,1-1,Draw,3.8756666666666666,17.666666666666668,0.8386666666666667,1.3056666666666668,-0.4670000000000001
Germany,Austria,43.166666666666664,39.166666666666664,17.666666666666668,1-1,17.666666666666668,1-1,Draw,3.8756666666666666,17.666666666666668,1.3056666666666668,0.8386666666666667,0.4670000000000001
Austria,Ghana,35.53333333333333,39.33333333333333,25.133333333333336,1-1,17.566666666666666,1-1,Draw,3.889,17.566666666666666,1.1473333333333333,0.9603333333333334,0.18699999999999994
Ghana,Austria,25.133333333333336,39.33333333333333,35.53333333333333,1-1,17.566666666666666,1-1,Draw,3.889,17.566666666666666,0.9603333333333334,1.1473333333333333,-0.18699999999999994
Austria,Haiti,48.233333333333334,37.8,13.966666666666667,1-1,17.533333333333335,1-0,Austria win,4.023333333333333,15.133333333333333,1.3663333333333334,0.74,0.6263333333333334
Haiti,Austria,13.966666666666667,37.8,48.233333333333334,1-1,17.533333333333335,0-1,Haiti win,4.023333333333333,15.133333333333333,0.74,1.3663333333333334,-0.6263333333333334
Austria,Iran,19.766666666666666,43.63333333333333,36.6,1-1,18.96666666666667,1-1,Draw,4.237,18.96666666666667,0.8803333333333333,1.1686666666666667,-0.28833333333333344
Iran,Austria,36.6,43.63333333333333,19.766666666666666,1-1,18.96666666666667,1-1,Draw,4.237,18.96666666666667,1.1686666666666667,0.8803333333333333,0.28833333333333344
Austria,Iraq,40.5,44.2,15.299999999999999,1-1,19.933333333333334,1-1,Draw,4.298666666666667,19.933333333333334,1.2383333333333333,0.7956666666666666,0.44266666666666665
Iraq,Austria,15.299999999999999,44.2,40.5,1-1,19.933333333333334,1-1,Draw,4.298666666666667,19.933333333333334,0.7956666666666666,1.2383333333333333,-0.44266666666666665
Austria,Ivory Coast,27.0,47.96666666666667,25.033333333333335,1-1,21.666666666666668,1-1,Draw,4.613666666666667,21.666666666666668,1.0043333333333333,0.971,0.033333333333333326
Ivory Coast,Austria,25.033333333333335,47.96666666666667,27.0,1-1,21.666666666666668,1-1,Draw,4.613666666666667,21.666666666666668,0.971,1.0043333333333333,-0.033333333333333326
Austria,Japan,14.433333333333334,40.46666666666667,45.1,1-1,18.866666666666667,1-1,Draw,3.989,18.866666666666667,0.7503333333333333,1.324,-0.5736666666666668
Japan,Austria,45.1,40.46666666666667,14.433333333333334,1-1,18.866666666666667,1-1,Draw,3.989,18.866666666666667,1.324,0.7503333333333333,0.5736666666666668
Austria,Jordan,51.13333333333333,33.86666666666667,15.0,1-1,15.4,1-0,Austria win,4.150333333333333,15.1,1.458,0.7816666666666666,0.6763333333333333
Jordan,Austria,15.0,33.86666666666667,51.13333333333333,1-1,15.4,0-1,Jordan win,4.150333333333333,15.1,0.7816666666666666,1.458,-0.6763333333333333
Austria,Mexico,15.233333333333333,38.0,46.766666666666666,1-1,17.8,0-1,Mexico win,3.888,14.866666666666667,0.7693333333333333,1.3546666666666667,-0.5853333333333334
Mexico,Austria,46.766666666666666,38.0,15.233333333333333,1-1,17.8,1-0,Austria win,3.888,14.866666666666667,1.3546666666666667,0.7693333333333333,0.5853333333333334
Austria,Morocco,10.166666666666666,41.36666666666667,48.46666666666667,1-1,19.03333333333333,1-1,Draw,4.048,19.03333333333333,0.6923333333333334,1.4206666666666667,-0.7283333333333334
Morocco,Austria,48.46666666666667,41.36666666666667,10.166666666666666,1-1,19.03333333333333,1-1,Draw,4.048,19.03333333333333,1.4206666666666667,0.6923333333333334,0.7283333333333334
Austria,Netherlands,14.933333333333335,28.499999999999996,56.56666666666666,0-1,15.366666666666667,0-1,Netherlands win,4.447666666666667,15.366666666666667,0.7353333333333333,1.5646666666666667,-0.8293333333333334
Netherlands,Austria,56.56666666666666,28.499999999999996,14.933333333333335,1-0,15.366666666666667,1-0,Austria win,4.447666666666667,15.366666666666667,1.5646666666666667,0.7353333333333333,0.8293333333333334
Austria,New Zealand,35.333333333333336,39.0,25.666666666666664,1-1,17.7,1-1,Draw,3.8673333333333333,17.7,1.1366666666666667,0.9603333333333334,0.17633333333333334
New Zealand,Austria,25.666666666666664,39.0,35.333333333333336,1-1,17.7,1-1,Draw,3.8673333333333333,17.7,0.9603333333333334,1.1366666666666667,-0.17633333333333334
Austria,Norway,24.366666666666667,44.266666666666666,31.366666666666664,1-1,19.7,1-1,Draw,4.314666666666667,19.7,0.934,1.0443333333333333,-0.11033333333333328
Norway,Austria,31.366666666666664,44.266666666666666,24.366666666666667,1-1,19.7,1-1,Draw,4.314666666666667,19.7,1.0443333333333333,0.934,0.11033333333333328
Austria,Panama,26.466666666666665,47.266666666666666,26.266666666666666,1-1,21.633333333333333,1-1,Draw,4.565666666666667,21.633333333333333,0.9803333333333333,0.985,-0.004666666666666708
Panama,Austria,26.266666666666666,47.266666666666666,26.466666666666665,1-1,21.633333333333333,1-1,Draw,4.565666666666667,21.633333333333333,0.985,0.9803333333333333,0.004666666666666708
Austria,Paraguay,41.8,42.833333333333336,15.366666666666667,1-1,19.466666666666665,1-1,Draw,4.181,19.466666666666665,1.2693333333333334,0.7773333333333333,0.4920000000000001
Paraguay,Austria,15.366666666666667,42.833333333333336,41.8,1-1,19.466666666666665,1-1,Draw,4.181,19.466666666666665,0.7773333333333333,1.2693333333333334,-0.4920000000000001
Austria,Portugal,10.9,38.6,50.5,1-1,17.0,0-1,Portugal win,4.195333333333333,16.6,0.6836666666666666,1.3896666666666666,-0.706
Portugal,Austria,50.5,38.6,10.9,1-1,17.0,1-0,Austria win,4.195333333333333,16.6,1.3896666666666666,0.6836666666666666,0.706
Austria,Qatar,41.699999999999996,43.06666666666666,15.233333333333333,1-1,19.666666666666664,1-1,Draw,4.193666666666667,19.666666666666664,1.2663333333333333,0.782,0.4843333333333333
Qatar,Austria,15.233333333333333,43.06666666666666,41.699999999999996,1-1,19.666666666666664,1-1,Draw,4.193666666666667,19.666666666666664,0.782,1.2663333333333333,-0.4843333333333333
Austria,Saudi Arabia,41.733333333333334,43.2,15.066666666666666,1-1,20.366666666666667,1-1,Draw,4.236,20.366666666666667,1.2613333333333334,0.7863333333333333,0.4750000000000001
Saudi Arabia,Austria,15.066666666666666,43.2,41.733333333333334,1-1,20.366666666666667,1-1,Draw,4.236,20.366666666666667,0.7863333333333333,1.2613333333333334,-0.4750000000000001
Austria,Scotland,33.03333333333333,43.3,23.666666666666668,1-1,19.366666666666667,1-1,Draw,4.218666666666667,19.366666666666667,1.113,0.9613333333333334,0.15166666666666662
Scotland,Austria,23.666666666666668,43.3,33.03333333333333,1-1,19.366666666666667,1-1,Draw,4.218666666666667,19.366666666666667,0.9613333333333334,1.113,-0.15166666666666662
Austria,Senegal,14.966666666666667,41.699999999999996,43.333333333333336,1-1,18.5,1-1,Draw,4.075,18.5,0.767,1.2806666666666666,-0.5136666666666666
Senegal,Austria,43.333333333333336,41.699999999999996,14.966666666666667,1-1,18.5,1-1,Draw,4.075,18.5,1.2806666666666666,0.767,0.5136666666666666
Austria,South Africa,47.8,38.9,13.3,1-1,17.233333333333334,1-0,Austria win,3.962,14.233333333333334,1.3683333333333334,0.7326666666666667,0.6356666666666667
South Africa,Austria,13.3,38.9,47.8,1-1,17.233333333333334,0-1,South Africa win,3.962,14.233333333333334,0.7326666666666667,1.3683333333333334,-0.6356666666666667
Austria,South Korea,18.566666666666666,46.166666666666664,35.266666666666666,1-1,20.433333333333334,1-1,Draw,4.453333333333333,20.433333333333334,0.8346666666666667,1.14,-0.30533333333333323
South Korea,Austria,35.266666666666666,46.166666666666664,18.566666666666666,1-1,20.433333333333334,1-1,Draw,4.453333333333333,20.433333333333334,1.14,0.8346666666666667,0.30533333333333323
Austria,Spain,10.6,42.43333333333334,46.96666666666667,1-1,19.400000000000002,1-1,Draw,4.151,19.400000000000002,0.7106666666666667,1.3563333333333334,-0.6456666666666667
Spain,Austria,46.96666666666667,42.43333333333334,10.6,1-1,19.400000000000002,1-1,Draw,4.151,19.400000000000002,1.3563333333333334,0.7106666666666667,0.6456666666666667
Austria,Sweden,40.93333333333333,45.03333333333333,14.033333333333333,1-1,19.8,0-0,Draw,4.3486666666666665,19.066666666666666,1.2476666666666667,0.744,0.5036666666666667
Sweden,Austria,14.033333333333333,45.03333333333333,40.93333333333333,1-1,19.8,0-0,Draw,4.3486666666666665,19.066666666666666,0.744,1.2476666666666667,-0.5036666666666667
Austria,Switzerland,19.766666666666666,33.766666666666666,46.46666666666667,1-1,14.799999999999999,0-1,Switzerland win,3.852333333333333,14.333333333333334,0.8593333333333333,1.3623333333333334,-0.5030000000000001
Switzerland,Austria,46.46666666666667,33.766666666666666,19.766666666666666,1-1,14.799999999999999,1-0,Austria win,3.852333333333333,14.333333333333334,1.3623333333333334,0.8593333333333333,0.5030000000000001
Austria,Tunisia,38.86666666666667,48.06666666666667,13.066666666666665,1-1,21.96666666666667,1-1,Draw,4.607333333333333,21.96666666666667,1.23,0.7653333333333333,0.4646666666666667
Tunisia,Austria,13.066666666666665,48.06666666666667,38.86666666666667,1-1,21.96666666666667,1-1,Draw,4.607333333333333,21.96666666666667,0.7653333333333333,1.23,-0.4646666666666667
Austria,Turkey,27.400000000000002,43.43333333333334,29.166666666666668,1-1,19.466666666666665,1-1,Draw,4.228666666666666,19.466666666666665,0.9996666666666667,1.024,-0.024333333333333318
Turkey,Austria,29.166666666666668,43.43333333333334,27.400000000000002,1-1,19.466666666666665,1-1,Draw,4.228666666666666,19.466666666666665,1.024,0.9996666666666667,0.024333333333333318
Austria,United States,16.7,40.43333333333333,42.86666666666667,1-1,18.8,1-1,Draw,3.9873333333333334,18.8,0.8113333333333334,1.2906666666666666,-0.4793333333333333
United States,Austria,42.86666666666667,40.43333333333333,16.7,1-1,18.8,1-1,Draw,3.9873333333333334,18.8,1.2906666666666666,0.8113333333333334,0.4793333333333333
Austria,Uruguay,20.833333333333336,39.33333333333333,39.83333333333333,1-1,18.433333333333334,1-1,Draw,3.898,18.433333333333334,0.8803333333333333,1.2553333333333334,-0.3750000000000001
Uruguay,Austria,39.83333333333333,39.33333333333333,20.833333333333336,1-1,18.433333333333334,1-1,Draw,3.898,18.433333333333334,1.2553333333333334,0.8803333333333333,0.3750000000000001
Austria,Uzbekistan,38.03333333333334,43.2,18.76666666666667,1-1,19.03333333333333,1-1,Draw,4.199666666666666,19.03333333333333,1.192,0.8376666666666667,0.3543333333333333
Uzbekistan,Austria,18.76666666666667,43.2,38.03333333333334,1-1,19.03333333333333,1-1,Draw,4.199666666666666,19.03333333333333,0.8376666666666667,1.192,-0.3543333333333333
Belgium,Bosnia and Herzegovina,57.9,35.13333333333333,6.966666666666667,1-0,15.5,1-0,Belgium win,4.572333333333333,15.5,1.5903333333333334,0.6163333333333333,0.9740000000000001
Bosnia and Herzegovina,Belgium,6.966666666666667,35.13333333333333,57.9,0-1,15.5,0-1,Bosnia and Herzegovina win,4.572333333333333,15.5,0.6163333333333333,1.5903333333333334,-0.9740000000000001
Belgium,Brazil,27.46666666666667,43.166666666666664,29.366666666666667,1-1,19.400000000000002,1-1,Draw,4.215,19.400000000000002,1.0196666666666667,1.048,-0.02833333333333332
Brazil,Belgium,29.366666666666667,43.166666666666664,27.46666666666667,1-1,19.400000000000002,1-1,Draw,4.215,19.400000000000002,1.048,1.0196666666666667,0.02833333333333332
Belgium,Canada,45.33333333333333,37.5,17.166666666666668,1-1,16.666666666666664,1-0,Belgium win,3.783,13.866666666666665,1.3233333333333333,0.7866666666666666,0.5366666666666666
Canada,Belgium,17.166666666666668,37.5,45.33333333333333,1-1,16.666666666666664,0-1,Canada win,3.783,13.866666666666665,0.7866666666666666,1.3233333333333333,-0.5366666666666666
Belgium,Cape Verde,58.8,28.666666666666668,12.533333333333333,1-0,15.733333333333333,1-0,Belgium win,4.594666666666667,15.733333333333333,1.6073333333333333,0.7086666666666667,0.8986666666666666
Cape Verde,Belgium,12.533333333333333,28.666666666666668,58.8,0-1,15.733333333333333,0-1,Cape Verde win,4.594666666666667,15.733333333333333,0.7086666666666667,1.6073333333333333,-0.8986666666666666
Belgium,Colombia,35.4,45.300000000000004,19.3,1-1,21.866666666666667,1-1,Draw,4.417,21.866666666666667,1.1726666666666667,0.8646666666666667,0.30800000000000005
Colombia,Belgium,19.3,45.300000000000004,35.4,1-1,21.866666666666667,1-1,Draw,4.417,21.866666666666667,0.8646666666666667,1.1726666666666667,-0.30800000000000005
Belgium,Croatia,29.933333333333334,45.1,24.96666666666667,1-1,20.5,1-1,Draw,4.379333333333333,20.5,1.046,0.9533333333333334,0.09266666666666667
Croatia,Belgium,24.96666666666667,45.1,29.933333333333334,1-1,20.5,1-1,Draw,4.379333333333333,20.5,0.9533333333333334,1.046,-0.09266666666666667
Belgium,Curaçao,67.5,25.333333333333336,7.166666666666667,1-0,17.5,1-0,Belgium win,5.118333333333333,17.5,1.809,0.5793333333333334,1.2296666666666667
Curaçao,Belgium,7.166666666666667,25.333333333333336,67.5,0-1,17.5,0-1,Curaçao win,5.118333333333333,17.5,0.5793333333333334,1.809,-1.2296666666666667
Belgium,Czech Republic,51.733333333333334,38.6,9.666666666666666,1-1,17.066666666666666,1-0,Belgium win,4.262666666666667,16.433333333333334,1.433,0.6476666666666666,0.7853333333333334
Czech Republic,Belgium,9.666666666666666,38.6,51.733333333333334,1-1,17.066666666666666,0-1,Czech Republic win,4.262666666666667,16.433333333333334,0.6476666666666666,1.433,-0.7853333333333334
Belgium,DR Congo,55.46666666666666,34.0,10.533333333333333,1-0,15.4,1-0,Belgium win,4.417333333333334,15.4,1.5543333333333333,0.703,0.8513333333333334
DR Congo,Belgium,10.533333333333333,34.0,55.46666666666666,0-1,15.4,0-1,DR Congo win,4.417333333333334,15.4,0.703,1.5543333333333333,-0.8513333333333334
Belgium,Ecuador,52.2,36.93333333333334,10.866666666666665,1-1,18.333333333333332,1-0,Belgium win,4.222666666666667,15.166666666666668,1.494,0.693,0.801
Ecuador,Belgium,10.866666666666665,36.93333333333334,52.2,1-1,18.333333333333332,0-1,Ecuador win,4.222666666666667,15.166666666666668,0.693,1.494,-0.801
Belgium,Egypt,48.43333333333334,36.8,14.766666666666667,1-1,17.433333333333334,1-0,Belgium win,3.9873333333333334,14.899999999999999,1.4006666666666667,0.767,0.6336666666666667
Egypt,Belgium,14.766666666666667,36.8,48.43333333333334,1-1,17.433333333333334,0-1,Egypt win,3.9873333333333334,14.899999999999999,0.767,1.4006666666666667,-0.6336666666666667
Belgium,England,18.6,29.799999999999997,51.6,0-1,15.533333333333331,0-1,England win,4.184333333333333,15.533333333333331,0.8253333333333334,1.449,-0.6236666666666667
England,Belgium,51.6,29.799999999999997,18.6,1-0,15.533333333333331,1-0,Belgium win,4.184333333333333,15.533333333333331,1.449,0.8253333333333334,0.6236666666666667
Belgium,France,14.233333333333334,39.56666666666667,46.2,1-1,18.4,1-1,Draw,3.911,18.4,0.7416666666666667,1.351,-0.6093333333333333
France,Belgium,46.2,39.56666666666667,14.233333333333334,1-1,18.4,1-1,Draw,3.911,18.4,1.351,0.7416666666666667,0.6093333333333333
Belgium,Germany,25.5,50.3,24.2,1-1,23.133333333333333,1-1,Draw,4.812666666666667,23.133333333333333,0.982,0.972,0.010000000000000009
Germany,Belgium,24.2,50.3,25.5,1-1,23.133333333333333,1-1,Draw,4.812666666666667,23.133333333333333,0.972,0.982,-0.010000000000000009
Belgium,Ghana,51.53333333333333,32.7,15.766666666666667,1-0,15.2,1-0,Belgium win,4.169,15.2,1.467,0.7593333333333333,0.7076666666666668
Ghana,Belgium,15.766666666666667,32.7,51.53333333333333,0-1,15.2,0-1,Ghana win,4.169,15.2,0.7593333333333333,1.467,-0.7076666666666668
Belgium,Haiti,66.2,27.333333333333332,6.466666666666667,1-0,18.866666666666667,1-0,Belgium win,5.096,18.866666666666667,1.7183333333333333,0.5436666666666666,1.1746666666666665
Haiti,Belgium,6.466666666666667,27.333333333333332,66.2,0-1,18.866666666666667,0-1,Haiti win,5.096,18.866666666666667,0.5436666666666666,1.7183333333333333,-1.1746666666666665
Belgium,Iran,44.4,41.099999999999994,14.499999999999998,1-1,19.53333333333333,1-1,Draw,4.044,19.53333333333333,1.3263333333333334,0.759,0.5673333333333334
Iran,Belgium,14.499999999999998,41.099999999999994,44.4,1-1,19.53333333333333,1-1,Draw,4.044,19.53333333333333,0.759,1.3263333333333334,-0.5673333333333334
Belgium,Iraq,58.4,33.233333333333334,8.366666666666667,1-0,17.2,1-0,Belgium win,4.645333333333333,17.2,1.581,0.624,0.957
Iraq,Belgium,8.366666666666667,33.233333333333334,58.4,0-1,17.2,0-1,Iraq win,4.645333333333333,17.2,0.624,1.581,-0.957
Belgium,Ivory Coast,51.366666666666674,34.63333333333333,14.000000000000002,1-0,15.733333333333333,1-0,Belgium win,4.1723333333333334,15.733333333333333,1.4473333333333334,0.7406666666666667,0.7066666666666667
Ivory Coast,Belgium,14.000000000000002,34.63333333333333,51.366666666666674,0-1,15.733333333333333,0-1,Ivory Coast win,4.1723333333333334,15.733333333333333,0.7406666666666667,1.4473333333333334,-0.7066666666666667
Belgium,Japan,31.533333333333335,47.266666666666666,21.2,1-1,21.333333333333336,1-1,Draw,4.554666666666667,21.333333333333336,1.079,0.8946666666666667,0.18433333333333324
Japan,Belgium,21.2,47.266666666666666,31.533333333333335,1-1,21.333333333333336,1-1,Draw,4.554666666666667,21.333333333333336,0.8946666666666667,1.079,-0.18433333333333324
Belgium,Jordan,63.16666666666667,28.233333333333334,8.6,1-0,17.766666666666666,1-0,Belgium win,4.908333333333333,17.766666666666666,1.696,0.6066666666666667,1.0893333333333333
Jordan,Belgium,8.6,28.233333333333334,63.16666666666667,0-1,17.766666666666666,0-1,Jordan win,4.908333333333333,17.766666666666666,0.6066666666666667,1.696,-1.0893333333333333
Belgium,Mexico,35.03333333333333,43.166666666666664,21.8,1-1,20.033333333333335,1-1,Draw,4.225333333333333,20.033333333333335,1.164,0.915,0.2489999999999999
Mexico,Belgium,21.8,43.166666666666664,35.03333333333333,1-1,20.033333333333335,1-1,Draw,4.225333333333333,20.033333333333335,0.915,1.164,-0.2489999999999999
Belgium,Morocco,18.833333333333332,46.666666666666664,34.5,1-1,19.966666666666665,1-1,Draw,4.487,19.966666666666665,0.8453333333333334,1.122,-0.2766666666666667
Morocco,Belgium,34.5,46.666666666666664,18.833333333333332,1-1,19.966666666666665,1-1,Draw,4.487,19.966666666666665,1.122,0.8453333333333334,0.2766666666666667
Belgium,Netherlands,26.8,40.86666666666667,32.33333333333333,1-1,19.2,1-1,Draw,4.0296666666666665,19.2,1.0023333333333333,1.107,-0.10466666666666669
Netherlands,Belgium,32.33333333333333,40.86666666666667,26.8,1-1,19.2,1-1,Draw,4.0296666666666665,19.2,1.107,1.0023333333333333,0.10466666666666669
Belgium,New Zealand,50.7,33.96666666666667,15.333333333333332,1-1,15.299999999999999,1-0,Belgium win,4.119666666666666,15.233333333333333,1.4373333333333334,0.772,0.6653333333333333
New Zealand,Belgium,15.333333333333332,33.96666666666667,50.7,1-1,15.299999999999999,0-1,New Zealand win,4.119666666666666,15.233333333333333,0.772,1.4373333333333334,-0.6653333333333333
Belgium,Norway,49.8,33.2,17.0,1-1,15.2,1-0,Belgium win,4.091333333333333,15.133333333333333,1.395,0.781,0.614
Norway,Belgium,17.0,33.2,49.8,1-1,15.2,0-1,Norway win,4.091333333333333,15.133333333333333,0.781,1.395,-0.614
Belgium,Panama,49.6,36.3,14.099999999999998,1-1,16.3,1-0,Belgium win,4.046,14.033333333333333,1.423,0.748,0.675
Panama,Belgium,14.099999999999998,36.3,49.6,1-1,16.3,0-1,Panama win,4.046,14.033333333333333,0.748,1.423,-0.675
Belgium,Paraguay,61.633333333333326,28.799999999999997,9.566666666666666,1-0,17.933333333333334,1-0,Belgium win,4.849,17.933333333333334,1.6293333333333333,0.6216666666666667,1.0076666666666667
Paraguay,Belgium,9.566666666666666,28.799999999999997,61.633333333333326,0-1,17.933333333333334,0-1,Paraguay win,4.849,17.933333333333334,0.6216666666666667,1.6293333333333333,-1.0076666666666667
Belgium,Portugal,19.1,45.166666666666664,35.733333333333334,1-1,20.833333333333336,1-1,Draw,4.375666666666667,20.833333333333336,0.8776666666666667,1.1786666666666668,-0.30100000000000005
Portugal,Belgium,35.733333333333334,45.166666666666664,19.1,1-1,20.833333333333336,1-1,Draw,4.375666666666667,20.833333333333336,1.1786666666666668,0.8776666666666667,0.30100000000000005
Belgium,Qatar,61.53333333333333,28.999999999999996,9.466666666666667,1-0,16.866666666666667,1-0,Belgium win,4.804333333333333,16.866666666666667,1.6636666666666666,0.6463333333333333,1.0173333333333332
Qatar,Belgium,9.466666666666667,28.999999999999996,61.53333333333333,0-1,16.866666666666667,0-1,Qatar win,4.804333333333333,16.866666666666667,0.6463333333333333,1.6636666666666666,-1.0173333333333332
Belgium,Saudi Arabia,59.266666666666666,30.9,9.833333333333332,1-0,17.233333333333334,1-0,Belgium win,4.6866666666666665,17.233333333333334,1.5896666666666666,0.6356666666666667,0.9539999999999998
Saudi Arabia,Belgium,9.833333333333332,30.9,59.266666666666666,0-1,17.233333333333334,0-1,Saudi Arabia win,4.6866666666666665,17.233333333333334,0.6356666666666667,1.5896666666666666,-0.9539999999999998
Belgium,Scotland,57.13333333333333,33.13333333333333,9.733333333333333,1-1,15.7,1-0,Belgium win,4.503666666666667,15.633333333333333,1.551,0.657,0.8939999999999999
Scotland,Belgium,9.733333333333333,33.13333333333333,57.13333333333333,1-1,15.7,0-1,Scotland win,4.503666666666667,15.633333333333333,0.657,1.551,-0.8939999999999999
Belgium,Senegal,28.166666666666668,48.63333333333333,23.200000000000003,1-1,22.6,1-1,Draw,4.688,22.6,1.0256666666666667,0.935,0.09066666666666667
Senegal,Belgium,23.200000000000003,48.63333333333333,28.166666666666668,1-1,22.6,1-1,Draw,4.688,22.6,0.935,1.0256666666666667,-0.09066666666666667
Belgium,South Africa,60.83333333333333,30.466666666666665,8.7,1-0,17.166666666666668,1-0,Belgium win,4.773,17.166666666666668,1.6383333333333334,0.614,1.0243333333333333
South Africa,Belgium,8.7,30.466666666666665,60.83333333333333,0-1,17.166666666666668,0-1,South Africa win,4.773,17.166666666666668,0.614,1.6383333333333334,-1.0243333333333333
Belgium,South Korea,42.36666666666667,44.0,13.633333333333333,1-1,20.233333333333334,1-1,Draw,4.280666666666667,20.233333333333334,1.2743333333333333,0.746,0.5283333333333333
South Korea,Belgium,13.633333333333333,44.0,42.36666666666667,1-1,20.233333333333334,1-1,Draw,4.280666666666667,20.233333333333334,0.746,1.2743333333333333,-0.5283333333333333
Belgium,Spain,15.666666666666668,40.166666666666664,44.166666666666664,1-1,19.0,1-1,Draw,3.9726666666666666,19.0,0.778,1.3216666666666668,-0.5436666666666667
Spain,Belgium,44.166666666666664,40.166666666666664,15.666666666666668,1-1,19.0,1-1,Draw,3.9726666666666666,19.0,1.3216666666666668,0.778,0.5436666666666667
Belgium,Sweden,62.7,29.333333333333332,7.966666666666667,1-0,16.266666666666666,1-0,Belgium win,4.823666666666667,16.266666666666666,1.7206666666666666,0.6093333333333333,1.1113333333333333
Sweden,Belgium,7.966666666666667,29.333333333333332,62.7,0-1,16.266666666666666,0-1,Sweden win,4.823666666666667,16.266666666666666,0.6093333333333333,1.7206666666666666,-1.1113333333333333
Belgium,Switzerland,41.6,39.6,18.8,1-1,17.96666666666667,1-1,Draw,3.92,17.96666666666667,1.2803333333333333,0.842,0.43833333333333335
Switzerland,Belgium,18.8,39.6,41.6,1-1,17.96666666666667,1-1,Draw,3.92,17.96666666666667,0.842,1.2803333333333333,-0.43833333333333335
Belgium,Tunisia,55.96666666666666,34.4,9.633333333333335,1-0,16.966666666666665,1-0,Belgium win,4.504333333333333,16.966666666666665,1.5116666666666667,0.6593333333333333,0.8523333333333334
Tunisia,Belgium,9.633333333333335,34.4,55.96666666666666,0-1,16.966666666666665,0-1,Tunisia win,4.504333333333333,16.966666666666665,0.6593333333333333,1.5116666666666667,-0.8523333333333334
Belgium,Turkey,54.166666666666664,34.93333333333333,10.9,1-1,16.2,1-0,Belgium win,4.323666666666667,14.766666666666667,1.5063333333333333,0.698,0.8083333333333333
Turkey,Belgium,10.9,34.93333333333333,54.166666666666664,1-1,16.2,0-1,Turkey win,4.323666666666667,14.766666666666667,0.698,1.5063333333333333,-0.8083333333333333
Belgium,United States,31.433333333333337,48.16666666666667,20.4,1-1,22.566666666666666,1-1,Draw,4.652,22.566666666666666,1.065,0.8713333333333333,0.19366666666666665
United States,Belgium,20.4,48.16666666666667,31.433333333333337,1-1,22.566666666666666,1-1,Draw,4.652,22.566666666666666,0.8713333333333333,1.065,-0.19366666666666665
Belgium,Uruguay,40.2,42.13333333333333,17.666666666666668,1-1,18.76666666666667,1-1,Draw,4.125333333333334,18.76666666666667,1.2153333333333334,0.8023333333333333,0.41300000000000003
Uruguay,Belgium,17.666666666666668,42.13333333333333,40.2,1-1,18.76666666666667,1-1,Draw,4.125333333333334,18.76666666666667,0.8023333333333333,1.2153333333333334,-0.41300000000000003
Belgium,Uzbekistan,52.733333333333334,32.7,14.566666666666666,1-0,15.2,1-0,Belgium win,4.2556666666666665,15.2,1.469,0.762,0.7070000000000001
Uzbekistan,Belgium,14.566666666666666,32.7,52.733333333333334,0-1,15.2,0-1,Uzbekistan win,4.2556666666666665,15.2,0.762,1.469,-0.7070000000000001
Bosnia and Herzegovina,Brazil,9.733333333333333,31.133333333333336,59.13333333333334,0-1,16.966666666666665,0-1,Brazil win,4.67,16.966666666666665,0.6423333333333333,1.59,-0.9476666666666668
Brazil,Bosnia and Herzegovina,59.13333333333334,31.133333333333336,9.733333333333333,1-0,16.966666666666665,1-0,Bosnia and Herzegovina win,4.67,16.966666666666665,1.59,0.6423333333333333,0.9476666666666668
Bosnia and Herzegovina,Canada,11.766666666666667,28.4,59.833333333333336,0-1,16.866666666666667,0-1,Canada win,4.688666666666666,16.866666666666667,0.6786666666666666,1.6186666666666667,-0.9400000000000001
Canada,Bosnia and Herzegovina,59.833333333333336,28.4,11.766666666666667,1-0,16.866666666666667,1-0,Bosnia and Herzegovina win,4.688666666666666,16.866666666666667,1.6186666666666667,0.6786666666666666,0.9400000000000001
Bosnia and Herzegovina,Cape Verde,24.266666666666666,39.36666666666667,36.36666666666667,1-1,17.833333333333336,1-1,Draw,3.895,17.833333333333336,0.9303333333333333,1.1593333333333333,-0.22899999999999998
Cape Verde,Bosnia and Herzegovina,36.36666666666667,39.36666666666667,24.266666666666666,1-1,17.833333333333336,1-1,Draw,3.895,17.833333333333336,1.1593333333333333,0.9303333333333333,0.22899999999999998
Bosnia and Herzegovina,Colombia,12.933333333333334,37.03333333333333,50.03333333333333,1-1,16.53333333333333,0-1,Colombia win,4.137,15.9,0.7236666666666667,1.4076666666666666,-0.6839999999999999
Colombia,Bosnia and Herzegovina,50.03333333333333,37.03333333333333,12.933333333333334,1-1,16.53333333333333,1-0,Bosnia and Herzegovina win,4.137,15.9,1.4076666666666666,0.7236666666666667,0.6839999999999999
Bosnia and Herzegovina,Croatia,9.266666666666666,35.699999999999996,55.03333333333333,0-1,16.133333333333333,0-1,Croatia win,4.408,16.133333333333333,0.6516666666666666,1.5193333333333334,-0.8676666666666668
Croatia,Bosnia and Herzegovina,55.03333333333333,35.699999999999996,9.266666666666666,1-0,16.133333333333333,1-0,Bosnia and Herzegovina win,4.408,16.133333333333333,1.5193333333333334,0.6516666666666666,0.8676666666666668
Bosnia and Herzegovina,Curaçao,34.66666666666667,43.833333333333336,21.5,1-1,20.133333333333333,1-1,Draw,4.273333333333333,20.133333333333333,1.1676666666666666,0.9136666666666666,0.254
Curaçao,Bosnia and Herzegovina,21.5,43.833333333333336,34.66666666666667,1-1,20.133333333333333,1-1,Draw,4.273333333333333,20.133333333333333,0.9136666666666666,1.1676666666666666,-0.254
Bosnia and Herzegovina,Czech Republic,18.099999999999998,37.6,44.3,1-1,17.8,1-1,Draw,3.7623333333333333,17.8,0.8336666666666667,1.307,-0.4733333333333333
Czech Republic,Bosnia and Herzegovina,44.3,37.6,18.099999999999998,1-1,17.8,1-1,Draw,3.7623333333333333,17.8,1.307,0.8336666666666667,0.4733333333333333
Bosnia and Herzegovina,DR Congo,17.233333333333334,41.63333333333333,41.13333333333333,1-1,19.766666666666666,1-1,Draw,4.108,19.766666666666666,0.8123333333333334,1.2486666666666666,-0.43633333333333324
DR Congo,Bosnia and Herzegovina,41.13333333333333,41.63333333333333,17.233333333333334,1-1,19.766666666666666,1-1,Draw,4.108,19.766666666666666,1.2486666666666666,0.8123333333333334,0.43633333333333324
Bosnia and Herzegovina,Ecuador,16.03333333333333,37.233333333333334,46.733333333333334,1-1,16.966666666666665,0-1,Ecuador win,3.8633333333333333,14.2,0.7893333333333333,1.3763333333333334,-0.5870000000000001
Ecuador,Bosnia and Herzegovina,46.733333333333334,37.233333333333334,16.03333333333333,1-1,16.966666666666665,1-0,Bosnia and Herzegovina win,3.8633333333333333,14.2,1.3763333333333334,0.7893333333333333,0.5870000000000001
Bosnia and Herzegovina,Egypt,10.466666666666667,39.53333333333333,50.0,1-1,18.7,0-1,Egypt win,4.173,15.8,0.6803333333333333,1.397,-0.7166666666666667
Egypt,Bosnia and Herzegovina,50.0,39.53333333333333,10.466666666666667,1-1,18.7,1-0,Bosnia and Herzegovina win,4.173,15.8,1.397,0.6803333333333333,0.7166666666666667
Bosnia and Herzegovina,England,7.233333333333333,27.03333333333333,65.73333333333333,0-1,18.033333333333335,0-1,England win,5.07,18.033333333333335,0.557,1.7143333333333333,-1.1573333333333333
England,Bosnia and Herzegovina,65.73333333333333,27.03333333333333,7.233333333333333,1-0,18.033333333333335,1-0,Bosnia and Herzegovina win,5.07,18.033333333333335,1.7143333333333333,0.557,1.1573333333333333
Bosnia and Herzegovina,France,5.633333333333333,35.16666666666667,59.199999999999996,0-1,17.166666666666668,0-1,France win,4.681666666666667,17.166666666666668,0.5923333333333334,1.6276666666666666,-1.0353333333333332
France,Bosnia and Herzegovina,59.199999999999996,35.16666666666667,5.633333333333333,1-0,17.166666666666668,1-0,Bosnia and Herzegovina win,4.681666666666667,17.166666666666668,1.6276666666666666,0.5923333333333334,1.0353333333333332
Bosnia and Herzegovina,Germany,9.833333333333332,38.2,51.96666666666667,1-1,16.966666666666665,0-1,Germany win,4.248,15.333333333333332,0.6643333333333333,1.4553333333333334,-0.791
Germany,Bosnia and Herzegovina,51.96666666666667,38.2,9.833333333333332,1-1,16.966666666666665,1-0,Bosnia and Herzegovina win,4.248,15.333333333333332,1.4553333333333334,0.6643333333333333,0.791
Bosnia and Herzegovina,Ghana,19.233333333333334,40.0,40.766666666666666,1-1,18.0,1-1,Draw,3.961333333333333,18.0,0.851,1.2183333333333333,-0.3673333333333333
Ghana,Bosnia and Herzegovina,40.766666666666666,40.0,19.233333333333334,1-1,18.0,1-1,Draw,3.961333333333333,18.0,1.2183333333333333,0.851,0.3673333333333333
Bosnia and Herzegovina,Haiti,36.96666666666666,41.699999999999996,21.333333333333336,1-1,19.400000000000002,1-1,Draw,4.109,19.400000000000002,1.175,0.881,0.29400000000000004
Haiti,Bosnia and Herzegovina,21.333333333333336,41.699999999999996,36.96666666666666,1-1,19.400000000000002,1-1,Draw,4.109,19.400000000000002,0.881,1.175,-0.29400000000000004
Bosnia and Herzegovina,Iran,12.033333333333333,37.2,50.76666666666667,1-1,16.633333333333333,0-1,Iran win,4.1593333333333335,15.566666666666668,0.695,1.4043333333333334,-0.7093333333333335
Iran,Bosnia and Herzegovina,50.76666666666667,37.2,12.033333333333333,1-1,16.633333333333333,1-0,Bosnia and Herzegovina win,4.1593333333333335,15.566666666666668,1.4043333333333334,0.695,0.7093333333333335
Bosnia and Herzegovina,Iraq,19.3,39.6,41.099999999999994,1-1,18.033333333333335,1-1,Draw,3.929333333333333,18.033333333333335,0.8456666666666667,1.2483333333333333,-0.4026666666666666
Iraq,Bosnia and Herzegovina,41.099999999999994,39.6,19.3,1-1,18.033333333333335,1-1,Draw,3.929333333333333,18.033333333333335,1.2483333333333333,0.8456666666666667,0.4026666666666666
Bosnia and Herzegovina,Ivory Coast,12.266666666666666,40.666666666666664,47.06666666666667,1-1,18.566666666666666,1-1,Draw,3.993333333333333,18.566666666666666,0.74,1.3816666666666666,-0.6416666666666666
Ivory Coast,Bosnia and Herzegovina,47.06666666666667,40.666666666666664,12.266666666666666,1-1,18.566666666666666,1-1,Draw,3.993333333333333,18.566666666666666,1.3816666666666666,0.74,0.6416666666666666
Bosnia and Herzegovina,Japan,7.666666666666666,37.8,54.53333333333333,1-1,16.866666666666667,0-1,Japan win,4.397333333333333,15.666666666666668,0.6396666666666667,1.5053333333333334,-0.8656666666666667
Japan,Bosnia and Herzegovina,54.53333333333333,37.8,7.666666666666666,1-1,16.866666666666667,1-0,Bosnia and Herzegovina win,4.397333333333333,15.666666666666668,1.5053333333333334,0.6396666666666667,0.8656666666666667
Bosnia and Herzegovina,Jordan,21.4,42.96666666666666,35.63333333333333,1-1,19.966666666666665,1-1,Draw,4.2156666666666665,19.966666666666665,0.885,1.1356666666666666,-0.2506666666666666
Jordan,Bosnia and Herzegovina,35.63333333333333,42.96666666666666,21.4,1-1,19.966666666666665,1-1,Draw,4.2156666666666665,19.966666666666665,1.1356666666666666,0.885,0.2506666666666666
Bosnia and Herzegovina,Mexico,9.700000000000001,37.2,53.1,0-1,16.2,0-1,Mexico win,4.304,16.2,0.6776666666666666,1.4943333333333333,-0.8166666666666667
Mexico,Bosnia and Herzegovina,53.1,37.2,9.700000000000001,1-0,16.2,1-0,Bosnia and Herzegovina win,4.304,16.2,1.4943333333333333,0.6776666666666666,0.8166666666666667
Bosnia and Herzegovina,Morocco,4.9,38.53333333333334,56.56666666666666,0-1,16.8,0-1,Morocco win,4.544,16.8,0.596,1.559,-0.963
Morocco,Bosnia and Herzegovina,56.56666666666666,38.53333333333334,4.9,1-0,16.8,1-0,Bosnia and Herzegovina win,4.544,16.8,1.559,0.596,0.963
Bosnia and Herzegovina,Netherlands,8.333333333333332,24.7,66.96666666666667,0-1,17.333333333333336,0-1,Netherlands win,5.107,17.333333333333336,0.6096666666666667,1.776,-1.1663333333333332
Netherlands,Bosnia and Herzegovina,66.96666666666667,24.7,8.333333333333332,1-0,17.333333333333336,1-0,Bosnia and Herzegovina win,5.107,17.333333333333336,1.776,0.6096666666666667,1.1663333333333332
Bosnia and Herzegovina,New Zealand,28.9,44.1,27.0,1-1,20.266666666666666,1-1,Draw,4.299333333333333,20.266666666666666,1.0646666666666667,1.0253333333333334,0.03933333333333322
New Zealand,Bosnia and Herzegovina,27.0,44.1,28.9,1-1,20.266666666666666,1-1,Draw,4.299333333333333,20.266666666666666,1.0253333333333334,1.0646666666666667,-0.03933333333333322
Bosnia and Herzegovina,Norway,11.5,33.93333333333333,54.56666666666666,1-1,15.466666666666667,0-1,Norway win,4.327,14.633333333333335,0.6866666666666666,1.533,-0.8463333333333333
Norway,Bosnia and Herzegovina,54.56666666666666,33.93333333333333,11.5,1-1,15.466666666666667,1-0,Bosnia and Herzegovina win,4.327,14.633333333333335,1.533,0.6866666666666666,0.8463333333333333
Bosnia and Herzegovina,Panama,12.633333333333333,38.2,49.166666666666664,1-1,17.366666666666667,0-1,Panama win,4.077,15.1,0.736,1.385,-0.649
Panama,Bosnia and Herzegovina,49.166666666666664,38.2,12.633333333333333,1-1,17.366666666666667,1-0,Bosnia and Herzegovina win,4.077,15.1,1.385,0.736,0.649
Bosnia and Herzegovina,Paraguay,18.7,39.93333333333333,41.36666666666667,1-1,18.76666666666667,1-1,Draw,3.9526666666666666,18.76666666666667,0.8546666666666667,1.2703333333333333,-0.41566666666666663
Paraguay,Bosnia and Herzegovina,41.36666666666667,39.93333333333333,18.7,1-1,18.76666666666667,1-1,Draw,3.9526666666666666,18.76666666666667,1.2703333333333333,0.8546666666666667,0.41566666666666663
Bosnia and Herzegovina,Portugal,6.766666666666667,36.96666666666666,56.266666666666666,1-1,16.8,0-1,Portugal win,4.506666666666667,16.166666666666664,0.6426666666666667,1.5593333333333332,-0.9166666666666665
Portugal,Bosnia and Herzegovina,56.266666666666666,36.96666666666666,6.766666666666667,1-1,16.8,1-0,Bosnia and Herzegovina win,4.506666666666667,16.166666666666664,1.5593333333333332,0.6426666666666667,0.9166666666666665
Bosnia and Herzegovina,Qatar,23.133333333333333,36.8,40.06666666666667,1-1,17.4,1-1,Draw,3.7006666666666668,17.4,0.914,1.2386666666666666,-0.32466666666666655
Qatar,Bosnia and Herzegovina,40.06666666666667,36.8,23.133333333333333,1-1,17.4,1-1,Draw,3.7006666666666668,17.4,1.2386666666666666,0.914,0.32466666666666655
Bosnia and Herzegovina,Saudi Arabia,18.433333333333334,41.733333333333334,39.83333333333333,1-1,19.5,1-1,Draw,4.118333333333333,19.5,0.8293333333333334,1.2056666666666667,-0.3763333333333333
Saudi Arabia,Bosnia and Herzegovina,39.83333333333333,41.733333333333334,18.433333333333334,1-1,19.5,1-1,Draw,4.118333333333333,19.5,1.2056666666666667,0.8293333333333334,0.3763333333333333
Bosnia and Herzegovina,Scotland,17.766666666666666,38.3,43.93333333333334,1-1,17.533333333333335,1-1,Draw,3.8026666666666666,17.533333333333335,0.8063333333333333,1.301,-0.4946666666666666
Scotland,Bosnia and Herzegovina,43.93333333333334,38.3,17.766666666666666,1-1,17.533333333333335,1-1,Draw,3.8026666666666666,17.533333333333335,1.301,0.8063333333333333,0.4946666666666666
Bosnia and Herzegovina,Senegal,9.733333333333333,37.2,53.06666666666666,1-1,16.900000000000002,0-1,Senegal win,4.277,15.299999999999999,0.6466666666666666,1.488,-0.8413333333333334
Senegal,Bosnia and Herzegovina,53.06666666666666,37.2,9.733333333333333,1-1,16.900000000000002,1-0,Bosnia and Herzegovina win,4.277,15.299999999999999,1.488,0.6466666666666666,0.8413333333333334
Bosnia and Herzegovina,South Africa,22.833333333333332,39.93333333333333,37.233333333333334,1-1,17.2,1-1,Draw,3.921,17.2,0.904,1.1826666666666668,-0.27866666666666673
South Africa,Bosnia and Herzegovina,37.233333333333334,39.93333333333333,22.833333333333332,1-1,17.2,1-1,Draw,3.921,17.2,1.1826666666666668,0.904,0.27866666666666673
Bosnia and Herzegovina,South Korea,9.733333333333333,38.5,51.76666666666667,1-1,18.0,0-1,South Korea win,4.214666666666667,15.766666666666667,0.6833333333333333,1.4656666666666667,-0.7823333333333333
South Korea,Bosnia and Herzegovina,51.76666666666667,38.5,9.733333333333333,1-1,18.0,1-0,Bosnia and Herzegovina win,4.214666666666667,15.766666666666667,1.4656666666666667,0.6833333333333333,0.7823333333333333
Bosnia and Herzegovina,Spain,5.933333333333334,47.833333333333336,46.233333333333334,0-0,21.266666666666666,0-0,Draw,4.603,21.266666666666666,0.6133333333333333,1.357,-0.7436666666666667
Spain,Bosnia and Herzegovina,46.233333333333334,47.833333333333336,5.933333333333334,0-0,21.266666666666666,0-0,Draw,4.603,21.266666666666666,1.357,0.6133333333333333,0.7436666666666667
Bosnia and Herzegovina,Sweden,20.133333333333333,38.1,41.766666666666666,1-1,17.933333333333334,1-1,Draw,3.7946666666666666,17.933333333333334,0.869,1.259,-0.3899999999999999
Sweden,Bosnia and Herzegovina,41.766666666666666,38.1,20.133333333333333,1-1,17.933333333333334,1-1,Draw,3.7946666666666666,17.933333333333334,1.259,0.869,0.3899999999999999
Bosnia and Herzegovina,Switzerland,13.900000000000002,27.200000000000003,58.9,0-1,15.666666666666668,0-1,Switzerland win,4.580333333333333,15.666666666666668,0.7113333333333334,1.597,-0.8856666666666666
Switzerland,Bosnia and Herzegovina,58.9,27.200000000000003,13.900000000000002,1-0,15.666666666666668,1-0,Bosnia and Herzegovina win,4.580333333333333,15.666666666666668,1.597,0.7113333333333334,0.8856666666666666
Bosnia and Herzegovina,Tunisia,20.333333333333332,41.86666666666667,37.8,1-1,19.366666666666667,1-1,Draw,4.122,19.366666666666667,0.8573333333333333,1.21,-0.3526666666666667
Tunisia,Bosnia and Herzegovina,37.8,41.86666666666667,20.333333333333332,1-1,19.366666666666667,1-1,Draw,4.122,19.366666666666667,1.21,0.8573333333333333,0.3526666666666667
Bosnia and Herzegovina,Turkey,14.899999999999999,35.699999999999996,49.4,1-1,15.733333333333333,0-1,Turkey win,4.074,15.166666666666668,0.7736666666666666,1.39,-0.6163333333333333
Turkey,Bosnia and Herzegovina,49.4,35.699999999999996,14.899999999999999,1-1,15.733333333333333,1-0,Bosnia and Herzegovina win,4.074,15.166666666666668,1.39,0.7736666666666666,0.6163333333333333
Bosnia and Herzegovina,United States,11.4,38.1,50.5,1-1,18.333333333333332,0-1,United States win,4.133333333333334,15.133333333333333,0.6846666666666666,1.4186666666666667,-0.7340000000000001
United States,Bosnia and Herzegovina,50.5,38.1,11.4,1-1,18.333333333333332,1-0,Bosnia and Herzegovina win,4.133333333333334,15.133333333333333,1.4186666666666667,0.6846666666666666,0.7340000000000001
Bosnia and Herzegovina,Uruguay,13.8,37.9,48.3,1-1,18.7,0-1,Uruguay win,4.067,15.933333333333334,0.7663333333333333,1.3803333333333334,-0.6140000000000001
Uruguay,Bosnia and Herzegovina,48.3,37.9,13.8,1-1,18.7,1-0,Bosnia and Herzegovina win,4.067,15.933333333333334,1.3803333333333334,0.7663333333333333,0.6140000000000001
Bosnia and Herzegovina,Uzbekistan,18.5,32.233333333333334,49.266666666666666,1-1,14.733333333333334,0-1,Uzbekistan win,3.996,13.966666666666667,0.8173333333333334,1.416,-0.5986666666666666
Uzbekistan,Bosnia and Herzegovina,49.266666666666666,32.233333333333334,18.5,1-1,14.733333333333334,1-0,Bosnia and Herzegovina win,3.996,13.966666666666667,1.416,0.8173333333333334,0.5986666666666666
Brazil,Canada,42.96666666666666,36.766666666666666,20.266666666666666,1-1,17.0,1-1,Draw,3.6966666666666668,17.0,1.2883333333333333,0.8543333333333333,0.43400000000000005
Canada,Brazil,20.266666666666666,36.766666666666666,42.96666666666666,1-1,17.0,1-1,Draw,3.6966666666666668,17.0,0.8543333333333333,1.2883333333333333,-0.43400000000000005
Brazil,Cape Verde,51.1,30.233333333333334,18.666666666666668,1-0,14.766666666666667,1-0,Brazil win,4.1066666666666665,14.766666666666667,1.4583333333333333,0.813,0.6453333333333333
Cape Verde,Brazil,18.666666666666668,30.233333333333334,51.1,0-1,14.766666666666667,0-1,Cape Verde win,4.1066666666666665,14.766666666666667,0.813,1.4583333333333333,-0.6453333333333333
Brazil,Colombia,24.46666666666667,56.43333333333334,19.1,1-1,24.96666666666667,1-1,Draw,5.298666666666667,24.96666666666667,0.9446666666666667,0.845,0.09966666666666668
Colombia,Brazil,19.1,56.43333333333334,24.46666666666667,1-1,24.96666666666667,1-1,Draw,5.298666666666667,24.96666666666667,0.845,0.9446666666666667,-0.09966666666666668
Brazil,Croatia,24.53333333333333,49.03333333333333,26.43333333333333,1-1,22.766666666666666,1-1,Draw,4.719333333333333,22.766666666666666,0.9546666666666667,0.9806666666666667,-0.026000000000000023
Croatia,Brazil,26.43333333333333,49.03333333333333,24.53333333333333,1-1,22.766666666666666,1-1,Draw,4.719333333333333,22.766666666666666,0.9806666666666667,0.9546666666666667,0.026000000000000023
Brazil,Curaçao,60.266666666666666,28.9,10.833333333333334,1-0,16.8,1-0,Brazil win,4.724666666666667,16.8,1.6176666666666666,0.665,0.9526666666666666
Curaçao,Brazil,10.833333333333334,28.9,60.266666666666666,0-1,16.8,0-1,Curaçao win,4.724666666666667,16.8,0.665,1.6176666666666666,-0.9526666666666666
Brazil,Czech Republic,50.5,37.1,12.4,1-1,16.6,1-0,Brazil win,4.095666666666666,14.633333333333335,1.4346666666666668,0.708,0.7266666666666668
Czech Republic,Brazil,12.4,37.1,50.5,1-1,16.6,0-1,Czech Republic win,4.095666666666666,14.633333333333335,0.708,1.4346666666666668,-0.7266666666666668
Brazil,DR Congo,46.6,39.96666666666667,13.433333333333334,1-1,17.7,0-0,Draw,3.933666666666667,16.333333333333332,1.32,0.721,0.5990000000000001
DR Congo,Brazil,13.433333333333334,39.96666666666667,46.6,1-1,17.7,0-0,Draw,3.933666666666667,16.333333333333332,0.721,1.32,-0.5990000000000001
Brazil,Ecuador,40.13333333333333,52.56666666666666,7.3,1-1,24.099999999999998,1-1,Draw,4.9863333333333335,24.099999999999998,1.248,0.6576666666666666,0.5903333333333334
Ecuador,Brazil,7.3,52.56666666666666,40.13333333333333,1-1,24.099999999999998,1-1,Draw,4.9863333333333335,24.099999999999998,0.6576666666666666,1.248,-0.5903333333333334
Brazil,Egypt,42.333333333333336,40.400000000000006,17.266666666666666,1-1,18.2,1-1,Draw,3.9743333333333335,18.2,1.2666666666666666,0.8013333333333333,0.46533333333333327
Egypt,Brazil,17.266666666666666,40.400000000000006,42.333333333333336,1-1,18.2,1-1,Draw,3.9743333333333335,18.2,0.8013333333333333,1.2666666666666666,-0.46533333333333327
Brazil,England,12.3,31.6,56.10000000000001,0-1,15.466666666666667,0-1,England win,4.4463333333333335,15.466666666666667,0.6913333333333334,1.5473333333333332,-0.8559999999999999
England,Brazil,56.10000000000001,31.6,12.3,1-0,15.466666666666667,1-0,Brazil win,4.4463333333333335,15.466666666666667,1.5473333333333332,0.6913333333333334,0.8559999999999999
Brazil,France,8.733333333333333,38.36666666666667,52.900000000000006,1-1,17.1,0-1,France win,4.286,15.133333333333333,0.6563333333333333,1.468,-0.8116666666666666
France,Brazil,52.900000000000006,38.36666666666667,8.733333333333333,1-1,17.1,1-0,Brazil win,4.286,15.133333333333333,1.468,0.6563333333333333,0.8116666666666666
Brazil,Germany,24.8,51.800000000000004,23.400000000000002,1-1,23.466666666666665,1-1,Draw,4.935666666666667,23.466666666666665,0.9873333333333333,0.959,0.02833333333333332
Germany,Brazil,23.400000000000002,51.800000000000004,24.8,1-1,23.466666666666665,1-1,Draw,4.935666666666667,23.466666666666665,0.959,0.9873333333333333,-0.02833333333333332
Brazil,Ghana,45.46666666666667,33.233333333333334,21.3,1-1,14.866666666666667,1-0,Brazil win,3.7523333333333335,13.666666666666666,1.328,0.8653333333333333,0.4626666666666668
Ghana,Brazil,21.3,33.233333333333334,45.46666666666667,1-1,14.866666666666667,0-1,Ghana win,3.7523333333333335,13.666666666666666,0.8653333333333333,1.328,-0.4626666666666668
Brazil,Haiti,61.86666666666667,26.566666666666666,11.566666666666666,1-0,16.233333333333334,1-0,Brazil win,4.771,16.233333333333334,1.6846666666666668,0.668,1.0166666666666666
Haiti,Brazil,11.566666666666666,26.566666666666666,61.86666666666667,0-1,16.233333333333334,0-1,Haiti win,4.771,16.233333333333334,0.668,1.6846666666666668,-1.0166666666666666
Brazil,Iran,38.0,46.63333333333333,15.366666666666667,1-1,20.733333333333334,1-1,Draw,4.49,20.733333333333334,1.1893333333333334,0.8033333333333333,0.386
Iran,Brazil,15.366666666666667,46.63333333333333,38.0,1-1,20.733333333333334,1-1,Draw,4.49,20.733333333333334,0.8033333333333333,1.1893333333333334,-0.386
Brazil,Iraq,49.36666666666667,38.13333333333333,12.5,1-1,16.966666666666665,1-0,Brazil win,4.027,14.866666666666667,1.4303333333333332,0.7286666666666667,0.7016666666666665
Iraq,Brazil,12.5,38.13333333333333,49.36666666666667,1-1,16.966666666666665,0-1,Iraq win,4.027,14.866666666666667,0.7286666666666667,1.4303333333333332,-0.7016666666666665
Brazil,Ivory Coast,39.733333333333334,43.166666666666664,17.1,1-1,19.0,0-0,Draw,4.185,18.266666666666666,1.227,0.8043333333333333,0.42266666666666675
Ivory Coast,Brazil,17.1,43.166666666666664,39.733333333333334,1-1,19.0,0-0,Draw,4.185,18.266666666666666,0.8043333333333333,1.227,-0.42266666666666675
Brazil,Japan,22.233333333333334,59.599999999999994,18.166666666666668,1-1,26.866666666666667,1-1,Draw,5.580333333333333,26.866666666666667,0.95,0.866,0.08399999999999996
Japan,Brazil,18.166666666666668,59.599999999999994,22.233333333333334,1-1,26.866666666666667,1-1,Draw,5.580333333333333,26.866666666666667,0.866,0.95,-0.08399999999999996
Brazil,Jordan,57.56666666666666,30.866666666666664,11.566666666666666,1-0,16.366666666666667,1-0,Brazil win,4.550333333333334,16.366666666666667,1.5786666666666667,0.688,0.8906666666666667
Jordan,Brazil,11.566666666666666,30.866666666666664,57.56666666666666,0-1,16.366666666666667,0-1,Jordan win,4.550333333333334,16.366666666666667,0.688,1.5786666666666667,-0.8906666666666667
Brazil,Mexico,30.866666666666664,47.5,21.633333333333333,1-1,20.766666666666666,1-1,Draw,4.551,20.766666666666666,1.0743333333333334,0.895,0.17933333333333334
Mexico,Brazil,21.633333333333333,47.5,30.866666666666664,1-1,20.766666666666666,1-1,Draw,4.551,20.766666666666666,0.895,1.0743333333333334,-0.17933333333333334
Brazil,Morocco,17.566666666666666,49.93333333333334,32.5,1-1,22.7,1-1,Draw,4.769666666666667,22.7,0.8413333333333334,1.103,-0.2616666666666666
Morocco,Brazil,32.5,49.93333333333334,17.566666666666666,1-1,22.7,1-1,Draw,4.769666666666667,22.7,1.103,0.8413333333333334,0.2616666666666666
Brazil,Netherlands,25.566666666666666,40.96666666666667,33.46666666666667,1-1,18.633333333333333,1-1,Draw,4.037333333333334,18.633333333333333,0.981,1.1233333333333333,-0.1423333333333333
Netherlands,Brazil,33.46666666666667,40.96666666666667,25.566666666666666,1-1,18.633333333333333,1-1,Draw,4.037333333333334,18.633333333333333,1.1233333333333333,0.981,0.1423333333333333
Brazil,New Zealand,40.93333333333333,37.0,22.066666666666666,1-1,17.033333333333335,1-1,Draw,3.7003333333333335,17.033333333333335,1.266,0.8946666666666667,0.3713333333333333
New Zealand,Brazil,22.066666666666666,37.0,40.93333333333333,1-1,17.033333333333335,1-1,Draw,3.7003333333333335,17.033333333333335,0.8946666666666667,1.266,-0.3713333333333333
Brazil,Norway,43.6,36.16666666666667,20.233333333333334,1-1,17.266666666666666,1-0,Brazil win,3.707666666666667,14.499999999999998,1.304,0.8566666666666667,0.44733333333333336
Norway,Brazil,20.233333333333334,36.16666666666667,43.6,1-1,17.266666666666666,0-1,Norway win,3.707666666666667,14.499999999999998,0.8566666666666667,1.304,-0.44733333333333336
Brazil,Panama,43.4,40.766666666666666,15.833333333333332,1-1,18.53333333333333,1-1,Draw,4.003,18.53333333333333,1.308,0.8003333333333333,0.5076666666666667
Panama,Brazil,15.833333333333332,40.766666666666666,43.4,1-1,18.53333333333333,1-1,Draw,4.003,18.53333333333333,0.8003333333333333,1.308,-0.5076666666666667
Brazil,Paraguay,43.233333333333334,52.166666666666664,4.6,0-0,23.666666666666668,0-0,Draw,4.964333333333333,23.666666666666668,1.272,0.6,0.672
Paraguay,Brazil,4.6,52.166666666666664,43.233333333333334,0-0,23.666666666666668,0-0,Draw,4.964333333333333,23.666666666666668,0.6,1.272,-0.672
Brazil,Portugal,19.733333333333334,48.699999999999996,31.566666666666666,1-1,22.900000000000002,1-1,Draw,4.695,22.900000000000002,0.8643333333333333,1.0913333333333333,-0.22699999999999998
Portugal,Brazil,31.566666666666666,48.699999999999996,19.733333333333334,1-1,22.900000000000002,1-1,Draw,4.695,22.900000000000002,1.0913333333333333,0.8643333333333333,0.22699999999999998
Brazil,Qatar,53.03333333333333,34.53333333333333,12.433333333333334,1-1,15.6,1-0,Brazil win,4.273333333333333,15.033333333333335,1.473,0.687,0.786
Qatar,Brazil,12.433333333333334,34.53333333333333,53.03333333333333,1-1,15.6,0-1,Qatar win,4.273333333333333,15.033333333333335,0.687,1.473,-0.786
Brazil,Saudi Arabia,53.96666666666666,35.199999999999996,10.833333333333334,1-0,16.2,1-0,Brazil win,4.357666666666667,16.2,1.4716666666666667,0.666,0.8056666666666666
Saudi Arabia,Brazil,10.833333333333334,35.199999999999996,53.96666666666666,0-1,16.2,0-1,Saudi Arabia win,4.357666666666667,16.2,0.666,1.4716666666666667,-0.8056666666666666
Brazil,Scotland,52.26666666666666,34.5,13.233333333333333,1-0,15.533333333333331,1-0,Brazil win,4.251666666666667,15.533333333333331,1.4436666666666667,0.7116666666666667,0.732
Scotland,Brazil,13.233333333333333,34.5,52.26666666666666,0-1,15.533333333333331,0-1,Scotland win,4.251666666666667,15.533333333333331,0.7116666666666667,1.4436666666666667,-0.732
Brazil,Senegal,28.26666666666667,50.43333333333333,21.3,1-1,22.7,1-1,Draw,4.824333333333334,22.7,1.0206666666666666,0.9106666666666666,0.10999999999999999
Senegal,Brazil,21.3,50.43333333333333,28.26666666666667,1-1,22.7,1-1,Draw,4.824333333333334,22.7,0.9106666666666666,1.0206666666666666,-0.10999999999999999
Brazil,South Africa,52.33333333333333,35.733333333333334,11.933333333333334,1-0,15.333333333333332,1-0,Brazil win,4.235666666666667,15.333333333333332,1.4713333333333334,0.706,0.7653333333333334
South Africa,Brazil,11.933333333333334,35.733333333333334,52.33333333333333,0-1,15.333333333333332,0-1,South Africa win,4.235666666666667,15.333333333333332,0.706,1.4713333333333334,-0.7653333333333334
Brazil,South Korea,36.233333333333334,45.0,18.76666666666667,1-1,20.633333333333333,1-1,Draw,4.376,20.633333333333333,1.163,0.8543333333333333,0.30866666666666676
South Korea,Brazil,18.76666666666667,45.0,36.233333333333334,1-1,20.633333333333333,1-1,Draw,4.376,20.633333333333333,0.8543333333333333,1.163,-0.30866666666666676
Brazil,Spain,10.7,39.63333333333333,49.666666666666664,1-1,18.033333333333335,0-1,Spain win,4.123666666666667,16.0,0.6643333333333333,1.3966666666666667,-0.7323333333333334
Spain,Brazil,49.666666666666664,39.63333333333333,10.7,1-1,18.033333333333335,1-0,Brazil win,4.123666666666667,16.0,1.3966666666666667,0.6643333333333333,0.7323333333333334
Brazil,Sweden,60.83333333333333,30.233333333333334,8.933333333333334,1-0,15.766666666666667,1-0,Brazil win,4.716333333333333,15.766666666666667,1.6616666666666666,0.614,1.0476666666666667
Sweden,Brazil,8.933333333333334,30.233333333333334,60.83333333333333,0-1,15.766666666666667,0-1,Sweden win,4.716333333333333,15.766666666666667,0.614,1.6616666666666666,-1.0476666666666667
Brazil,Switzerland,32.86666666666667,46.46666666666667,20.666666666666668,1-1,21.3,1-1,Draw,4.495,21.3,1.1196666666666666,0.8873333333333333,0.23233333333333328
Switzerland,Brazil,20.666666666666668,46.46666666666667,32.86666666666667,1-1,21.3,1-1,Draw,4.495,21.3,0.8873333333333333,1.1196666666666666,-0.23233333333333328
Brazil,Tunisia,51.366666666666674,37.766666666666666,10.866666666666665,1-1,17.033333333333335,1-0,Brazil win,4.171666666666667,15.333333333333332,1.4353333333333333,0.6863333333333334,0.749
Tunisia,Brazil,10.866666666666665,37.766666666666666,51.366666666666674,1-1,17.033333333333335,0-1,Tunisia win,4.171666666666667,15.333333333333332,0.6863333333333334,1.4353333333333333,-0.749
Brazil,Turkey,47.53333333333333,37.2,15.266666666666667,1-1,16.566666666666666,1-0,Brazil win,3.9356666666666666,14.233333333333334,1.3696666666666666,0.775,0.5946666666666666
Turkey,Brazil,15.266666666666667,37.2,47.53333333333333,1-1,16.566666666666666,0-1,Turkey win,3.9356666666666666,14.233333333333334,0.775,1.3696666666666666,-0.5946666666666666
Brazil,United States,25.966666666666665,52.63333333333333,21.4,1-1,24.099999999999998,1-1,Draw,5.006333333333333,24.099999999999998,0.965,0.8813333333333333,0.08366666666666667
United States,Brazil,21.4,52.63333333333333,25.966666666666665,1-1,24.099999999999998,1-1,Draw,5.006333333333333,24.099999999999998,0.8813333333333333,0.965,-0.08366666666666667
Brazil,Uruguay,19.53333333333333,62.3,18.166666666666668,0-0,27.700000000000003,0-0,Draw,5.793,27.700000000000003,0.8603333333333333,0.838,0.022333333333333316
Uruguay,Brazil,18.166666666666668,62.3,19.53333333333333,0-0,27.700000000000003,0-0,Draw,5.793,27.700000000000003,0.838,0.8603333333333333,-0.022333333333333316
Brazil,Uzbekistan,43.6,37.36666666666667,19.03333333333333,1-1,17.0,1-1,Draw,3.7363333333333335,17.0,1.295,0.8426666666666667,0.45233333333333325
Uzbekistan,Brazil,19.03333333333333,37.36666666666667,43.6,1-1,17.0,1-1,Draw,3.7363333333333335,17.0,0.8426666666666667,1.295,-0.45233333333333325
Canada,Cape Verde,48.699999999999996,35.766666666666666,15.533333333333331,1-1,16.266666666666666,1-0,Canada win,4.016666666666667,14.833333333333334,1.3806666666666667,0.7576666666666667,0.623
Cape Verde,Canada,15.533333333333331,35.766666666666666,48.699999999999996,1-1,16.266666666666666,0-1,Cape Verde win,4.016666666666667,14.833333333333334,0.7576666666666667,1.3806666666666667,-0.623
Canada,Colombia,26.0,44.7,29.299999999999997,1-1,21.433333333333334,1-1,Draw,4.363666666666667,21.433333333333334,0.985,1.0556666666666668,-0.07066666666666677
Colombia,Canada,29.299999999999997,44.7,26.0,1-1,21.433333333333334,1-1,Draw,4.363666666666667,21.433333333333334,1.0556666666666668,0.985,0.07066666666666677
Canada,Croatia,17.733333333333334,47.766666666666666,34.5,1-1,23.233333333333334,1-1,Draw,4.628666666666667,23.233333333333334,0.8336666666666667,1.1333333333333333,-0.29966666666666664
Croatia,Canada,34.5,47.766666666666666,17.733333333333334,1-1,23.233333333333334,1-1,Draw,4.628666666666667,23.233333333333334,1.1333333333333333,0.8336666666666667,0.29966666666666664
Canada,Curaçao,52.86666666666666,37.43333333333334,9.700000000000001,1-1,17.466666666666665,1-0,Canada win,4.276,14.666666666666666,1.4696666666666667,0.678,0.7916666666666666
Curaçao,Canada,9.700000000000001,37.43333333333334,52.86666666666666,1-1,17.466666666666665,0-1,Curaçao win,4.276,14.666666666666666,0.678,1.4696666666666667,-0.7916666666666666
Canada,Czech Republic,42.13333333333333,44.13333333333333,13.733333333333334,1-1,20.433333333333334,1-1,Draw,4.294,20.433333333333334,1.2506666666666666,0.7296666666666667,0.5209999999999999
Czech Republic,Canada,13.733333333333334,44.13333333333333,42.13333333333333,1-1,20.433333333333334,1-1,Draw,4.294,20.433333333333334,0.7296666666666667,1.2506666666666666,-0.5209999999999999
Canada,DR Congo,39.766666666666666,48.5,11.733333333333333,1-1,21.0,1-1,Draw,4.634333333333333,21.0,1.2183333333333333,0.7276666666666667,0.4906666666666666
DR Congo,Canada,11.733333333333333,48.5,39.766666666666666,1-1,21.0,1-1,Draw,4.634333333333333,21.0,0.7276666666666667,1.2183333333333333,-0.4906666666666666
Canada,Ecuador,30.533333333333335,45.96666666666667,23.5,1-1,21.0,1-1,Draw,4.46,21.0,1.099,0.9633333333333334,0.1356666666666666
Ecuador,Canada,23.5,45.96666666666667,30.533333333333335,1-1,21.0,1-1,Draw,4.46,21.0,0.9633333333333334,1.099,-0.1356666666666666
Canada,Egypt,25.6,50.76666666666667,23.633333333333333,1-1,22.833333333333332,1-1,Draw,4.836,22.833333333333332,0.9796666666666667,0.9453333333333334,0.03433333333333333
Egypt,Canada,23.633333333333333,50.76666666666667,25.6,1-1,22.833333333333332,1-1,Draw,4.836,22.833333333333332,0.9453333333333334,0.9796666666666667,-0.03433333333333333
Canada,England,17.066666666666666,30.566666666666663,52.36666666666666,0-1,15.299999999999999,0-1,England win,4.233666666666666,15.299999999999999,0.8073333333333333,1.4626666666666666,-0.6553333333333332
England,Canada,52.36666666666666,30.566666666666663,17.066666666666666,1-0,15.299999999999999,1-0,Canada win,4.233666666666666,15.299999999999999,1.4626666666666666,0.8073333333333333,0.6553333333333332
Canada,France,11.733333333333333,42.13333333333333,46.13333333333333,1-1,19.066666666666666,1-1,Draw,4.112,19.066666666666666,0.6963333333333334,1.315,-0.6186666666666666
France,Canada,46.13333333333333,42.13333333333333,11.733333333333333,1-1,19.066666666666666,1-1,Draw,4.112,19.066666666666666,1.315,0.6963333333333334,0.6186666666666666
Canada,Germany,18.866666666666667,48.66666666666667,32.46666666666667,1-1,22.366666666666667,1-1,Draw,4.674,22.366666666666667,0.8766666666666667,1.1106666666666667,-0.23399999999999999
Germany,Canada,32.46666666666667,48.66666666666667,18.866666666666667,1-1,22.366666666666667,1-1,Draw,4.674,22.366666666666667,1.1106666666666667,0.8766666666666667,0.23399999999999999
Canada,Ghana,44.03333333333334,36.766666666666666,19.2,1-1,17.2,1-0,Canada win,3.7316666666666665,13.833333333333334,1.2996666666666667,0.8423333333333334,0.45733333333333337
Ghana,Canada,19.2,36.766666666666666,44.03333333333334,1-1,17.2,0-1,Ghana win,3.7316666666666665,13.833333333333334,0.8423333333333334,1.2996666666666667,-0.45733333333333337
Canada,Haiti,49.03333333333333,41.099999999999994,9.866666666666667,1-1,18.6,1-0,Canada win,4.082,15.033333333333335,1.404,0.6923333333333334,0.7116666666666666
Haiti,Canada,9.866666666666667,41.099999999999994,49.03333333333333,1-1,18.6,0-1,Haiti win,4.082,15.033333333333335,0.6923333333333334,1.404,-0.7116666666666666
Canada,Iran,22.03333333333333,48.1,29.86666666666667,1-1,23.599999999999998,1-1,Draw,4.658333333333333,23.599999999999998,0.896,1.0463333333333333,-0.15033333333333332
Iran,Canada,29.86666666666667,48.1,22.03333333333333,1-1,23.599999999999998,1-1,Draw,4.658333333333333,23.599999999999998,1.0463333333333333,0.896,0.15033333333333332
Canada,Iraq,41.3,48.3,10.4,1-1,22.8,1-1,Draw,4.649333333333334,22.8,1.288,0.707,0.5810000000000001
Iraq,Canada,10.4,48.3,41.3,1-1,22.8,1-1,Draw,4.649333333333334,22.8,0.707,1.288,-0.5810000000000001
Canada,Ivory Coast,28.9,50.7,20.4,0-0,22.066666666666666,0-0,Draw,4.818333333333333,22.066666666666666,1.0286666666666666,0.8813333333333333,0.14733333333333332
Ivory Coast,Canada,20.4,50.7,28.9,0-0,22.066666666666666,0-0,Draw,4.818333333333333,22.066666666666666,0.8813333333333333,1.0286666666666666,-0.14733333333333332
Canada,Japan,18.7,45.46666666666667,35.833333333333336,1-1,20.9,1-1,Draw,4.400666666666667,20.9,0.8513333333333334,1.1586666666666667,-0.30733333333333335
Japan,Canada,35.833333333333336,45.46666666666667,18.7,1-1,20.9,1-1,Draw,4.400666666666667,20.9,1.1586666666666667,0.8513333333333334,0.30733333333333335
Canada,Jordan,49.46666666666666,39.766666666666666,10.766666666666666,1-1,18.166666666666668,1-0,Canada win,4.047,14.433333333333334,1.4073333333333333,0.6923333333333334,0.715
Jordan,Canada,10.766666666666666,39.766666666666666,49.46666666666666,1-1,18.166666666666668,0-1,Jordan win,4.047,14.433333333333334,0.6923333333333334,1.4073333333333333,-0.715
Canada,Mexico,19.2,51.300000000000004,29.5,1-1,24.099999999999998,1-1,Draw,4.915333333333334,24.099999999999998,0.8816666666666667,1.0586666666666666,-0.17699999999999994
Mexico,Canada,29.5,51.300000000000004,19.2,1-1,24.099999999999998,1-1,Draw,4.915333333333334,24.099999999999998,1.0586666666666666,0.8816666666666667,0.17699999999999994
Canada,Morocco,13.600000000000001,44.96666666666667,41.43333333333333,1-1,20.633333333333333,1-1,Draw,4.361,20.633333333333333,0.748,1.2563333333333333,-0.5083333333333333
Morocco,Canada,41.43333333333333,44.96666666666667,13.600000000000001,1-1,20.633333333333333,1-1,Draw,4.361,20.633333333333333,1.2563333333333333,0.748,0.5083333333333333
Canada,Netherlands,16.5,30.966666666666665,52.53333333333333,0-1,15.2,0-1,Netherlands win,4.226333333333334,15.2,0.7996666666666666,1.4733333333333334,-0.6736666666666667
Netherlands,Canada,52.53333333333333,30.966666666666665,16.5,1-0,15.2,1-0,Canada win,4.226333333333334,15.2,1.4733333333333334,0.7996666666666666,0.6736666666666667
Canada,New Zealand,38.6,40.699999999999996,20.7,1-1,18.366666666666667,1-1,Draw,4.0056666666666665,18.366666666666667,1.2146666666666666,0.9083333333333333,0.30633333333333324
New Zealand,Canada,20.7,40.699999999999996,38.6,1-1,18.366666666666667,1-1,Draw,4.0056666666666665,18.366666666666667,0.9083333333333333,1.2146666666666666,-0.30633333333333324
Canada,Norway,28.799999999999997,43.96666666666667,27.23333333333333,1-1,20.266666666666666,1-1,Draw,4.286333333333333,20.266666666666666,1.0363333333333333,0.994,0.042333333333333334
Norway,Canada,27.23333333333333,43.96666666666667,28.799999999999997,1-1,20.266666666666666,1-1,Draw,4.286333333333333,20.266666666666666,0.994,1.0363333333333333,-0.042333333333333334
Canada,Panama,32.03333333333334,44.06666666666666,23.9,1-1,19.866666666666667,1-1,Draw,4.287333333333334,19.866666666666667,1.105,0.951,0.15400000000000003
Panama,Canada,23.9,44.06666666666666,32.03333333333334,1-1,19.866666666666667,1-1,Draw,4.287333333333334,19.866666666666667,0.951,1.105,-0.15400000000000003
Canada,Paraguay,42.266666666666666,44.63333333333333,13.100000000000001,1-1,20.8,1-1,Draw,4.336,20.8,1.293,0.7516666666666667,0.5413333333333332
Paraguay,Canada,13.100000000000001,44.63333333333333,42.266666666666666,1-1,20.8,1-1,Draw,4.336,20.8,0.7516666666666667,1.293,-0.5413333333333332
Canada,Portugal,15.733333333333333,47.199999999999996,37.06666666666666,1-1,20.96666666666667,1-1,Draw,4.526666666666666,20.96666666666667,0.8036666666666666,1.1763333333333332,-0.3726666666666666
Portugal,Canada,37.06666666666666,47.199999999999996,15.733333333333333,1-1,20.96666666666667,1-1,Draw,4.526666666666666,20.96666666666667,1.1763333333333332,0.8036666666666666,0.3726666666666666
Canada,Qatar,46.1,45.63333333333333,8.266666666666666,1-1,20.266666666666666,0-0,Draw,4.398666666666666,19.166666666666668,1.351,0.6603333333333333,0.6906666666666667
Qatar,Canada,8.266666666666666,45.63333333333333,46.1,1-1,20.266666666666666,0-0,Draw,4.398666666666666,19.166666666666668,0.6603333333333333,1.351,-0.6906666666666667
Canada,Saudi Arabia,44.1,46.33333333333333,9.566666666666666,0-0,20.433333333333334,0-0,Draw,4.479333333333333,20.433333333333334,1.2923333333333333,0.665,0.6273333333333333
Saudi Arabia,Canada,9.566666666666666,46.33333333333333,44.1,0-0,20.433333333333334,0-0,Draw,4.479333333333333,20.433333333333334,0.665,1.2923333333333333,-0.6273333333333333
Canada,Scotland,36.666666666666664,48.56666666666667,14.766666666666667,1-1,21.566666666666666,1-1,Draw,4.65,21.566666666666666,1.163,0.781,0.382
Scotland,Canada,14.766666666666667,48.56666666666667,36.666666666666664,1-1,21.566666666666666,1-1,Draw,4.65,21.566666666666666,0.781,1.163,-0.382
Canada,Senegal,20.066666666666666,48.13333333333333,31.8,1-1,21.6,1-1,Draw,4.6353333333333335,21.6,0.8633333333333333,1.0836666666666666,-0.22033333333333327
Senegal,Canada,31.8,48.13333333333333,20.066666666666666,1-1,21.6,1-1,Draw,4.6353333333333335,21.6,1.0836666666666666,0.8633333333333333,0.22033333333333327
Canada,South Africa,49.13333333333333,42.43333333333334,8.433333333333334,1-1,18.5,0-0,Draw,4.127,17.599999999999998,1.425,0.664,0.761
South Africa,Canada,8.433333333333334,42.43333333333334,49.13333333333333,1-1,18.5,0-0,Draw,4.127,17.599999999999998,0.664,1.425,-0.761
Canada,South Korea,22.6,46.400000000000006,31.0,0-0,19.8,1-1,Draw,4.45,19.666666666666664,0.9203333333333333,1.07,-0.14966666666666673
South Korea,Canada,31.0,46.400000000000006,22.6,0-0,19.8,1-1,Draw,4.45,19.666666666666664,1.07,0.9203333333333333,0.14966666666666673
Canada,Spain,13.633333333333333,43.766666666666666,42.6,1-1,19.366666666666667,0-0,Draw,4.242,18.23333333333333,0.7396666666666667,1.2766666666666666,-0.5369999999999999
Spain,Canada,42.6,43.766666666666666,13.633333333333333,1-1,19.366666666666667,0-0,Draw,4.242,18.23333333333333,1.2766666666666666,0.7396666666666667,0.5369999999999999
Canada,Sweden,43.13333333333333,44.56666666666666,12.3,1-1,20.0,1-1,Draw,4.316333333333334,20.0,1.2836666666666667,0.715,0.5686666666666668
Sweden,Canada,12.3,44.56666666666666,43.13333333333333,1-1,20.0,1-1,Draw,4.316333333333334,20.0,0.715,1.2836666666666667,-0.5686666666666668
Canada,Switzerland,24.9,37.7,37.4,1-1,17.066666666666666,1-1,Draw,3.7666666666666666,17.066666666666666,0.947,1.205,-0.2580000000000001
Switzerland,Canada,37.4,37.7,24.9,1-1,17.066666666666666,1-1,Draw,3.7666666666666666,17.066666666666666,1.205,0.947,0.2580000000000001
Canada,Tunisia,43.233333333333334,47.06666666666667,9.700000000000001,1-1,20.066666666666666,0-0,Draw,4.514333333333333,19.6,1.2916666666666667,0.699,0.5926666666666668
Tunisia,Canada,9.700000000000001,47.06666666666667,43.233333333333334,1-1,20.066666666666666,0-0,Draw,4.514333333333333,19.6,0.699,1.2916666666666667,-0.5926666666666668
Canada,Turkey,28.366666666666667,47.8,23.833333333333336,1-1,21.933333333333334,1-1,Draw,4.608333333333333,21.933333333333334,1.015,0.9303333333333333,0.08466666666666656
Turkey,Canada,23.833333333333336,47.8,28.366666666666667,1-1,21.933333333333334,1-1,Draw,4.608333333333333,21.933333333333334,0.9303333333333333,1.015,-0.08466666666666656
Canada,United States,21.933333333333334,48.4,29.666666666666668,1-1,21.933333333333334,1-1,Draw,4.646333333333334,21.933333333333334,0.9173333333333333,1.054,-0.13666666666666671
United States,Canada,29.666666666666668,48.4,21.933333333333334,1-1,21.933333333333334,1-1,Draw,4.646333333333334,21.933333333333334,1.054,0.9173333333333333,0.13666666666666671
Canada,Uruguay,25.433333333333337,44.800000000000004,29.76666666666667,1-1,20.5,1-1,Draw,4.354,20.5,0.9503333333333334,1.0223333333333333,-0.07199999999999995
Uruguay,Canada,29.76666666666667,44.800000000000004,25.433333333333337,1-1,20.5,1-1,Draw,4.354,20.5,1.0223333333333333,0.9503333333333334,0.07199999999999995
Canada,Uzbekistan,42.93333333333334,43.7,13.366666666666665,1-1,20.633333333333333,1-1,Draw,4.273666666666666,20.633333333333333,1.296,0.7373333333333333,0.5586666666666668
Uzbekistan,Canada,13.366666666666665,43.7,42.93333333333334,1-1,20.633333333333333,1-1,Draw,4.273666666666666,20.633333333333333,0.7373333333333333,1.296,-0.5586666666666668
Cape Verde,Colombia,15.0,35.099999999999994,49.9,1-1,16.5,0-1,Colombia win,4.063,14.766666666666667,0.767,1.4263333333333332,-0.6593333333333332
Colombia,Cape Verde,49.9,35.099999999999994,15.0,1-1,16.5,1-0,Cape Verde win,4.063,14.766666666666667,1.4263333333333332,0.767,0.6593333333333332
Cape Verde,Croatia,10.066666666666666,36.56666666666666,53.36666666666666,1-1,16.666666666666664,0-1,Croatia win,4.334,16.2,0.685,1.4873333333333334,-0.8023333333333333
Croatia,Cape Verde,53.36666666666666,36.56666666666666,10.066666666666666,1-1,16.666666666666664,1-0,Cape Verde win,4.334,16.2,1.4873333333333334,0.685,0.8023333333333333
Cape Verde,Curaçao,41.46666666666667,42.66666666666667,15.866666666666667,1-1,19.2,1-1,Draw,4.163666666666667,19.2,1.2183333333333333,0.755,0.46333333333333326
Curaçao,Cape Verde,15.866666666666667,42.66666666666667,41.46666666666667,1-1,19.2,1-1,Draw,4.163666666666667,19.2,0.755,1.2183333333333333,-0.46333333333333326
Cape Verde,Czech Republic,23.833333333333336,42.8,33.36666666666667,1-1,19.7,1-1,Draw,4.190333333333333,19.7,0.9503333333333334,1.132,-0.18166666666666653
Czech Republic,Cape Verde,33.36666666666667,42.8,23.833333333333336,1-1,19.7,1-1,Draw,4.190333333333333,19.7,1.132,0.9503333333333334,0.18166666666666653
Cape Verde,DR Congo,20.8,50.5,28.7,1-1,22.166666666666668,1-1,Draw,4.807666666666667,22.166666666666668,0.873,1.0033333333333334,-0.1303333333333334
DR Congo,Cape Verde,28.7,50.5,20.8,1-1,22.166666666666668,1-1,Draw,4.807666666666667,22.166666666666668,1.0033333333333334,0.873,0.1303333333333334
Cape Verde,Ecuador,22.8,44.43333333333334,32.766666666666666,0-0,18.76666666666667,0-0,Draw,4.286,18.76666666666667,0.9116666666666666,1.107,-0.19533333333333336
Ecuador,Cape Verde,32.766666666666666,44.43333333333334,22.8,0-0,18.76666666666667,0-0,Draw,4.286,18.76666666666667,1.107,0.9116666666666666,0.19533333333333336
Cape Verde,Egypt,15.6,48.93333333333334,35.46666666666667,1-1,22.833333333333332,1-1,Draw,4.704666666666666,22.833333333333332,0.8043333333333333,1.1806666666666668,-0.3763333333333334
Egypt,Cape Verde,35.46666666666667,48.93333333333334,15.6,1-1,22.833333333333332,1-1,Draw,4.704666666666666,22.833333333333332,1.1806666666666668,0.8043333333333333,0.3763333333333334
Cape Verde,England,9.033333333333333,28.133333333333333,62.83333333333333,0-1,17.566666666666666,0-1,England win,4.882,17.566666666666666,0.611,1.6666666666666667,-1.0556666666666668
England,Cape Verde,62.83333333333333,28.133333333333333,9.033333333333333,1-0,17.566666666666666,1-0,Cape Verde win,4.882,17.566666666666666,1.6666666666666667,0.611,1.0556666666666668
Cape Verde,France,5.766666666666667,26.066666666666666,68.16666666666666,0-1,17.433333333333334,0-1,France win,5.1946666666666665,17.433333333333334,0.548,1.8026666666666666,-1.2546666666666666
France,Cape Verde,68.16666666666666,26.066666666666666,5.766666666666667,1-0,17.433333333333334,1-0,Cape Verde win,5.1946666666666665,17.433333333333334,1.8026666666666666,0.548,1.2546666666666666
Cape Verde,Germany,9.433333333333334,38.800000000000004,51.76666666666667,1-1,18.2,0-1,Germany win,4.248333333333333,16.433333333333334,0.656,1.437,-0.781
Germany,Cape Verde,51.76666666666667,38.800000000000004,9.433333333333334,1-1,18.2,1-0,Cape Verde win,4.248333333333333,16.433333333333334,1.437,0.656,0.781
Cape Verde,Ghana,25.066666666666666,44.766666666666666,30.166666666666668,1-1,19.7,1-1,Draw,4.325666666666667,19.7,0.9563333333333334,1.0586666666666666,-0.10233333333333328
Ghana,Cape Verde,30.166666666666668,44.766666666666666,25.066666666666666,1-1,19.7,1-1,Draw,4.325666666666667,19.7,1.0586666666666666,0.9563333333333334,0.10233333333333328
Cape Verde,Haiti,42.266666666666666,43.0,14.733333333333334,1-1,20.233333333333334,1-1,Draw,4.211666666666667,20.233333333333334,1.2703333333333333,0.771,0.4993333333333333
Haiti,Cape Verde,14.733333333333334,43.0,42.266666666666666,1-1,20.233333333333334,1-1,Draw,4.211666666666667,20.233333333333334,0.771,1.2703333333333333,-0.4993333333333333
Cape Verde,Iran,16.5,49.56666666666666,33.93333333333333,1-1,23.333333333333332,1-1,Draw,4.752,23.333333333333332,0.805,1.1283333333333334,-0.32333333333333336
Iran,Cape Verde,33.93333333333333,49.56666666666666,16.5,1-1,23.333333333333332,1-1,Draw,4.752,23.333333333333332,1.1283333333333334,0.805,0.32333333333333336
Cape Verde,Iraq,22.766666666666666,50.1,27.133333333333333,1-1,22.133333333333333,1-1,Draw,4.791666666666667,22.133333333333333,0.9166666666666666,1.0083333333333333,-0.09166666666666667
Iraq,Cape Verde,27.133333333333333,50.1,22.766666666666666,1-1,22.133333333333333,1-1,Draw,4.791666666666667,22.133333333333333,1.0083333333333333,0.9166666666666666,0.09166666666666667
Cape Verde,Ivory Coast,16.8,45.766666666666666,37.43333333333334,1-1,21.133333333333333,1-1,Draw,4.410666666666667,21.133333333333333,0.8106666666666666,1.1826666666666668,-0.3720000000000001
Ivory Coast,Cape Verde,37.43333333333334,45.766666666666666,16.8,1-1,21.133333333333333,1-1,Draw,4.410666666666667,21.133333333333333,1.1826666666666668,0.8106666666666666,0.3720000000000001
Cape Verde,Japan,12.933333333333334,46.13333333333333,40.93333333333333,1-1,21.0,1-1,Draw,4.445666666666667,21.0,0.7453333333333333,1.237,-0.4916666666666668
Japan,Cape Verde,40.93333333333333,46.13333333333333,12.933333333333334,1-1,21.0,1-1,Draw,4.445666666666667,21.0,1.237,0.7453333333333333,0.4916666666666668
Cape Verde,Jordan,30.766666666666666,43.43333333333334,25.8,1-1,20.3,1-1,Draw,4.253,20.3,1.0576666666666668,0.9606666666666667,0.09700000000000009
Jordan,Cape Verde,25.8,43.43333333333334,30.766666666666666,1-1,20.3,1-1,Draw,4.253,20.3,0.9606666666666667,1.0576666666666668,-0.09700000000000009
Cape Verde,Mexico,14.299999999999999,38.666666666666664,47.03333333333333,1-1,18.033333333333335,0-1,Mexico win,3.8886666666666665,13.566666666666666,0.7766666666666666,1.3853333333333333,-0.6086666666666667
Mexico,Cape Verde,47.03333333333333,38.666666666666664,14.299999999999999,1-1,18.033333333333335,1-0,Cape Verde win,3.8886666666666665,13.566666666666666,1.3853333333333333,0.7766666666666666,0.6086666666666667
Cape Verde,Morocco,8.5,44.5,47.0,0-0,19.5,0-0,Draw,4.317,19.5,0.6546666666666666,1.358,-0.7033333333333335
Morocco,Cape Verde,47.0,44.5,8.5,0-0,19.5,0-0,Draw,4.317,19.5,1.358,0.6546666666666666,0.7033333333333335
Cape Verde,Netherlands,10.633333333333333,26.400000000000002,62.96666666666667,0-1,16.333333333333332,0-1,Netherlands win,4.834,16.333333333333332,0.6406666666666667,1.69,-1.0493333333333332
Netherlands,Cape Verde,62.96666666666667,26.400000000000002,10.633333333333333,1-0,16.333333333333332,1-0,Cape Verde win,4.834,16.333333333333332,1.69,0.6406666666666667,1.0493333333333332
Cape Verde,New Zealand,36.4,44.0,19.6,1-1,20.4,1-1,Draw,4.292,20.4,1.179,0.87,0.30900000000000005
New Zealand,Cape Verde,19.6,44.0,36.4,1-1,20.4,1-1,Draw,4.292,20.4,0.87,1.179,-0.30900000000000005
Cape Verde,Norway,16.3,40.300000000000004,43.4,1-1,17.7,1-1,Draw,3.9673333333333334,17.7,0.7963333333333333,1.2696666666666667,-0.4733333333333334
Norway,Cape Verde,43.4,40.300000000000004,16.3,1-1,17.7,1-1,Draw,3.9673333333333334,17.7,1.2696666666666667,0.7963333333333333,0.4733333333333334
Cape Verde,Panama,15.333333333333332,49.5,35.16666666666667,1-1,22.833333333333332,1-1,Draw,4.745333333333333,22.833333333333332,0.7886666666666666,1.1423333333333334,-0.3536666666666668
Panama,Cape Verde,35.16666666666667,49.5,15.333333333333332,1-1,22.833333333333332,1-1,Draw,4.745333333333333,22.833333333333332,1.1423333333333334,0.7886666666666666,0.3536666666666668
Cape Verde,Paraguay,26.033333333333335,43.3,30.666666666666664,1-1,20.5,1-1,Draw,4.248,20.5,0.965,1.046,-0.08100000000000007
Paraguay,Cape Verde,30.666666666666664,43.3,26.033333333333335,1-1,20.5,1-1,Draw,4.248,20.5,1.046,0.965,0.08100000000000007
Cape Verde,Portugal,7.6,39.96666666666667,52.43333333333333,0-0,17.299999999999997,0-1,Portugal win,4.254,15.266666666666667,0.6173333333333333,1.465,-0.8476666666666668
Portugal,Cape Verde,52.43333333333333,39.96666666666667,7.6,0-0,17.299999999999997,1-0,Cape Verde win,4.254,15.266666666666667,1.465,0.6173333333333333,0.8476666666666668
Cape Verde,Qatar,27.0,42.13333333333333,30.866666666666664,1-1,19.7,1-1,Draw,4.147333333333333,19.7,0.99,1.0653333333333332,-0.07533333333333325
Qatar,Cape Verde,30.866666666666664,42.13333333333333,27.0,1-1,19.7,1-1,Draw,4.147333333333333,19.7,1.0653333333333332,0.99,0.07533333333333325
Cape Verde,Saudi Arabia,22.133333333333333,51.0,26.866666666666667,1-1,22.233333333333334,1-1,Draw,4.857333333333333,22.233333333333334,0.9243333333333333,1.0043333333333333,-0.07999999999999996
Saudi Arabia,Cape Verde,26.866666666666667,51.0,22.133333333333333,1-1,22.233333333333334,1-1,Draw,4.857333333333333,22.233333333333334,1.0043333333333333,0.9243333333333333,0.07999999999999996
Cape Verde,Scotland,20.433333333333334,47.43333333333333,32.13333333333333,1-1,21.2,1-1,Draw,4.569,21.2,0.8606666666666667,1.085,-0.22433333333333327
Scotland,Cape Verde,32.13333333333333,47.43333333333333,20.433333333333334,1-1,21.2,1-1,Draw,4.569,21.2,1.085,0.8606666666666667,0.22433333333333327
Cape Verde,Senegal,13.200000000000001,38.53333333333334,48.266666666666666,1-1,17.333333333333336,0-1,Senegal win,3.962,13.533333333333333,0.732,1.399,-0.667
Senegal,Cape Verde,48.266666666666666,38.53333333333334,13.200000000000001,1-1,17.333333333333336,1-0,Cape Verde win,3.962,13.533333333333333,1.399,0.732,0.667
Cape Verde,South Africa,28.633333333333333,44.5,26.866666666666667,1-1,20.7,1-1,Draw,4.347666666666667,20.7,1.0003333333333333,0.977,0.023333333333333317
South Africa,Cape Verde,26.866666666666667,44.5,28.633333333333333,1-1,20.7,1-1,Draw,4.347666666666667,20.7,0.977,1.0003333333333333,-0.023333333333333317
Cape Verde,South Korea,15.6,47.8,36.6,1-1,22.0,1-1,Draw,4.596333333333333,22.0,0.7866666666666666,1.162,-0.3753333333333333
South Korea,Cape Verde,36.6,47.8,15.6,1-1,22.0,1-1,Draw,4.596333333333333,22.0,1.162,0.7866666666666666,0.3753333333333333
Cape Verde,Spain,5.666666666666666,22.5,71.83333333333334,0-1,19.53333333333333,0-1,Spain win,5.447666666666667,19.53333333333333,0.5266666666666666,1.8393333333333333,-1.3126666666666666
Spain,Cape Verde,71.83333333333334,22.5,5.666666666666666,1-0,19.53333333333333,1-0,Cape Verde win,5.447666666666667,19.53333333333333,1.8393333333333333,0.5266666666666666,1.3126666666666666
Cape Verde,Sweden,23.866666666666667,47.099999999999994,29.03333333333333,1-1,22.066666666666666,1-1,Draw,4.562666666666667,22.066666666666666,0.9386666666666666,1.0416666666666667,-0.10300000000000009
Sweden,Cape Verde,29.03333333333333,47.099999999999994,23.866666666666667,1-1,22.066666666666666,1-1,Draw,4.562666666666667,22.066666666666666,1.0416666666666667,0.9386666666666666,0.10300000000000009
Cape Verde,Switzerland,19.433333333333334,32.86666666666667,47.699999999999996,1-1,14.933333333333335,0-1,Switzerland win,3.9033333333333333,13.666666666666666,0.8553333333333333,1.3773333333333333,-0.522
Switzerland,Cape Verde,47.699999999999996,32.86666666666667,19.433333333333334,1-1,14.933333333333335,1-0,Cape Verde win,3.9033333333333333,13.666666666666666,1.3773333333333333,0.8553333333333333,0.522
Cape Verde,Tunisia,24.666666666666668,45.93333333333333,29.4,1-1,20.0,1-1,Draw,4.433333333333334,20.0,0.9406666666666667,1.0163333333333333,-0.07566666666666666
Tunisia,Cape Verde,29.4,45.93333333333333,24.666666666666668,1-1,20.0,1-1,Draw,4.433333333333334,20.0,1.0163333333333333,0.9406666666666667,0.07566666666666666
Cape Verde,Turkey,18.5,47.46666666666667,34.03333333333333,1-1,20.466666666666665,0-0,Draw,4.548666666666667,20.233333333333334,0.8303333333333334,1.1156666666666666,-0.2853333333333332
Turkey,Cape Verde,34.03333333333333,47.46666666666667,18.5,1-1,20.466666666666665,0-0,Draw,4.548666666666667,20.233333333333334,1.1156666666666666,0.8303333333333334,0.2853333333333332
Cape Verde,United States,15.066666666666666,40.699999999999996,44.233333333333334,1-1,19.066666666666666,1-1,Draw,4.0136666666666665,19.066666666666666,0.7716666666666666,1.313,-0.5413333333333333
United States,Cape Verde,44.233333333333334,40.699999999999996,15.066666666666666,1-1,19.066666666666666,1-1,Draw,4.0136666666666665,19.066666666666666,1.313,0.7716666666666666,0.5413333333333333
Cape Verde,Uruguay,18.133333333333333,41.233333333333334,40.63333333333333,1-1,19.133333333333333,1-1,Draw,4.057666666666667,19.133333333333333,0.8293333333333334,1.24,-0.4106666666666666
Uruguay,Cape Verde,40.63333333333333,41.233333333333334,18.133333333333333,1-1,19.133333333333333,1-1,Draw,4.057666666666667,19.133333333333333,1.24,0.8293333333333334,0.4106666666666666
Cape Verde,Uzbekistan,24.46666666666667,36.03333333333333,39.5,1-1,16.466666666666665,1-1,Draw,3.6306666666666665,16.466666666666665,0.9446666666666667,1.2146666666666666,-0.2699999999999999
Uzbekistan,Cape Verde,39.5,36.03333333333333,24.46666666666667,1-1,16.466666666666665,1-1,Draw,3.6306666666666665,16.466666666666665,1.2146666666666666,0.9446666666666667,0.2699999999999999
Colombia,Croatia,18.46666666666667,45.36666666666667,36.16666666666667,1-1,21.366666666666667,1-1,Draw,4.421,21.366666666666667,0.849,1.1633333333333333,-0.31433333333333335
Croatia,Colombia,36.16666666666667,45.36666666666667,18.46666666666667,1-1,21.366666666666667,1-1,Draw,4.421,21.366666666666667,1.1633333333333333,0.849,0.31433333333333335
Colombia,Curaçao,62.96666666666667,25.333333333333336,11.700000000000001,1-0,16.0,1-0,Colombia win,4.809,16.0,1.7173333333333334,0.66,1.0573333333333332
Curaçao,Colombia,11.700000000000001,25.333333333333336,62.96666666666667,0-1,16.0,0-1,Curaçao win,4.809,16.0,0.66,1.7173333333333334,-1.0573333333333332
Colombia,Czech Republic,55.93333333333334,31.533333333333335,12.533333333333333,1-0,15.966666666666669,1-0,Colombia win,4.434333333333333,15.966666666666669,1.5406666666666666,0.7016666666666667,0.839
Czech Republic,Colombia,12.533333333333333,31.533333333333335,55.93333333333334,0-1,15.966666666666669,0-1,Czech Republic win,4.434333333333333,15.966666666666669,0.7016666666666667,1.5406666666666666,-0.839
Colombia,DR Congo,54.13333333333333,34.66666666666667,11.200000000000001,1-0,16.1,1-0,Colombia win,4.372333333333334,16.1,1.5186666666666666,0.7016666666666667,0.817
DR Congo,Colombia,11.200000000000001,34.66666666666667,54.13333333333333,0-1,16.1,0-1,DR Congo win,4.372333333333334,16.1,0.7016666666666667,1.5186666666666666,-0.817
Colombia,Ecuador,38.266666666666666,55.00000000000001,6.7333333333333325,1-1,25.1,1-1,Draw,5.188,25.1,1.214,0.6556666666666666,0.5583333333333333
Ecuador,Colombia,6.7333333333333325,55.00000000000001,38.266666666666666,1-1,25.1,1-1,Draw,5.188,25.1,0.6556666666666666,1.214,-0.5583333333333333
Colombia,Egypt,37.43333333333334,44.86666666666667,17.7,1-1,18.96666666666667,1-1,Draw,4.326333333333333,18.96666666666667,1.203,0.8436666666666667,0.3593333333333334
Egypt,Colombia,17.7,44.86666666666667,37.43333333333334,1-1,18.96666666666667,1-1,Draw,4.326333333333333,18.96666666666667,0.8436666666666667,1.203,-0.3593333333333334
Colombia,England,12.266666666666666,29.03333333333333,58.699999999999996,0-1,16.8,0-1,England win,4.629666666666667,16.8,0.6923333333333334,1.59,-0.8976666666666667
England,Colombia,58.699999999999996,29.03333333333333,12.266666666666666,1-0,16.8,1-0,Colombia win,4.629666666666667,16.8,1.59,0.6923333333333334,0.8976666666666667
Colombia,France,8.133333333333333,37.46666666666666,54.400000000000006,0-1,16.266666666666666,0-1,France win,4.413333333333333,16.266666666666666,0.6616666666666666,1.509,-0.8473333333333333
France,Colombia,54.400000000000006,37.46666666666666,8.133333333333333,1-0,16.266666666666666,1-0,Colombia win,4.413333333333333,16.266666666666666,1.509,0.6616666666666666,0.8473333333333333
Colombia,Germany,20.9,44.43333333333334,34.66666666666667,1-1,20.3,1-1,Draw,4.3213333333333335,20.3,0.8803333333333333,1.124,-0.2436666666666668
Germany,Colombia,34.66666666666667,44.43333333333334,20.9,1-1,20.3,1-1,Draw,4.3213333333333335,20.3,1.124,0.8803333333333333,0.2436666666666668
Colombia,Ghana,48.93333333333334,28.53333333333333,22.53333333333333,1-0,14.933333333333335,1-0,Colombia win,3.9913333333333334,14.933333333333335,1.3983333333333334,0.8823333333333333,0.5160000000000001
Ghana,Colombia,22.53333333333333,28.53333333333333,48.93333333333334,0-1,14.933333333333335,0-1,Ghana win,3.9913333333333334,14.933333333333335,0.8823333333333333,1.3983333333333334,-0.5160000000000001
Colombia,Haiti,60.4,27.366666666666667,12.233333333333334,1-0,16.233333333333334,1-0,Colombia win,4.679666666666667,16.233333333333334,1.6436666666666666,0.662,0.9816666666666666
Haiti,Colombia,12.233333333333334,27.366666666666667,60.4,0-1,16.233333333333334,0-1,Haiti win,4.679666666666667,16.233333333333334,0.662,1.6436666666666666,-0.9816666666666666
Colombia,Iran,35.5,46.63333333333333,17.866666666666667,1-1,20.166666666666664,1-1,Draw,4.487333333333333,20.166666666666664,1.146,0.8046666666666666,0.34133333333333327
Iran,Colombia,17.866666666666667,46.63333333333333,35.5,1-1,20.166666666666664,1-1,Draw,4.487333333333333,20.166666666666664,0.8046666666666666,1.146,-0.34133333333333327
Colombia,Iraq,52.76666666666666,34.300000000000004,12.933333333333334,1-1,15.7,1-0,Colombia win,4.252666666666666,15.233333333333333,1.4546666666666668,0.7116666666666667,0.7430000000000001
Iraq,Colombia,12.933333333333334,34.300000000000004,52.76666666666666,1-1,15.7,0-1,Iraq win,4.252666666666666,15.233333333333333,0.7116666666666667,1.4546666666666668,-0.7430000000000001
Colombia,Ivory Coast,41.03333333333333,39.33333333333333,19.633333333333333,1-1,17.666666666666668,1-1,Draw,3.889666666666667,17.666666666666668,1.2346666666666666,0.846,0.3886666666666666
Ivory Coast,Colombia,19.633333333333333,39.33333333333333,41.03333333333333,1-1,17.666666666666668,1-1,Draw,3.889666666666667,17.666666666666668,0.846,1.2346666666666666,-0.3886666666666666
Colombia,Japan,22.433333333333334,51.233333333333334,26.333333333333332,1-1,24.0,1-1,Draw,4.908,24.0,0.924,0.9846666666666667,-0.06066666666666665
Japan,Colombia,26.333333333333332,51.233333333333334,22.433333333333334,1-1,24.0,1-1,Draw,4.908,24.0,0.9846666666666667,0.924,0.06066666666666665
Colombia,Jordan,58.266666666666666,29.099999999999998,12.633333333333333,1-0,15.1,1-0,Colombia win,4.541666666666667,15.1,1.5963333333333334,0.6913333333333334,0.905
Jordan,Colombia,12.633333333333333,29.099999999999998,58.266666666666666,0-1,15.1,0-1,Jordan win,4.541666666666667,15.1,0.6913333333333334,1.5963333333333334,-0.905
Colombia,Mexico,26.23333333333333,43.333333333333336,30.433333333333334,1-1,20.366666666666667,1-1,Draw,4.242333333333334,20.366666666666667,1.008,1.0766666666666667,-0.06866666666666665
Mexico,Colombia,30.433333333333334,43.333333333333336,26.23333333333333,1-1,20.366666666666667,1-1,Draw,4.242333333333334,20.366666666666667,1.0766666666666667,1.008,0.06866666666666665
Colombia,Morocco,14.133333333333335,41.3,44.56666666666666,1-1,19.166666666666668,1-1,Draw,4.062,19.166666666666668,0.7416666666666667,1.318,-0.5763333333333334
Morocco,Colombia,44.56666666666666,41.3,14.133333333333335,1-1,19.166666666666668,1-1,Draw,4.062,19.166666666666668,1.318,0.7416666666666667,0.5763333333333334
Colombia,Netherlands,19.8,33.53333333333333,46.666666666666664,1-1,15.333333333333332,0-1,Netherlands win,3.8666666666666667,15.066666666666666,0.8453333333333334,1.347,-0.5016666666666666
Netherlands,Colombia,46.666666666666664,33.53333333333333,19.8,1-1,15.333333333333332,1-0,Colombia win,3.8666666666666667,15.066666666666666,1.347,0.8453333333333334,0.5016666666666666
Colombia,New Zealand,46.800000000000004,28.366666666666667,24.833333333333332,1-0,14.566666666666666,1-0,Colombia win,3.8466666666666667,14.566666666666666,1.3246666666666667,0.8846666666666667,0.43999999999999995
New Zealand,Colombia,24.833333333333332,28.366666666666667,46.800000000000004,0-1,14.566666666666666,0-1,New Zealand win,3.8466666666666667,14.566666666666666,0.8846666666666667,1.3246666666666667,-0.43999999999999995
Colombia,Norway,43.5,37.43333333333334,19.066666666666666,1-1,17.166666666666668,1-1,Draw,3.744666666666667,17.166666666666668,1.3036666666666668,0.8456666666666667,0.4580000000000001
Norway,Colombia,19.066666666666666,37.43333333333334,43.5,1-1,17.166666666666668,1-1,Draw,3.744666666666667,17.166666666666668,0.8456666666666667,1.3036666666666668,-0.4580000000000001
Colombia,Panama,35.86666666666667,45.800000000000004,18.333333333333332,1-1,21.933333333333334,1-1,Draw,4.461,21.933333333333334,1.1323333333333334,0.8386666666666667,0.29366666666666674
Panama,Colombia,18.333333333333332,45.800000000000004,35.86666666666667,1-1,21.933333333333334,1-1,Draw,4.461,21.933333333333334,0.8386666666666667,1.1323333333333334,-0.29366666666666674
Colombia,Paraguay,43.3,50.06666666666667,6.633333333333333,1-1,22.5,0-0,Draw,4.764333333333333,21.066666666666666,1.3026666666666666,0.6433333333333333,0.6593333333333333
Paraguay,Colombia,6.633333333333333,50.06666666666667,43.3,1-1,22.5,0-0,Draw,4.764333333333333,21.066666666666666,0.6433333333333333,1.3026666666666666,-0.6593333333333333
Colombia,Portugal,15.366666666666667,40.0,44.63333333333333,1-1,18.033333333333335,1-1,Draw,3.9423333333333335,18.033333333333335,0.791,1.3336666666666666,-0.5426666666666665
Portugal,Colombia,44.63333333333333,40.0,15.366666666666667,1-1,18.033333333333335,1-1,Draw,3.9423333333333335,18.033333333333335,1.3336666666666666,0.791,0.5426666666666665
Colombia,Qatar,56.166666666666664,32.03333333333334,11.799999999999999,1-0,15.566666666666668,1-0,Colombia win,4.458666666666667,15.566666666666668,1.5443333333333333,0.6913333333333334,0.853
Qatar,Colombia,11.799999999999999,32.03333333333334,56.166666666666664,0-1,15.566666666666668,0-1,Qatar win,4.458666666666667,15.566666666666668,0.6913333333333334,1.5443333333333333,-0.853
Colombia,Saudi Arabia,55.233333333333334,31.866666666666667,12.9,1-1,15.533333333333331,1-0,Colombia win,4.356,14.2,1.543,0.724,0.819
Saudi Arabia,Colombia,12.9,31.866666666666667,55.233333333333334,1-1,15.533333333333331,0-1,Saudi Arabia win,4.356,14.2,0.724,1.543,-0.819
Colombia,Scotland,55.233333333333334,30.866666666666664,13.900000000000002,1-0,15.533333333333331,1-0,Colombia win,4.38,15.533333333333331,1.547,0.735,0.8119999999999999
Scotland,Colombia,13.900000000000002,30.866666666666664,55.233333333333334,0-1,15.533333333333331,0-1,Scotland win,4.38,15.533333333333331,0.735,1.547,-0.8119999999999999
Colombia,Senegal,23.3,43.0,33.7,1-1,19.833333333333332,1-1,Draw,4.213,19.833333333333332,0.902,1.106,-0.20400000000000007
Senegal,Colombia,33.7,43.0,23.3,1-1,19.833333333333332,1-1,Draw,4.213,19.833333333333332,1.106,0.902,0.20400000000000007
Colombia,South Africa,58.333333333333336,30.8,10.866666666666665,1-0,16.166666666666664,1-0,Colombia win,4.608333333333333,16.166666666666664,1.5763333333333334,0.6756666666666666,0.9006666666666667
South Africa,Colombia,10.866666666666665,30.8,58.333333333333336,0-1,16.166666666666664,0-1,South Africa win,4.608333333333333,16.166666666666664,0.6756666666666666,1.5763333333333334,-0.9006666666666667
Colombia,South Korea,35.46666666666667,45.800000000000004,18.73333333333333,1-1,19.233333333333334,1-1,Draw,4.397333333333333,19.233333333333334,1.1673333333333333,0.853,0.31433333333333335
South Korea,Colombia,18.73333333333333,45.800000000000004,35.46666666666667,1-1,19.233333333333334,1-1,Draw,4.397333333333333,19.233333333333334,0.853,1.1673333333333333,-0.31433333333333335
Colombia,Spain,9.9,38.333333333333336,51.76666666666667,1-1,17.666666666666668,0-1,Spain win,4.248333333333333,16.266666666666666,0.678,1.4553333333333334,-0.7773333333333333
Spain,Colombia,51.76666666666667,38.333333333333336,9.9,1-1,17.666666666666668,1-0,Colombia win,4.248333333333333,16.266666666666666,1.4553333333333334,0.678,0.7773333333333333
Colombia,Sweden,62.4,27.766666666666666,9.833333333333332,1-0,16.8,1-0,Colombia win,4.821,16.8,1.6726666666666667,0.624,1.0486666666666666
Sweden,Colombia,9.833333333333332,27.766666666666666,62.4,0-1,16.8,0-1,Sweden win,4.821,16.8,0.624,1.6726666666666667,-1.0486666666666666
Colombia,Switzerland,35.06666666666667,39.6,25.333333333333336,1-1,18.933333333333334,1-1,Draw,3.936,18.933333333333334,1.144,0.959,0.18499999999999994
Switzerland,Colombia,25.333333333333336,39.6,35.06666666666667,1-1,18.933333333333334,1-1,Draw,3.936,18.933333333333334,0.959,1.144,-0.18499999999999994
Colombia,Tunisia,57.63333333333334,32.766666666666666,9.6,1-0,16.8,1-0,Colombia win,4.586,16.8,1.556,0.642,0.914
Tunisia,Colombia,9.6,32.766666666666666,57.63333333333334,0-1,16.8,0-1,Tunisia win,4.586,16.8,0.642,1.556,-0.914
Colombia,Turkey,47.733333333333334,38.1,14.166666666666666,1-1,16.03333333333333,1-0,Colombia win,3.9203333333333332,14.533333333333335,1.406,0.768,0.6379999999999999
Turkey,Colombia,14.166666666666666,38.1,47.733333333333334,1-1,16.03333333333333,0-1,Turkey win,3.9203333333333332,14.533333333333335,0.768,1.406,-0.6379999999999999
Colombia,United States,25.6,47.266666666666666,27.133333333333333,1-1,22.133333333333333,1-1,Draw,4.572,22.133333333333333,0.9546666666666667,0.987,-0.032333333333333325
United States,Colombia,27.133333333333333,47.266666666666666,25.6,1-1,22.133333333333333,1-1,Draw,4.572,22.133333333333333,0.987,0.9546666666666667,0.032333333333333325
Colombia,Uruguay,36.0,51.800000000000004,12.2,1-1,24.133333333333333,1-1,Draw,4.941333333333334,24.133333333333333,1.1686666666666667,0.7753333333333333,0.3933333333333334
Uruguay,Colombia,12.2,51.800000000000004,36.0,1-1,24.133333333333333,1-1,Draw,4.941333333333334,24.133333333333333,0.7753333333333333,1.1686666666666667,-0.3933333333333334
Colombia,Uzbekistan,48.9,32.83333333333333,18.266666666666666,1-1,15.299999999999999,1-0,Colombia win,4.005,14.333333333333334,1.403,0.8113333333333334,0.5916666666666667
Uzbekistan,Colombia,18.266666666666666,32.83333333333333,48.9,1-1,15.299999999999999,0-1,Uzbekistan win,4.005,14.333333333333334,0.8113333333333334,1.403,-0.5916666666666667
Croatia,Curaçao,68.2,25.900000000000002,5.8999999999999995,1-0,18.73333333333333,1-0,Croatia win,5.213,18.73333333333333,1.8063333333333333,0.5426666666666666,1.2636666666666667
Curaçao,Croatia,5.8999999999999995,25.900000000000002,68.2,0-1,18.73333333333333,0-1,Curaçao win,5.213,18.73333333333333,0.5426666666666666,1.8063333333333333,-1.2636666666666667
Croatia,Czech Republic,49.93333333333334,41.16666666666667,8.9,1-1,18.53333333333333,1-0,Croatia win,4.144666666666667,15.7,1.4046666666666667,0.6606666666666666,0.7440000000000001
Czech Republic,Croatia,8.9,41.16666666666667,49.93333333333334,1-1,18.53333333333333,0-1,Czech Republic win,4.144666666666667,15.7,0.6606666666666666,1.4046666666666667,-0.7440000000000001
Croatia,DR Congo,54.6,36.13333333333333,9.266666666666666,1-1,16.633333333333333,1-0,Croatia win,4.3933333333333335,16.166666666666664,1.5296666666666667,0.6706666666666666,0.8590000000000001
DR Congo,Croatia,9.266666666666666,36.13333333333333,54.6,1-1,16.633333333333333,0-1,DR Congo win,4.3933333333333335,16.166666666666664,0.6706666666666666,1.5296666666666667,-0.8590000000000001
Croatia,Ecuador,53.36666666666666,36.666666666666664,9.966666666666667,1-1,15.833333333333332,1-0,Croatia win,4.281,15.133333333333333,1.4766666666666666,0.6543333333333333,0.8223333333333332
Ecuador,Croatia,9.966666666666667,36.666666666666664,53.36666666666666,1-1,15.833333333333332,0-1,Ecuador win,4.281,15.133333333333333,0.6543333333333333,1.4766666666666666,-0.8223333333333332
Croatia,Egypt,46.0,40.36666666666667,13.633333333333333,1-1,18.73333333333333,1-1,Draw,3.9843333333333333,18.73333333333333,1.3523333333333334,0.762,0.5903333333333334
Egypt,Croatia,13.633333333333333,40.36666666666667,46.0,1-1,18.73333333333333,1-1,Draw,3.9843333333333333,18.73333333333333,0.762,1.3523333333333334,-0.5903333333333334
Croatia,England,26.266666666666666,27.53333333333333,46.2,0-1,13.533333333333333,0-1,England win,3.806,13.533333333333333,0.9816666666666667,1.3383333333333334,-0.3566666666666667
England,Croatia,46.2,27.53333333333333,26.266666666666666,1-0,13.533333333333333,1-0,Croatia win,3.806,13.533333333333333,1.3383333333333334,0.9816666666666667,0.3566666666666667
Croatia,France,19.966666666666665,38.0,42.03333333333333,1-1,17.933333333333334,1-1,Draw,3.7933333333333334,17.933333333333334,0.8746666666666667,1.294,-0.41933333333333334
France,Croatia,42.03333333333333,38.0,19.966666666666665,1-1,17.933333333333334,1-1,Draw,3.7933333333333334,17.933333333333334,1.294,0.8746666666666667,0.41933333333333334
Croatia,Germany,28.433333333333334,46.300000000000004,25.266666666666666,1-1,20.266666666666666,1-1,Draw,4.458666666666667,20.266666666666666,1.0233333333333334,0.9753333333333334,0.04800000000000004
Germany,Croatia,25.266666666666666,46.300000000000004,28.433333333333334,1-1,20.266666666666666,1-1,Draw,4.458666666666667,20.266666666666666,0.9753333333333334,1.0233333333333334,-0.04800000000000004
Croatia,Ghana,52.5,31.933333333333337,15.566666666666668,1-0,15.733333333333333,1-0,Croatia win,4.232,15.733333333333333,1.4526666666666668,0.7456666666666667,0.7070000000000001
Ghana,Croatia,15.566666666666668,31.933333333333337,52.5,0-1,15.733333333333333,0-1,Ghana win,4.232,15.733333333333333,0.7456666666666667,1.4526666666666668,-0.7070000000000001
Croatia,Haiti,66.06666666666666,27.133333333333333,6.800000000000001,1-0,17.266666666666666,1-0,Croatia win,5.052666666666667,17.266666666666666,1.7323333333333333,0.5576666666666666,1.1746666666666665
Haiti,Croatia,6.800000000000001,27.133333333333333,66.06666666666666,0-1,17.266666666666666,0-1,Haiti win,5.052666666666667,17.266666666666666,0.5576666666666666,1.7323333333333333,-1.1746666666666665
Croatia,Iran,43.96666666666667,43.333333333333336,12.7,1-1,19.6,1-1,Draw,4.216333333333333,19.6,1.3093333333333332,0.7413333333333333,0.568
Iran,Croatia,12.7,43.333333333333336,43.96666666666667,1-1,19.6,1-1,Draw,4.216333333333333,19.6,0.7413333333333333,1.3093333333333332,-0.568
Croatia,Iraq,59.4,32.4,8.200000000000001,1-0,17.133333333333333,1-0,Croatia win,4.707333333333334,17.133333333333333,1.6033333333333333,0.624,0.9793333333333333
Iraq,Croatia,8.200000000000001,32.4,59.4,0-1,17.133333333333333,0-1,Iraq win,4.707333333333334,17.133333333333333,0.624,1.6033333333333333,-0.9793333333333333
Croatia,Ivory Coast,51.366666666666674,35.56666666666667,13.066666666666665,1-1,16.133333333333333,1-0,Croatia win,4.207666666666666,16.03333333333333,1.4363333333333332,0.722,0.7143333333333333
Ivory Coast,Croatia,13.066666666666665,35.56666666666667,51.366666666666674,1-1,16.133333333333333,0-1,Ivory Coast win,4.207666666666666,16.03333333333333,0.722,1.4363333333333332,-0.7143333333333333
Croatia,Japan,29.833333333333336,48.699999999999996,21.46666666666667,1-1,21.266666666666666,1-1,Draw,4.660666666666667,21.266666666666666,1.0786666666666667,0.9283333333333333,0.15033333333333332
Japan,Croatia,21.46666666666667,48.699999999999996,29.833333333333336,1-1,21.266666666666666,1-1,Draw,4.660666666666667,21.266666666666666,0.9283333333333333,1.0786666666666667,-0.15033333333333332
Croatia,Jordan,63.366666666666674,29.4,7.233333333333333,1-0,16.53333333333333,1-0,Croatia win,4.886333333333333,16.53333333333333,1.693,0.578,1.1150000000000002
Jordan,Croatia,7.233333333333333,29.4,63.366666666666674,0-1,16.53333333333333,0-1,Jordan win,4.886333333333333,16.53333333333333,0.578,1.693,-1.1150000000000002
Croatia,Mexico,31.666666666666664,46.63333333333333,21.7,1-1,21.233333333333334,1-1,Draw,4.503333333333333,21.233333333333334,1.1063333333333334,0.9086666666666666,0.19766666666666677
Mexico,Croatia,21.7,46.63333333333333,31.666666666666664,1-1,21.233333333333334,1-1,Draw,4.503333333333333,21.233333333333334,0.9086666666666666,1.1063333333333334,-0.19766666666666677
Croatia,Morocco,20.3,44.53333333333334,35.16666666666667,1-1,20.5,1-1,Draw,4.328333333333333,20.5,0.8806666666666667,1.155,-0.2743333333333333
Morocco,Croatia,35.16666666666667,44.53333333333334,20.3,1-1,20.5,1-1,Draw,4.328333333333333,20.5,1.155,0.8806666666666667,0.2743333333333333
Croatia,Netherlands,28.4,37.46666666666666,34.13333333333333,1-1,16.6,1-1,Draw,3.735,16.6,1.0213333333333334,1.1156666666666666,-0.09433333333333316
Netherlands,Croatia,34.13333333333333,37.46666666666666,28.4,1-1,16.6,1-1,Draw,3.735,16.6,1.1156666666666666,1.0213333333333334,0.09433333333333316
Croatia,New Zealand,54.666666666666664,30.933333333333334,14.399999999999999,1-0,16.03333333333333,1-0,Croatia win,4.381,16.03333333333333,1.503,0.7476666666666667,0.7553333333333332
New Zealand,Croatia,14.399999999999999,30.933333333333334,54.666666666666664,0-1,16.03333333333333,0-1,New Zealand win,4.381,16.03333333333333,0.7476666666666667,1.503,-0.7553333333333332
Croatia,Norway,49.666666666666664,34.300000000000004,16.03333333333333,1-1,15.299999999999999,1-0,Croatia win,4.042666666666666,14.866666666666667,1.414,0.7706666666666667,0.6433333333333332
Norway,Croatia,16.03333333333333,34.300000000000004,49.666666666666664,1-1,15.299999999999999,0-1,Norway win,4.042666666666666,14.866666666666667,0.7706666666666667,1.414,-0.6433333333333332
Croatia,Panama,47.53333333333333,38.86666666666667,13.600000000000001,1-1,17.066666666666666,1-0,Croatia win,3.952,14.166666666666666,1.363,0.738,0.625
Panama,Croatia,13.600000000000001,38.86666666666667,47.53333333333333,1-1,17.066666666666666,0-1,Panama win,3.952,14.166666666666666,0.738,1.363,-0.625
Croatia,Paraguay,61.1,31.233333333333334,7.666666666666666,1-0,16.333333333333332,1-0,Croatia win,4.738,16.333333333333332,1.6636666666666666,0.6033333333333334,1.0603333333333333
Paraguay,Croatia,7.666666666666666,31.233333333333334,61.1,0-1,16.333333333333332,0-1,Paraguay win,4.738,16.333333333333332,0.6033333333333334,1.6636666666666666,-1.0603333333333333
Croatia,Portugal,21.7,46.13333333333333,32.166666666666664,1-1,21.0,1-1,Draw,4.462666666666666,21.0,0.9266666666666666,1.1143333333333334,-0.18766666666666676
Portugal,Croatia,32.166666666666664,46.13333333333333,21.7,1-1,21.0,1-1,Draw,4.462666666666666,21.0,1.1143333333333334,0.9266666666666666,0.18766666666666676
Croatia,Qatar,62.2,30.133333333333333,7.666666666666666,1-0,17.166666666666668,1-0,Croatia win,4.850666666666666,17.166666666666668,1.667,0.5953333333333334,1.0716666666666668
Qatar,Croatia,7.666666666666666,30.133333333333333,62.2,0-1,17.166666666666668,0-1,Qatar win,4.850666666666666,17.166666666666668,0.5953333333333334,1.667,-1.0716666666666668
Croatia,Saudi Arabia,58.03333333333334,33.96666666666667,8.0,1-0,16.0,1-0,Croatia win,4.591666666666667,16.0,1.59,0.6273333333333333,0.9626666666666668
Saudi Arabia,Croatia,8.0,33.96666666666667,58.03333333333334,0-1,16.0,0-1,Saudi Arabia win,4.591666666666667,16.0,0.6273333333333333,1.59,-0.9626666666666668
Croatia,Scotland,49.36666666666667,41.333333333333336,9.3,1-1,18.933333333333334,1-0,Croatia win,4.057,14.266666666666666,1.449,0.6893333333333334,0.7596666666666667
Scotland,Croatia,9.3,41.333333333333336,49.36666666666667,1-1,18.933333333333334,0-1,Scotland win,4.057,14.266666666666666,0.6893333333333334,1.449,-0.7596666666666667
Croatia,Senegal,31.366666666666664,45.766666666666666,22.866666666666667,1-1,20.233333333333334,1-1,Draw,4.425333333333334,20.233333333333334,1.1093333333333333,0.9553333333333334,0.15399999999999991
Senegal,Croatia,22.866666666666667,45.766666666666666,31.366666666666664,1-1,20.233333333333334,1-1,Draw,4.425333333333334,20.233333333333334,0.9553333333333334,1.1093333333333333,-0.15399999999999991
Croatia,South Africa,60.699999999999996,30.633333333333333,8.666666666666668,1-0,16.866666666666667,1-0,Croatia win,4.734666666666667,16.866666666666667,1.6403333333333334,0.6033333333333334,1.037
South Africa,Croatia,8.666666666666668,30.633333333333333,60.699999999999996,0-1,16.866666666666667,0-1,South Africa win,4.734666666666667,16.866666666666667,0.6033333333333334,1.6403333333333334,-1.037
Croatia,South Korea,42.96666666666666,43.06666666666666,13.966666666666667,1-1,20.0,1-1,Draw,4.207,20.0,1.284,0.769,0.515
South Korea,Croatia,13.966666666666667,43.06666666666666,42.96666666666666,1-1,20.0,1-1,Draw,4.207,20.0,0.769,1.284,-0.515
Croatia,Spain,23.5,35.43333333333333,41.06666666666667,1-1,15.833333333333332,1-1,Draw,3.5713333333333335,15.833333333333332,0.9153333333333333,1.2526666666666666,-0.33733333333333326
Spain,Croatia,41.06666666666667,35.43333333333333,23.5,1-1,15.833333333333332,1-1,Draw,3.5713333333333335,15.833333333333332,1.2526666666666666,0.9153333333333333,0.33733333333333326
Croatia,Sweden,66.36666666666666,26.6,7.033333333333333,1-0,16.8,1-0,Croatia win,5.0456666666666665,16.8,1.7953333333333332,0.5836666666666667,1.2116666666666664
Sweden,Croatia,7.033333333333333,26.6,66.36666666666666,0-1,16.8,0-1,Sweden win,5.0456666666666665,16.8,0.5836666666666667,1.7953333333333332,-1.2116666666666664
Croatia,Switzerland,42.9,40.1,17.0,0-0,17.4,1-1,Draw,3.9346666666666668,16.566666666666666,1.268,0.7976666666666666,0.4703333333333334
Switzerland,Croatia,17.0,40.1,42.9,0-0,17.4,1-1,Draw,3.9346666666666668,16.566666666666666,0.7976666666666666,1.268,-0.4703333333333334
Croatia,Tunisia,60.66666666666667,32.03333333333334,7.3,1-0,17.0,1-0,Croatia win,4.772333333333333,17.0,1.6223333333333334,0.5946666666666667,1.0276666666666667
Tunisia,Croatia,7.3,32.03333333333334,60.66666666666667,0-1,17.0,0-1,Tunisia win,4.772333333333333,17.0,0.5946666666666667,1.6223333333333334,-1.0276666666666667
Croatia,Turkey,43.8,45.300000000000004,10.9,1-1,19.566666666666666,0-0,Draw,4.373666666666667,18.933333333333334,1.3156666666666668,0.6953333333333334,0.6203333333333334
Turkey,Croatia,10.9,45.300000000000004,43.8,1-1,19.566666666666666,0-0,Draw,4.373666666666667,18.933333333333334,0.6953333333333334,1.3156666666666668,-0.6203333333333334
Croatia,United States,34.06666666666667,45.03333333333333,20.9,1-1,20.3,1-1,Draw,4.358333333333333,20.3,1.1323333333333334,0.892,0.2403333333333334
United States,Croatia,20.9,45.03333333333333,34.06666666666667,1-1,20.3,1-1,Draw,4.358333333333333,20.3,0.892,1.1323333333333334,-0.2403333333333334
Croatia,Uruguay,41.199999999999996,41.13333333333333,17.666666666666668,1-1,18.5,1-1,Draw,4.028666666666667,18.5,1.2483333333333333,0.8263333333333334,0.42199999999999993
Uruguay,Croatia,17.666666666666668,41.13333333333333,41.199999999999996,1-1,18.5,1-1,Draw,4.028666666666667,18.5,0.8263333333333334,1.2483333333333333,-0.42199999999999993
Croatia,Uzbekistan,55.46666666666666,31.833333333333336,12.7,1-0,16.833333333333332,1-0,Croatia win,4.451333333333333,16.833333333333332,1.5303333333333333,0.7046666666666667,0.8256666666666667
Uzbekistan,Croatia,12.7,31.833333333333336,55.46666666666666,0-1,16.833333333333332,0-1,Uzbekistan win,4.451333333333333,16.833333333333332,0.7046666666666667,1.5303333333333333,-0.8256666666666667
Curaçao,Czech Republic,16.6,39.6,43.8,1-1,17.533333333333335,1-1,Draw,3.9006666666666665,17.533333333333335,0.8073333333333333,1.317,-0.5096666666666666
Czech Republic,Curaçao,43.8,39.6,16.6,1-1,17.533333333333335,1-1,Draw,3.9006666666666665,17.533333333333335,1.317,0.8073333333333333,0.5096666666666666
Curaçao,DR Congo,15.5,42.63333333333333,41.86666666666667,1-1,19.466666666666665,1-1,Draw,4.163333333333333,19.466666666666665,0.781,1.2706666666666666,-0.4896666666666666
DR Congo,Curaçao,41.86666666666667,42.63333333333333,15.5,1-1,19.466666666666665,1-1,Draw,4.163333333333333,19.466666666666665,1.2706666666666666,0.781,0.4896666666666666
Curaçao,Ecuador,15.066666666666666,41.13333333333333,43.8,1-1,20.366666666666667,1-1,Draw,4.0696666666666665,20.366666666666667,0.778,1.297,-0.5189999999999999
Ecuador,Curaçao,43.8,41.13333333333333,15.066666666666666,1-1,20.366666666666667,1-1,Draw,4.0696666666666665,20.366666666666667,1.297,0.778,0.5189999999999999
Curaçao,Egypt,11.433333333333334,40.8,47.766666666666666,1-1,18.7,1-1,Draw,4.009333333333333,18.7,0.7073333333333334,1.38,-0.6726666666666665
Egypt,Curaçao,47.766666666666666,40.8,11.433333333333334,1-1,18.7,1-1,Draw,4.009333333333333,18.7,1.38,0.7073333333333334,0.6726666666666665
Curaçao,England,6.966666666666667,19.6,73.43333333333332,0-1,17.766666666666666,0-1,England win,5.447,17.766666666666666,0.54,1.9296666666666666,-1.3896666666666666
England,Curaçao,73.43333333333332,19.6,6.966666666666667,1-0,17.766666666666666,1-0,Curaçao win,5.447,17.766666666666666,1.9296666666666666,0.54,1.3896666666666666
Curaçao,France,4.3999999999999995,22.333333333333332,73.26666666666667,0-1,18.366666666666667,0-1,France win,5.461666666666667,18.366666666666667,0.49833333333333335,1.917,-1.4186666666666667
France,Curaçao,73.26666666666667,22.333333333333332,4.3999999999999995,1-0,18.366666666666667,1-0,Curaçao win,5.461666666666667,18.366666666666667,1.917,0.49833333333333335,1.4186666666666667
Curaçao,Germany,8.266666666666666,36.199999999999996,55.53333333333333,0-1,17.666666666666668,0-1,Germany win,4.503,17.666666666666668,0.62,1.4983333333333333,-0.8783333333333333
Germany,Curaçao,55.53333333333333,36.199999999999996,8.266666666666666,1-0,17.666666666666668,1-0,Curaçao win,4.503,17.666666666666668,1.4983333333333333,0.62,0.8783333333333333
Curaçao,Ghana,14.466666666666667,36.03333333333333,49.5,1-1,17.066666666666666,0-1,Ghana win,4.065,15.466666666666667,0.7323333333333333,1.4043333333333334,-0.6720000000000002
Ghana,Curaçao,49.5,36.03333333333333,14.466666666666667,1-1,17.066666666666666,1-0,Curaçao win,4.065,15.466666666666667,1.4043333333333334,0.7323333333333333,0.6720000000000002
Curaçao,Haiti,29.9,42.53333333333333,27.566666666666666,1-1,19.766666666666666,1-1,Draw,4.177,19.766666666666666,1.0563333333333333,1.018,0.03833333333333333
Haiti,Curaçao,27.566666666666666,42.53333333333333,29.9,1-1,19.766666666666666,1-1,Draw,4.177,19.766666666666666,1.018,1.0563333333333333,-0.03833333333333333
Curaçao,Iran,13.766666666666666,43.4,42.833333333333336,1-1,19.733333333333334,1-1,Draw,4.224333333333333,19.733333333333334,0.7506666666666667,1.296,-0.5453333333333333
Iran,Curaçao,42.833333333333336,43.4,13.766666666666666,1-1,19.733333333333334,1-1,Draw,4.224333333333333,19.733333333333334,1.296,0.7506666666666667,0.5453333333333333
Curaçao,Iraq,17.2,43.666666666666664,39.13333333333333,1-1,19.833333333333332,1-1,Draw,4.250333333333334,19.833333333333332,0.822,1.2343333333333333,-0.41233333333333333
Iraq,Curaçao,39.13333333333333,43.666666666666664,17.2,1-1,19.833333333333332,1-1,Draw,4.250333333333334,19.833333333333332,1.2343333333333333,0.822,0.41233333333333333
Curaçao,Ivory Coast,9.5,37.333333333333336,53.166666666666664,1-1,17.4,0-1,Ivory Coast win,4.346333333333333,16.3,0.6573333333333333,1.4656666666666667,-0.8083333333333333
Ivory Coast,Curaçao,53.166666666666664,37.333333333333336,9.5,1-1,17.4,1-0,Curaçao win,4.346333333333333,16.3,1.4656666666666667,0.6573333333333333,0.8083333333333333
Curaçao,Japan,7.166666666666667,36.833333333333336,56.00000000000001,1-1,16.666666666666664,0-1,Japan win,4.486,16.066666666666666,0.6083333333333333,1.5316666666666667,-0.9233333333333335
Japan,Curaçao,56.00000000000001,36.833333333333336,7.166666666666667,1-1,16.666666666666664,1-0,Curaçao win,4.486,16.066666666666666,1.5316666666666667,0.6083333333333333,0.9233333333333335
Curaçao,Jordan,19.966666666666665,39.33333333333333,40.699999999999996,1-1,17.666666666666668,1-1,Draw,3.8943333333333334,17.666666666666668,0.8643333333333333,1.2496666666666667,-0.3853333333333334
Jordan,Curaçao,40.699999999999996,39.33333333333333,19.966666666666665,1-1,17.666666666666668,1-1,Draw,3.8943333333333334,17.666666666666668,1.2496666666666667,0.8643333333333333,0.3853333333333334
Curaçao,Mexico,7.7,33.93333333333333,58.36666666666667,0-1,16.133333333333333,0-1,Mexico win,4.596333333333333,16.133333333333333,0.618,1.599,-0.981
Mexico,Curaçao,58.36666666666667,33.93333333333333,7.7,1-0,16.133333333333333,1-0,Curaçao win,4.596333333333333,16.133333333333333,1.599,0.618,0.981
Curaçao,Morocco,5.366666666666667,39.36666666666667,55.266666666666666,1-1,17.533333333333335,0-1,Morocco win,4.504333333333333,17.4,0.5723333333333334,1.491,-0.9186666666666667
Morocco,Curaçao,55.266666666666666,39.36666666666667,5.366666666666667,1-1,17.533333333333335,1-0,Curaçao win,4.504333333333333,17.4,1.491,0.5723333333333334,0.9186666666666667
Curaçao,Netherlands,7.733333333333333,26.266666666666666,66.0,0-1,17.466666666666665,0-1,Netherlands win,5.06,17.466666666666665,0.5716666666666667,1.7406666666666666,-1.169
Netherlands,Curaçao,66.0,26.266666666666666,7.733333333333333,1-0,17.466666666666665,1-0,Curaçao win,5.06,17.466666666666665,1.7406666666666666,0.5716666666666667,1.169
Curaçao,New Zealand,25.4,42.833333333333336,31.766666666666666,1-1,19.633333333333333,1-1,Draw,4.192333333333333,19.633333333333333,0.989,1.0843333333333334,-0.09533333333333338
New Zealand,Curaçao,31.766666666666666,42.833333333333336,25.4,1-1,19.633333333333333,1-1,Draw,4.192333333333333,19.633333333333333,1.0843333333333334,0.989,0.09533333333333338
Curaçao,Norway,13.566666666666666,36.233333333333334,50.2,1-1,16.3,0-1,Norway win,4.085666666666667,14.766666666666667,0.7303333333333333,1.4296666666666666,-0.6993333333333334
Norway,Curaçao,50.2,36.233333333333334,13.566666666666666,1-1,16.3,1-0,Curaçao win,4.085666666666667,14.766666666666667,1.4296666666666666,0.7303333333333333,0.6993333333333334
Curaçao,Panama,13.333333333333334,44.333333333333336,42.333333333333336,1-1,20.533333333333335,1-1,Draw,4.310333333333333,20.533333333333335,0.741,1.241,-0.5000000000000001
Panama,Curaçao,42.333333333333336,44.333333333333336,13.333333333333334,1-1,20.533333333333335,1-1,Draw,4.310333333333333,20.533333333333335,1.241,0.741,0.5000000000000001
Curaçao,Paraguay,17.9,39.5,42.6,1-1,17.9,1-1,Draw,3.893666666666667,17.9,0.8156666666666667,1.287,-0.47133333333333327
Paraguay,Curaçao,42.6,39.5,17.9,1-1,17.9,1-1,Draw,3.893666666666667,17.9,1.287,0.8156666666666667,0.47133333333333327
Curaçao,Portugal,6.333333333333334,35.0,58.666666666666664,0-1,16.400000000000002,0-1,Portugal win,4.649,16.400000000000002,0.586,1.5743333333333334,-0.9883333333333334
Portugal,Curaçao,58.666666666666664,35.0,6.333333333333334,1-0,16.400000000000002,1-0,Curaçao win,4.649,16.400000000000002,1.5743333333333334,0.586,0.9883333333333334
Curaçao,Qatar,21.6,38.03333333333334,40.36666666666667,1-1,17.1,1-1,Draw,3.7906666666666666,17.1,0.895,1.2386666666666666,-0.34366666666666656
Qatar,Curaçao,40.36666666666667,38.03333333333334,21.6,1-1,17.1,1-1,Draw,3.7906666666666666,17.1,1.2386666666666666,0.895,0.34366666666666656
Curaçao,Saudi Arabia,20.333333333333332,42.6,37.06666666666666,1-1,19.766666666666666,1-1,Draw,4.181333333333333,19.766666666666666,0.8683333333333333,1.164,-0.29566666666666663
Saudi Arabia,Curaçao,37.06666666666666,42.6,20.333333333333332,1-1,19.766666666666666,1-1,Draw,4.181333333333333,19.766666666666666,1.164,0.8683333333333333,0.29566666666666663
Curaçao,Scotland,16.866666666666667,36.333333333333336,46.800000000000004,1-1,17.366666666666667,0-1,Scotland win,3.8596666666666666,13.866666666666665,0.7906666666666666,1.3686666666666667,-0.5780000000000001
Scotland,Curaçao,46.800000000000004,36.333333333333336,16.866666666666667,1-1,17.366666666666667,1-0,Curaçao win,3.8596666666666666,13.866666666666665,1.3686666666666667,0.7906666666666666,0.5780000000000001
Curaçao,Senegal,7.7,37.43333333333334,54.86666666666666,1-1,17.7,0-1,Senegal win,4.445666666666667,17.033333333333335,0.6166666666666667,1.4926666666666666,-0.8759999999999999
Senegal,Curaçao,54.86666666666666,37.43333333333334,7.7,1-1,17.7,1-0,Curaçao win,4.445666666666667,17.033333333333335,1.4926666666666666,0.6166666666666667,0.8759999999999999
Curaçao,South Africa,21.933333333333334,41.9,36.16666666666667,1-1,18.0,1-1,Draw,4.077,18.0,0.9113333333333333,1.194,-0.2826666666666666
South Africa,Curaçao,36.16666666666667,41.9,21.933333333333334,1-1,18.0,1-1,Draw,4.077,18.0,1.194,0.9113333333333333,0.2826666666666666
Curaçao,South Korea,12.766666666666667,37.43333333333334,49.8,1-1,17.666666666666668,0-1,South Korea win,4.074,14.666666666666666,0.7283333333333334,1.431,-0.7026666666666667
South Korea,Curaçao,49.8,37.43333333333334,12.766666666666667,1-1,17.666666666666668,1-0,Curaçao win,4.074,14.666666666666666,1.431,0.7283333333333334,0.7026666666666667
Curaçao,Spain,5.2,19.26666666666667,75.53333333333333,0-1,18.666666666666668,0-1,Spain win,5.585333333333334,18.666666666666668,0.488,1.9673333333333334,-1.4793333333333334
Spain,Curaçao,75.53333333333333,19.26666666666667,5.2,1-0,18.666666666666668,1-0,Curaçao win,5.585333333333334,18.666666666666668,1.9673333333333334,0.488,1.4793333333333334
Curaçao,Sweden,16.3,38.46666666666667,45.233333333333334,1-1,17.333333333333336,0-1,Sweden win,3.837666666666667,15.033333333333335,0.7656666666666667,1.2913333333333334,-0.5256666666666667
Sweden,Curaçao,45.233333333333334,38.46666666666667,16.3,1-1,17.333333333333336,1-0,Curaçao win,3.837666666666667,15.033333333333335,1.2913333333333334,0.7656666666666667,0.5256666666666667
Curaçao,Switzerland,11.1,25.266666666666666,63.63333333333333,0-1,17.466666666666665,0-1,Switzerland win,4.908666666666667,17.466666666666665,0.64,1.6783333333333332,-1.038333333333333
Switzerland,Curaçao,63.63333333333333,25.266666666666666,11.1,1-0,17.466666666666665,1-0,Curaçao win,4.908666666666667,17.466666666666665,1.6783333333333332,0.64,1.038333333333333
Curaçao,Tunisia,16.466666666666665,44.666666666666664,38.86666666666667,1-1,20.533333333333335,1-1,Draw,4.332666666666666,20.533333333333335,0.8036666666666666,1.2146666666666666,-0.4109999999999999
Tunisia,Curaçao,38.86666666666667,44.666666666666664,16.466666666666665,1-1,20.533333333333335,1-1,Draw,4.332666666666666,20.533333333333335,1.2146666666666666,0.8036666666666666,0.4109999999999999
Curaçao,Turkey,16.0,38.83333333333333,45.166666666666664,1-1,16.966666666666665,1-1,Draw,3.83,16.966666666666665,0.8126666666666666,1.3706666666666667,-0.558
Turkey,Curaçao,45.166666666666664,38.83333333333333,16.0,1-1,16.966666666666665,1-1,Draw,3.83,16.966666666666665,1.3706666666666667,0.8126666666666666,0.558
Curaçao,United States,8.6,32.03333333333334,59.36666666666667,0-1,17.566666666666666,0-1,United States win,4.712,17.566666666666666,0.6133333333333333,1.577,-0.9636666666666667
United States,Curaçao,59.36666666666667,32.03333333333334,8.6,1-0,17.566666666666666,1-0,Curaçao win,4.712,17.566666666666666,1.577,0.6133333333333333,0.9636666666666667
Curaçao,Uruguay,10.466666666666667,35.0,54.53333333333333,0-0,15.2,0-1,Uruguay win,4.334333333333333,14.966666666666667,0.6693333333333333,1.522,-0.8526666666666667
Uruguay,Curaçao,54.53333333333333,35.0,10.466666666666667,0-0,15.2,1-0,Curaçao win,4.334333333333333,14.966666666666667,1.522,0.6693333333333333,0.8526666666666667
Curaçao,Uzbekistan,16.466666666666665,31.0,52.53333333333333,0-1,15.5,0-1,Uzbekistan win,4.241666666666666,15.5,0.778,1.4533333333333334,-0.6753333333333333
Uzbekistan,Curaçao,52.53333333333333,31.0,16.466666666666665,1-0,15.5,1-0,Curaçao win,4.241666666666666,15.5,1.4533333333333334,0.778,0.6753333333333333
Czech Republic,DR Congo,24.166666666666668,50.03333333333333,25.8,1-1,22.8,1-1,Draw,4.781333333333333,22.8,0.956,0.9946666666666667,-0.03866666666666674
DR Congo,Czech Republic,25.8,50.03333333333333,24.166666666666668,1-1,22.8,1-1,Draw,4.781333333333333,22.8,0.9946666666666667,0.956,0.03866666666666674
Czech Republic,Ecuador,21.566666666666666,39.233333333333334,39.2,1-1,17.96666666666667,1-1,Draw,3.892333333333333,17.96666666666667,0.9063333333333333,1.2223333333333333,-0.31599999999999995
Ecuador,Czech Republic,39.2,39.233333333333334,21.566666666666666,1-1,17.96666666666667,1-1,Draw,3.892333333333333,17.96666666666667,1.2223333333333333,0.9063333333333333,0.31599999999999995
Czech Republic,Egypt,14.399999999999999,39.83333333333333,45.766666666666666,1-1,19.2,1-1,Draw,3.944,19.2,0.7526666666666667,1.3453333333333333,-0.5926666666666666
Egypt,Czech Republic,45.766666666666666,39.83333333333333,14.399999999999999,1-1,19.2,1-1,Draw,3.944,19.2,1.3453333333333333,0.7526666666666667,0.5926666666666666
Czech Republic,England,8.4,24.5,67.10000000000001,0-1,18.033333333333335,0-1,England win,5.152666666666667,18.033333333333335,0.61,1.7653333333333334,-1.1553333333333335
England,Czech Republic,67.10000000000001,24.5,8.4,1-0,18.033333333333335,1-0,Czech Republic win,5.152666666666667,18.033333333333335,1.7653333333333334,0.61,1.1553333333333335
Czech Republic,France,4.366666666666666,33.03333333333333,62.6,0-1,17.5,0-1,France win,4.886,17.5,0.5553333333333333,1.6773333333333333,-1.1219999999999999
France,Czech Republic,62.6,33.03333333333333,4.366666666666666,1-0,17.5,1-0,Czech Republic win,4.886,17.5,1.6773333333333333,0.5553333333333333,1.1219999999999999
Czech Republic,Germany,12.433333333333334,41.43333333333333,46.13333333333333,1-1,18.666666666666668,1-1,Draw,4.058666666666666,18.666666666666668,0.749,1.3703333333333334,-0.6213333333333334
Germany,Czech Republic,46.13333333333333,41.43333333333333,12.433333333333334,1-1,18.666666666666668,1-1,Draw,4.058666666666666,18.666666666666668,1.3703333333333334,0.749,0.6213333333333334
Czech Republic,Ghana,30.866666666666664,45.166666666666664,23.966666666666665,1-1,20.1,1-1,Draw,4.378666666666667,20.1,1.0543333333333333,0.9606666666666667,0.09366666666666668
Ghana,Czech Republic,23.966666666666665,45.166666666666664,30.866666666666664,1-1,20.1,1-1,Draw,4.378666666666667,20.1,0.9606666666666667,1.0543333333333333,-0.09366666666666668
Czech Republic,Haiti,46.5,37.0,16.5,1-1,16.766666666666666,1-0,Czech Republic win,3.872333333333333,14.666666666666666,1.36,0.8066666666666666,0.5533333333333335
Haiti,Czech Republic,16.5,37.0,46.5,1-1,16.766666666666666,0-1,Haiti win,3.872333333333333,14.666666666666666,0.8066666666666666,1.36,-0.5533333333333335
Czech Republic,Iran,15.433333333333332,44.13333333333333,40.43333333333333,1-1,19.866666666666667,1-1,Draw,4.283,19.866666666666667,0.8153333333333334,1.2916666666666667,-0.4763333333333334
Iran,Czech Republic,40.43333333333333,44.13333333333333,15.433333333333332,1-1,19.866666666666667,1-1,Draw,4.283,19.866666666666667,1.2916666666666667,0.8153333333333334,0.4763333333333334
Czech Republic,Iraq,29.2,47.266666666666666,23.533333333333335,1-1,21.0,1-1,Draw,4.553333333333334,21.0,1.03,0.9113333333333333,0.1186666666666667
Iraq,Czech Republic,23.533333333333335,47.266666666666666,29.2,1-1,21.0,1-1,Draw,4.553333333333334,21.0,0.9113333333333333,1.03,-0.1186666666666667
Czech Republic,Ivory Coast,14.799999999999999,43.3,41.9,1-1,21.099999999999998,1-1,Draw,4.242333333333334,21.099999999999998,0.7756666666666666,1.265,-0.4893333333333333
Ivory Coast,Czech Republic,41.9,43.3,14.799999999999999,1-1,21.099999999999998,1-1,Draw,4.242333333333334,21.099999999999998,1.265,0.7756666666666666,0.4893333333333333
Czech Republic,Japan,11.733333333333333,38.766666666666666,49.5,0-0,16.633333333333333,0-1,Japan win,4.038,14.733333333333334,0.7026666666666667,1.4336666666666666,-0.731
Japan,Czech Republic,49.5,38.766666666666666,11.733333333333333,0-0,16.633333333333333,1-0,Czech Republic win,4.038,14.733333333333334,1.4336666666666666,0.7026666666666667,0.731
Czech Republic,Jordan,40.03333333333333,43.666666666666664,16.3,1-1,19.966666666666665,1-1,Draw,4.249666666666666,19.966666666666665,1.226,0.798,0.42799999999999994
Jordan,Czech Republic,16.3,43.666666666666664,40.03333333333333,1-1,19.966666666666665,1-1,Draw,4.249666666666666,19.966666666666665,0.798,1.226,-0.42799999999999994
Czech Republic,Mexico,10.633333333333333,35.333333333333336,54.03333333333333,1-1,17.366666666666667,0-1,Mexico win,4.36,15.7,0.6863333333333334,1.501,-0.8146666666666665
Mexico,Czech Republic,54.03333333333333,35.333333333333336,10.633333333333333,1-1,17.366666666666667,1-0,Czech Republic win,4.36,15.7,1.501,0.6863333333333334,0.8146666666666665
Czech Republic,Morocco,7.633333333333334,33.2,59.166666666666664,0-1,17.866666666666667,0-1,Morocco win,4.69,17.866666666666667,0.592,1.5816666666666668,-0.9896666666666668
Morocco,Czech Republic,59.166666666666664,33.2,7.633333333333334,1-0,17.866666666666667,1-0,Czech Republic win,4.69,17.866666666666667,1.5816666666666668,0.592,0.9896666666666668
Czech Republic,Netherlands,15.133333333333333,19.666666666666664,65.2,0-1,17.0,0-1,Netherlands win,4.965333333333334,17.0,0.7083333333333334,1.711,-1.0026666666666668
Netherlands,Czech Republic,65.2,19.666666666666664,15.133333333333333,1-0,17.0,1-0,Czech Republic win,4.965333333333334,17.0,1.711,0.7083333333333334,1.0026666666666668
Czech Republic,New Zealand,35.96666666666667,37.233333333333334,26.8,1-1,17.766666666666666,1-1,Draw,3.7543333333333333,17.766666666666666,1.146,0.994,0.1519999999999999
New Zealand,Czech Republic,26.8,37.233333333333334,35.96666666666667,1-1,17.766666666666666,1-1,Draw,3.7543333333333333,17.766666666666666,0.994,1.146,-0.1519999999999999
Czech Republic,Norway,15.966666666666669,34.53333333333333,49.5,1-1,15.766666666666667,0-1,Norway win,4.009666666666667,13.933333333333334,0.77,1.4176666666666666,-0.6476666666666666
Norway,Czech Republic,49.5,34.53333333333333,15.966666666666669,1-1,15.766666666666667,1-0,Czech Republic win,4.009666666666667,13.933333333333334,1.4176666666666666,0.77,0.6476666666666666
Czech Republic,Panama,15.5,41.266666666666666,43.233333333333334,1-1,18.4,1-1,Draw,4.051333333333333,18.4,0.7773333333333333,1.2873333333333334,-0.5100000000000001
Panama,Czech Republic,43.233333333333334,41.266666666666666,15.5,1-1,18.4,1-1,Draw,4.051333333333333,18.4,1.2873333333333334,0.7773333333333333,0.5100000000000001
Czech Republic,Paraguay,26.066666666666666,44.6,29.333333333333332,1-1,21.0,1-1,Draw,4.356,21.0,0.974,1.0226666666666666,-0.048666666666666636
Paraguay,Czech Republic,29.333333333333332,44.6,26.066666666666666,1-1,21.0,1-1,Draw,4.356,21.0,1.0226666666666666,0.974,0.048666666666666636
Czech Republic,Portugal,10.299999999999999,39.666666666666664,50.03333333333333,1-1,18.266666666666666,0-1,Portugal win,4.111666666666666,15.2,0.6973333333333334,1.448,-0.7506666666666666
Portugal,Czech Republic,50.03333333333333,39.666666666666664,10.299999999999999,1-1,18.266666666666666,1-0,Czech Republic win,4.111666666666666,15.2,1.448,0.6973333333333334,0.7506666666666666
Czech Republic,Qatar,31.966666666666665,45.0,23.033333333333335,1-1,20.766666666666666,1-1,Draw,4.375333333333334,20.766666666666666,1.0986666666666667,0.939,0.15966666666666673
Qatar,Czech Republic,23.033333333333335,45.0,31.966666666666665,1-1,20.766666666666666,1-1,Draw,4.375333333333334,20.766666666666666,0.939,1.0986666666666667,-0.15966666666666673
Czech Republic,Saudi Arabia,34.699999999999996,44.96666666666667,20.333333333333332,1-1,21.366666666666667,1-1,Draw,4.38,21.366666666666667,1.132,0.877,0.2549999999999999
Saudi Arabia,Czech Republic,20.333333333333332,44.96666666666667,34.699999999999996,1-1,21.366666666666667,1-1,Draw,4.38,21.366666666666667,0.877,1.132,-0.2549999999999999
Czech Republic,Scotland,22.333333333333332,42.96666666666666,34.699999999999996,1-1,19.466666666666665,1-1,Draw,4.199666666666666,19.466666666666665,0.9193333333333333,1.138,-0.21866666666666656
Scotland,Czech Republic,34.699999999999996,42.96666666666666,22.333333333333332,1-1,19.466666666666665,1-1,Draw,4.199666666666666,19.466666666666665,1.138,0.9193333333333333,0.21866666666666656
Czech Republic,Senegal,9.966666666666667,36.36666666666667,53.666666666666664,1-1,17.166666666666668,0-1,Senegal win,4.344333333333333,15.833333333333332,0.675,1.48,-0.8049999999999999
Senegal,Czech Republic,53.666666666666664,36.36666666666667,9.966666666666667,1-1,17.166666666666668,1-0,Czech Republic win,4.344333333333333,15.833333333333332,1.48,0.675,0.8049999999999999
Czech Republic,South Africa,38.666666666666664,43.266666666666666,18.066666666666666,1-1,19.966666666666665,1-1,Draw,4.224333333333333,19.966666666666665,1.208,0.829,0.379
South Africa,Czech Republic,18.066666666666666,43.266666666666666,38.666666666666664,1-1,19.966666666666665,1-1,Draw,4.224333333333333,19.966666666666665,0.829,1.208,-0.379
Czech Republic,South Korea,13.933333333333334,40.36666666666667,45.7,1-1,18.4,1-1,Draw,3.974666666666667,18.4,0.7373333333333333,1.2963333333333333,-0.559
South Korea,Czech Republic,45.7,40.36666666666667,13.933333333333334,1-1,18.4,1-1,Draw,3.974666666666667,18.4,1.2963333333333333,0.7373333333333333,0.559
Czech Republic,Spain,6.4,36.56666666666666,57.03333333333334,1-1,16.666666666666664,0-1,Spain win,4.517,15.333333333333332,0.6126666666666667,1.573,-0.9603333333333333
Spain,Czech Republic,57.03333333333334,36.56666666666666,6.4,1-1,16.666666666666664,1-0,Czech Republic win,4.517,15.333333333333332,1.573,0.6126666666666667,0.9603333333333333
Czech Republic,Sweden,27.166666666666668,43.46666666666666,29.366666666666667,1-1,20.0,1-1,Draw,4.258,20.0,1.0016666666666667,1.0283333333333333,-0.026666666666666616
Sweden,Czech Republic,29.366666666666667,43.46666666666666,27.166666666666668,1-1,20.0,1-1,Draw,4.258,20.0,1.0283333333333333,1.0016666666666667,0.026666666666666616
Czech Republic,Switzerland,15.066666666666666,29.599999999999998,55.333333333333336,0-1,16.3,0-1,Switzerland win,4.407666666666667,16.3,0.7376666666666667,1.5296666666666667,-0.792
Switzerland,Czech Republic,55.333333333333336,29.599999999999998,15.066666666666666,1-0,16.3,1-0,Czech Republic win,4.407666666666667,16.3,1.5296666666666667,0.7376666666666667,0.792
Czech Republic,Tunisia,28.066666666666666,46.13333333333333,25.8,1-1,21.066666666666666,1-1,Draw,4.468333333333334,21.066666666666666,1.033,0.9916666666666667,0.04133333333333322
Tunisia,Czech Republic,25.8,46.13333333333333,28.066666666666666,1-1,21.066666666666666,1-1,Draw,4.468333333333334,21.066666666666666,0.9916666666666667,1.033,-0.04133333333333322
Czech Republic,Turkey,19.7,36.63333333333333,43.666666666666664,1-1,17.233333333333334,0-1,Turkey win,3.717,14.399999999999999,0.8703333333333333,1.2956666666666667,-0.42533333333333345
Turkey,Czech Republic,43.666666666666664,36.63333333333333,19.7,1-1,17.233333333333334,1-0,Czech Republic win,3.717,14.399999999999999,1.2956666666666667,0.8703333333333333,0.42533333333333345
Czech Republic,United States,12.966666666666669,39.7,47.333333333333336,1-1,19.03333333333333,0-1,United States win,3.939,14.666666666666666,0.7343333333333333,1.375,-0.6406666666666667
United States,Czech Republic,47.333333333333336,39.7,12.966666666666669,1-1,19.03333333333333,1-0,Czech Republic win,3.939,14.666666666666666,1.375,0.7343333333333333,0.6406666666666667
Czech Republic,Uruguay,14.099999999999998,38.2,47.699999999999996,1-1,17.466666666666665,0-1,Uruguay win,3.986666666666667,15.066666666666666,0.7583333333333333,1.3813333333333333,-0.623
Uruguay,Czech Republic,47.699999999999996,38.2,14.099999999999998,1-1,17.466666666666665,1-0,Czech Republic win,3.986666666666667,15.066666666666666,1.3813333333333333,0.7583333333333333,0.623
Czech Republic,Uzbekistan,30.833333333333336,41.93333333333334,27.23333333333333,1-1,18.96666666666667,1-1,Draw,4.109,18.96666666666667,1.0856666666666666,1.012,0.07366666666666655
Uzbekistan,Czech Republic,27.23333333333333,41.93333333333334,30.833333333333336,1-1,18.96666666666667,1-1,Draw,4.109,18.96666666666667,1.012,1.0856666666666666,-0.07366666666666655
DR Congo,Ecuador,24.46666666666667,40.13333333333333,35.4,1-1,18.133333333333333,1-1,Draw,3.9623333333333335,18.133333333333333,0.9473333333333334,1.1296666666666666,-0.18233333333333324
Ecuador,DR Congo,35.4,40.13333333333333,24.46666666666667,1-1,18.133333333333333,1-1,Draw,3.9623333333333335,18.133333333333333,1.1296666666666666,0.9473333333333334,0.18233333333333324
DR Congo,Egypt,20.96666666666667,38.5,40.53333333333333,1-1,17.933333333333334,1-1,Draw,3.8313333333333333,17.933333333333334,0.851,1.2273333333333334,-0.3763333333333334
Egypt,DR Congo,40.53333333333333,38.5,20.96666666666667,1-1,17.933333333333334,1-1,Draw,3.8313333333333333,17.933333333333334,1.2273333333333334,0.851,0.3763333333333334
DR Congo,England,8.766666666666667,26.0,65.23333333333333,0-1,18.73333333333333,0-1,England win,5.038,18.73333333333333,0.6073333333333333,1.719,-1.1116666666666668
England,DR Congo,65.23333333333333,26.0,8.766666666666667,1-0,18.73333333333333,1-0,DR Congo win,5.038,18.73333333333333,1.719,0.6073333333333333,1.1116666666666668
DR Congo,France,6.333333333333334,36.4,57.266666666666666,0-1,16.8,0-1,France win,4.589666666666667,16.8,0.5753333333333334,1.5366666666666666,-0.9613333333333333
France,DR Congo,57.266666666666666,36.4,6.333333333333334,1-0,16.8,1-0,DR Congo win,4.589666666666667,16.8,1.5366666666666666,0.5753333333333334,0.9613333333333333
DR Congo,Germany,17.466666666666665,45.7,36.833333333333336,1-1,20.766666666666666,1-1,Draw,4.426666666666667,20.766666666666666,0.8253333333333334,1.1833333333333333,-0.358
Germany,DR Congo,36.833333333333336,45.7,17.466666666666665,1-1,20.766666666666666,1-1,Draw,4.426666666666667,20.766666666666666,1.1833333333333333,0.8253333333333334,0.358
DR Congo,Ghana,30.4,49.166666666666664,20.433333333333334,1-1,23.3,1-1,Draw,4.728666666666666,23.3,1.0713333333333332,0.897,0.17433333333333323
Ghana,DR Congo,20.433333333333334,49.166666666666664,30.4,1-1,23.3,1-1,Draw,4.728666666666666,23.3,0.897,1.0713333333333332,-0.17433333333333323
DR Congo,Haiti,50.03333333333333,36.36666666666667,13.600000000000001,1-1,16.733333333333334,1-0,DR Congo win,4.117,15.366666666666667,1.421,0.717,0.7040000000000001
Haiti,DR Congo,13.600000000000001,36.36666666666667,50.03333333333333,1-1,16.733333333333334,0-1,Haiti win,4.117,15.366666666666667,0.717,1.421,-0.7040000000000001
DR Congo,Iran,18.7,43.93333333333334,37.36666666666667,1-1,20.533333333333335,1-1,Draw,4.288,20.533333333333335,0.847,1.1786666666666668,-0.3316666666666668
Iran,DR Congo,37.36666666666667,43.93333333333334,18.7,1-1,20.533333333333335,1-1,Draw,4.288,20.533333333333335,1.1786666666666668,0.847,0.3316666666666668
DR Congo,Iraq,32.4,48.3,19.3,1-1,22.7,1-1,Draw,4.641666666666667,22.7,1.1343333333333334,0.8876666666666667,0.2466666666666667
Iraq,DR Congo,19.3,48.3,32.4,1-1,22.7,1-1,Draw,4.641666666666667,22.7,0.8876666666666667,1.1343333333333334,-0.2466666666666667
DR Congo,Ivory Coast,23.833333333333336,38.766666666666666,37.4,1-1,18.46666666666667,1-1,Draw,3.8793333333333333,18.46666666666667,0.939,1.199,-0.2600000000000001
Ivory Coast,DR Congo,37.4,38.766666666666666,23.833333333333336,1-1,18.46666666666667,1-1,Draw,3.8793333333333333,18.46666666666667,1.199,0.939,0.2600000000000001
DR Congo,Japan,12.8,40.86666666666667,46.33333333333333,1-1,18.46666666666667,1-1,Draw,4.008,18.46666666666667,0.7273333333333334,1.3486666666666667,-0.6213333333333333
Japan,DR Congo,46.33333333333333,40.86666666666667,12.8,1-1,18.46666666666667,1-1,Draw,4.008,18.46666666666667,1.3486666666666667,0.7273333333333334,0.6213333333333333
DR Congo,Jordan,41.6,42.06666666666667,16.333333333333332,1-1,19.166666666666668,1-1,Draw,4.122333333333334,19.166666666666668,1.27,0.8133333333333334,0.45666666666666667
Jordan,DR Congo,16.333333333333332,42.06666666666667,41.6,1-1,19.166666666666668,1-1,Draw,4.122333333333334,19.166666666666668,0.8133333333333334,1.27,-0.45666666666666667
DR Congo,Mexico,12.633333333333333,37.9,49.46666666666666,1-1,17.7,0-1,Mexico win,4.068,14.533333333333335,0.763,1.4433333333333334,-0.6803333333333333
Mexico,DR Congo,49.46666666666666,37.9,12.633333333333333,1-1,17.7,1-0,DR Congo win,4.068,14.533333333333335,1.4433333333333334,0.763,0.6803333333333333
DR Congo,Morocco,11.566666666666666,42.36666666666667,46.06666666666667,0-0,18.133333333333333,0-0,Draw,4.124333333333333,18.133333333333333,0.722,1.328,-0.6060000000000001
Morocco,DR Congo,46.06666666666667,42.36666666666667,11.566666666666666,0-0,18.133333333333333,0-0,Draw,4.124333333333333,18.133333333333333,1.328,0.722,0.6060000000000001
DR Congo,Netherlands,15.133333333333333,26.266666666666666,58.599999999999994,0-1,16.233333333333334,0-1,Netherlands win,4.577,16.233333333333334,0.744,1.6106666666666667,-0.8666666666666667
Netherlands,DR Congo,58.599999999999994,26.266666666666666,15.133333333333333,1-0,16.233333333333334,1-0,DR Congo win,4.577,16.233333333333334,1.6106666666666667,0.744,0.8666666666666667
DR Congo,New Zealand,40.266666666666666,36.333333333333336,23.400000000000002,1-1,16.166666666666664,1-1,Draw,3.643,16.166666666666664,1.228,0.916,0.31199999999999994
New Zealand,DR Congo,23.400000000000002,36.333333333333336,40.266666666666666,1-1,16.166666666666664,1-1,Draw,3.643,16.166666666666664,0.916,1.228,-0.31199999999999994
DR Congo,Norway,18.9,34.53333333333333,46.56666666666667,1-1,15.833333333333332,0-1,Norway win,3.865666666666667,14.7,0.8256666666666667,1.3516666666666666,-0.5259999999999999
Norway,DR Congo,46.56666666666667,34.53333333333333,18.9,1-1,15.833333333333332,1-0,DR Congo win,3.865666666666667,14.7,1.3516666666666666,0.8256666666666667,0.5259999999999999
DR Congo,Panama,18.333333333333332,41.13333333333333,40.53333333333333,1-1,19.733333333333334,1-1,Draw,4.060666666666667,19.733333333333334,0.8236666666666667,1.2103333333333333,-0.3866666666666666
Panama,DR Congo,40.53333333333333,41.13333333333333,18.333333333333332,1-1,19.733333333333334,1-1,Draw,4.060666666666667,19.733333333333334,1.2103333333333333,0.8236666666666667,0.3866666666666666
DR Congo,Paraguay,27.700000000000003,41.733333333333334,30.566666666666663,1-1,18.433333333333334,1-1,Draw,4.092666666666666,18.433333333333334,1.011,1.0783333333333334,-0.06733333333333347
Paraguay,DR Congo,30.566666666666663,41.733333333333334,27.700000000000003,1-1,18.433333333333334,1-1,Draw,4.092666666666666,18.433333333333334,1.0783333333333334,1.011,0.06733333333333347
DR Congo,Portugal,13.533333333333333,41.5,44.96666666666667,1-1,18.266666666666666,1-1,Draw,4.056666666666667,18.266666666666666,0.7543333333333333,1.3336666666666666,-0.5793333333333333
Portugal,DR Congo,44.96666666666667,41.5,13.533333333333333,1-1,18.266666666666666,1-1,Draw,4.056666666666667,18.266666666666666,1.3336666666666666,0.7543333333333333,0.5793333333333333
DR Congo,Qatar,35.46666666666667,42.16666666666667,22.366666666666667,1-1,19.333333333333332,1-1,Draw,4.148666666666666,19.333333333333332,1.1243333333333334,0.8856666666666667,0.2386666666666667
Qatar,DR Congo,22.366666666666667,42.16666666666667,35.46666666666667,1-1,19.333333333333332,1-1,Draw,4.148666666666666,19.333333333333332,0.8856666666666667,1.1243333333333334,-0.2386666666666667
DR Congo,Saudi Arabia,34.46666666666667,46.56666666666667,18.96666666666667,1-1,21.066666666666666,1-1,Draw,4.492,21.066666666666666,1.1573333333333333,0.8616666666666667,0.29566666666666663
Saudi Arabia,DR Congo,18.96666666666667,46.56666666666667,34.46666666666667,1-1,21.066666666666666,1-1,Draw,4.492,21.066666666666666,0.8616666666666667,1.1573333333333333,-0.29566666666666663
DR Congo,Scotland,26.466666666666665,41.16666666666667,32.36666666666667,1-1,19.2,1-1,Draw,4.066,19.2,0.9976666666666667,1.1096666666666666,-0.11199999999999988
Scotland,DR Congo,32.36666666666667,41.16666666666667,26.466666666666665,1-1,19.2,1-1,Draw,4.066,19.2,1.1096666666666666,0.9976666666666667,0.11199999999999988
DR Congo,Senegal,16.766666666666666,43.7,39.53333333333333,1-1,19.733333333333334,1-1,Draw,4.250333333333334,19.733333333333334,0.8003333333333333,1.219,-0.41866666666666674
Senegal,DR Congo,39.53333333333333,43.7,16.766666666666666,1-1,19.733333333333334,1-1,Draw,4.250333333333334,19.733333333333334,1.219,0.8003333333333333,0.41866666666666674
DR Congo,South Africa,37.333333333333336,44.6,18.066666666666666,1-1,20.133333333333333,1-1,Draw,4.331666666666667,20.133333333333333,1.192,0.8506666666666667,0.34133333333333327
South Africa,DR Congo,18.066666666666666,44.6,37.333333333333336,1-1,20.133333333333333,1-1,Draw,4.331666666666667,20.133333333333333,0.8506666666666667,1.192,-0.34133333333333327
DR Congo,South Korea,17.1,41.36666666666667,41.53333333333333,1-1,18.266666666666666,1-1,Draw,4.042666666666666,18.266666666666666,0.846,1.3033333333333332,-0.45733333333333326
South Korea,DR Congo,41.53333333333333,41.36666666666667,17.1,1-1,18.266666666666666,1-1,Draw,4.042666666666666,18.266666666666666,1.3033333333333332,0.846,0.45733333333333326
DR Congo,Spain,6.933333333333333,37.43333333333334,55.63333333333333,0-1,17.033333333333335,0-1,Spain win,4.483,17.033333333333335,0.6093333333333333,1.536,-0.9266666666666667
Spain,DR Congo,55.63333333333333,37.43333333333334,6.933333333333333,1-0,17.033333333333335,1-0,DR Congo win,4.483,17.033333333333335,1.536,0.6093333333333333,0.9266666666666667
DR Congo,Sweden,28.566666666666666,42.733333333333334,28.7,1-1,18.933333333333334,1-1,Draw,4.164333333333333,18.933333333333334,1.0183333333333333,1.0193333333333334,-0.001000000000000112
Sweden,DR Congo,28.7,42.733333333333334,28.566666666666666,1-1,18.933333333333334,1-1,Draw,4.164333333333333,18.933333333333334,1.0193333333333334,1.0183333333333333,0.001000000000000112
DR Congo,Switzerland,16.666666666666664,29.9,53.43333333333333,0-1,14.633333333333335,0-1,Switzerland win,4.254666666666667,14.633333333333335,0.7603333333333333,1.482,-0.7216666666666667
Switzerland,DR Congo,53.43333333333333,29.9,16.666666666666664,1-0,14.633333333333335,1-0,DR Congo win,4.254666666666667,14.633333333333335,1.482,0.7603333333333333,0.7216666666666667
DR Congo,Tunisia,30.033333333333335,46.266666666666666,23.7,1-1,20.566666666666666,1-1,Draw,4.455,20.566666666666666,1.076,0.9536666666666667,0.1223333333333334
Tunisia,DR Congo,23.7,46.266666666666666,30.033333333333335,1-1,20.566666666666666,1-1,Draw,4.455,20.566666666666666,0.9536666666666667,1.076,-0.1223333333333334
DR Congo,Turkey,24.433333333333334,38.53333333333334,37.03333333333333,1-1,17.8,1-1,Draw,3.845666666666667,17.8,0.9436666666666667,1.17,-0.22633333333333328
Turkey,DR Congo,37.03333333333333,38.53333333333334,24.433333333333334,1-1,17.8,1-1,Draw,3.845666666666667,17.8,1.17,0.9436666666666667,0.22633333333333328
DR Congo,United States,14.799999999999999,40.13333333333333,45.06666666666666,1-1,18.2,1-1,Draw,3.967,18.2,0.7543333333333333,1.2996666666666667,-0.5453333333333334
United States,DR Congo,45.06666666666666,40.13333333333333,14.799999999999999,1-1,18.2,1-1,Draw,3.967,18.2,1.2996666666666667,0.7543333333333333,0.5453333333333334
DR Congo,Uruguay,17.7,39.46666666666667,42.833333333333336,1-1,17.1,1-1,Draw,3.8873333333333333,17.1,0.8336666666666667,1.294,-0.46033333333333337
Uruguay,DR Congo,42.833333333333336,39.46666666666667,17.7,1-1,17.1,1-1,Draw,3.8873333333333333,17.1,1.294,0.8336666666666667,0.46033333333333337
DR Congo,Uzbekistan,32.13333333333333,40.33333333333333,27.53333333333333,1-1,18.266666666666666,1-1,Draw,3.9863333333333335,18.266666666666666,1.097,0.9953333333333333,0.10166666666666668
Uzbekistan,DR Congo,27.53333333333333,40.33333333333333,32.13333333333333,1-1,18.266666666666666,1-1,Draw,3.9863333333333335,18.266666666666666,0.9953333333333333,1.097,-0.10166666666666668
Ecuador,Egypt,21.866666666666667,48.199999999999996,29.933333333333334,1-1,20.8,1-1,Draw,4.6146666666666665,20.8,0.926,1.0676666666666668,-0.14166666666666672
Egypt,Ecuador,29.933333333333334,48.199999999999996,21.866666666666667,1-1,20.8,1-1,Draw,4.6146666666666665,20.8,1.0676666666666668,0.926,0.14166666666666672
Ecuador,England,7.666666666666666,21.633333333333333,70.7,0-1,18.46666666666667,0-1,England win,5.329,18.46666666666667,0.5596666666666666,1.8486666666666667,-1.2890000000000001
England,Ecuador,70.7,21.633333333333333,7.666666666666666,1-0,18.46666666666667,1-0,Ecuador win,5.329,18.46666666666667,1.8486666666666667,0.5596666666666666,1.2890000000000001
Ecuador,France,6.2,34.66666666666667,59.13333333333334,0-1,16.5,0-1,France win,4.663333333333333,16.5,0.586,1.6236666666666666,-1.0376666666666665
France,Ecuador,59.13333333333334,34.66666666666667,6.2,1-0,16.5,1-0,Ecuador win,4.663333333333333,16.5,1.6236666666666666,0.586,1.0376666666666665
Ecuador,Germany,14.466666666666667,42.03333333333333,43.5,0-0,17.8,0-0,Draw,4.102,17.8,0.751,1.2926666666666666,-0.5416666666666666
Germany,Ecuador,43.5,42.03333333333333,14.466666666666667,0-0,17.8,0-0,Draw,4.102,17.8,1.2926666666666666,0.751,0.5416666666666666
Ecuador,Ghana,31.6,40.9,27.500000000000004,1-1,19.400000000000002,1-1,Draw,4.043333333333333,19.400000000000002,1.085,1.0253333333333334,0.059666666666666535
Ghana,Ecuador,27.500000000000004,40.9,31.6,1-1,19.400000000000002,1-1,Draw,4.043333333333333,19.400000000000002,1.0253333333333334,1.085,-0.059666666666666535
Ecuador,Haiti,37.93333333333334,43.333333333333336,18.73333333333333,1-1,19.666666666666664,1-1,Draw,4.219333333333333,19.666666666666664,1.1616666666666666,0.826,0.33566666666666667
Haiti,Ecuador,18.73333333333333,43.333333333333336,37.93333333333334,1-1,19.666666666666664,1-1,Draw,4.219333333333333,19.666666666666664,0.826,1.1616666666666666,-0.33566666666666667
Ecuador,Iran,17.733333333333334,43.96666666666667,38.3,0-0,18.633333333333333,1-1,Draw,4.253333333333333,18.633333333333333,0.8283333333333334,1.174,-0.34566666666666657
Iran,Ecuador,38.3,43.96666666666667,17.733333333333334,0-0,18.633333333333333,1-1,Draw,4.253333333333333,18.633333333333333,1.174,0.8283333333333334,0.34566666666666657
Ecuador,Iraq,37.93333333333334,44.666666666666664,17.4,1-1,21.366666666666667,1-1,Draw,4.359,21.366666666666667,1.18,0.823,0.357
Iraq,Ecuador,17.4,44.666666666666664,37.93333333333334,1-1,21.366666666666667,1-1,Draw,4.359,21.366666666666667,0.823,1.18,-0.357
Ecuador,Ivory Coast,25.2,49.43333333333334,25.366666666666664,1-1,23.0,1-1,Draw,4.7476666666666665,23.0,0.9603333333333334,0.9756666666666667,-0.01533333333333331
Ivory Coast,Ecuador,25.366666666666664,49.43333333333334,25.2,1-1,23.0,1-1,Draw,4.7476666666666665,23.0,0.9756666666666667,0.9603333333333334,0.01533333333333331
Ecuador,Japan,13.0,38.333333333333336,48.66666666666667,0-0,16.666666666666664,0-1,Japan win,3.9943333333333335,14.166666666666666,0.7123333333333334,1.3936666666666666,-0.6813333333333332
Japan,Ecuador,48.66666666666667,38.333333333333336,13.0,0-0,16.666666666666664,1-0,Ecuador win,3.9943333333333335,14.166666666666666,1.3936666666666666,0.7123333333333334,0.6813333333333332
Ecuador,Jordan,47.266666666666666,35.13333333333333,17.599999999999998,1-1,16.433333333333334,1-0,Ecuador win,3.924,14.966666666666667,1.3546666666666667,0.7973333333333333,0.5573333333333333
Jordan,Ecuador,17.599999999999998,35.13333333333333,47.266666666666666,1-1,16.433333333333334,0-1,Jordan win,3.924,14.966666666666667,0.7973333333333333,1.3546666666666667,-0.5573333333333333
Ecuador,Mexico,14.866666666666667,35.46666666666667,49.666666666666664,1-1,16.466666666666665,0-1,Mexico win,4.067,14.433333333333334,0.758,1.4073333333333333,-0.6493333333333333
Mexico,Ecuador,49.666666666666664,35.46666666666667,14.866666666666667,1-1,16.466666666666665,1-0,Ecuador win,4.067,14.433333333333334,1.4073333333333333,0.758,0.6493333333333333
Ecuador,Morocco,9.4,39.2,51.4,1-1,17.933333333333334,0-1,Morocco win,4.191666666666666,15.066666666666666,0.675,1.4483333333333333,-0.7733333333333332
Morocco,Ecuador,51.4,39.2,9.4,1-1,17.933333333333334,1-0,Ecuador win,4.191666666666666,15.066666666666666,1.4483333333333333,0.675,0.7733333333333332
Ecuador,Netherlands,11.0,26.366666666666667,62.63333333333333,0-1,17.0,0-1,Netherlands win,4.828666666666667,17.0,0.6673333333333333,1.681,-1.0136666666666667
Netherlands,Ecuador,62.63333333333333,26.366666666666667,11.0,1-0,17.0,1-0,Ecuador win,4.828666666666667,17.0,1.681,0.6673333333333333,1.0136666666666667
Ecuador,New Zealand,31.4,39.266666666666666,29.333333333333332,1-1,18.099999999999998,1-1,Draw,3.889666666666667,18.099999999999998,1.0883333333333334,1.033,0.055333333333333456
New Zealand,Ecuador,29.333333333333332,39.266666666666666,31.4,1-1,18.099999999999998,1-1,Draw,3.889666666666667,18.099999999999998,1.033,1.0883333333333334,-0.055333333333333456
Ecuador,Norway,24.933333333333334,43.333333333333336,31.733333333333334,1-1,19.933333333333334,1-1,Draw,4.228,19.933333333333334,0.958,1.0803333333333334,-0.1223333333333334
Norway,Ecuador,31.733333333333334,43.333333333333336,24.933333333333334,1-1,19.933333333333334,1-1,Draw,4.228,19.933333333333334,1.0803333333333334,0.958,0.1223333333333334
Ecuador,Panama,23.7,48.66666666666667,27.633333333333333,1-1,22.066666666666666,1-1,Draw,4.667666666666666,22.066666666666666,0.9466666666666667,1.0083333333333333,-0.06166666666666665
Panama,Ecuador,27.633333333333333,48.66666666666667,23.7,1-1,22.066666666666666,1-1,Draw,4.667666666666666,22.066666666666666,1.0083333333333333,0.9466666666666667,0.06166666666666665
Ecuador,Paraguay,27.73333333333333,61.83333333333333,10.433333333333334,0-0,28.333333333333332,0-0,Draw,5.766333333333334,28.333333333333332,1.016,0.725,0.29100000000000004
Paraguay,Ecuador,10.433333333333334,61.83333333333333,27.73333333333333,0-0,28.333333333333332,0-0,Draw,5.766333333333334,28.333333333333332,0.725,1.016,-0.29100000000000004
Ecuador,Portugal,10.366666666666667,40.06666666666667,49.56666666666666,1-1,18.633333333333333,0-1,Portugal win,4.108666666666666,15.666666666666668,0.682,1.394,-0.7119999999999999
Portugal,Ecuador,49.56666666666666,40.06666666666667,10.366666666666667,1-1,18.633333333333333,1-0,Ecuador win,4.108666666666666,15.666666666666668,1.394,0.682,0.7119999999999999
Ecuador,Qatar,41.16666666666667,41.96666666666667,16.866666666666667,1-1,19.733333333333334,1-1,Draw,4.116333333333333,19.733333333333334,1.265,0.8156666666666667,0.44933333333333325
Qatar,Ecuador,16.866666666666667,41.96666666666667,41.16666666666667,1-1,19.733333333333334,1-1,Draw,4.116333333333333,19.733333333333334,0.8156666666666667,1.265,-0.44933333333333325
Ecuador,Saudi Arabia,40.96666666666667,43.0,16.03333333333333,1-1,19.933333333333334,1-1,Draw,4.208,19.933333333333334,1.2316666666666667,0.8,0.43166666666666664
Saudi Arabia,Ecuador,16.03333333333333,43.0,40.96666666666667,1-1,19.933333333333334,1-1,Draw,4.208,19.933333333333334,0.8,1.2316666666666667,-0.43166666666666664
Ecuador,Scotland,36.333333333333336,43.8,19.866666666666667,1-1,19.7,1-1,Draw,4.2683333333333335,19.7,1.1613333333333333,0.8793333333333333,0.28200000000000003
Scotland,Ecuador,19.866666666666667,43.8,36.333333333333336,1-1,19.7,1-1,Draw,4.2683333333333335,19.7,0.8793333333333333,1.1613333333333333,-0.28200000000000003
Ecuador,Senegal,13.533333333333333,40.1,46.36666666666667,1-1,18.099999999999998,1-1,Draw,3.941666666666667,18.099999999999998,0.758,1.3353333333333333,-0.5773333333333333
Senegal,Ecuador,46.36666666666667,40.1,13.533333333333333,1-1,18.099999999999998,1-1,Draw,3.941666666666667,18.099999999999998,1.3353333333333333,0.758,0.5773333333333333
Ecuador,South Africa,44.83333333333333,40.56666666666667,14.6,0-0,17.666666666666668,1-1,Draw,3.9803333333333333,17.599999999999998,1.3026666666666666,0.7513333333333333,0.5513333333333333
South Africa,Ecuador,14.6,40.56666666666667,44.83333333333333,0-0,17.666666666666668,1-1,Draw,3.9803333333333333,17.599999999999998,0.7513333333333333,1.3026666666666666,-0.5513333333333333
Ecuador,South Korea,17.599999999999998,45.666666666666664,36.733333333333334,1-1,20.566666666666666,1-1,Draw,4.412,20.566666666666666,0.8093333333333333,1.1573333333333333,-0.348
South Korea,Ecuador,36.733333333333334,45.666666666666664,17.599999999999998,1-1,20.566666666666666,1-1,Draw,4.412,20.566666666666666,1.1573333333333333,0.8093333333333333,0.348
Ecuador,Spain,7.966666666666667,34.766666666666666,57.266666666666666,0-1,15.866666666666667,0-1,Spain win,4.556333333333333,15.866666666666667,0.631,1.5666666666666667,-0.9356666666666666
Spain,Ecuador,57.266666666666666,34.766666666666666,7.966666666666667,1-0,15.866666666666667,1-0,Ecuador win,4.556333333333333,15.866666666666667,1.5666666666666667,0.631,0.9356666666666666
Ecuador,Sweden,42.8,41.53333333333333,15.666666666666668,1-1,19.5,1-1,Draw,4.090333333333334,19.5,1.2616666666666667,0.7773333333333333,0.4843333333333334
Sweden,Ecuador,15.666666666666668,41.53333333333333,42.8,1-1,19.5,1-1,Draw,4.090333333333334,19.5,0.7773333333333333,1.2616666666666667,-0.4843333333333334
Ecuador,Switzerland,19.166666666666668,33.96666666666667,46.86666666666667,1-1,15.8,0-1,Switzerland win,3.843,14.2,0.8223333333333334,1.3753333333333333,-0.5529999999999999
Switzerland,Ecuador,46.86666666666667,33.96666666666667,19.166666666666668,1-1,15.8,1-0,Ecuador win,3.843,14.2,1.3753333333333333,0.8223333333333334,0.5529999999999999
Ecuador,Tunisia,38.266666666666666,46.5,15.233333333333333,1-1,20.5,1-1,Draw,4.474666666666667,20.5,1.2133333333333334,0.81,0.4033333333333333
Tunisia,Ecuador,15.233333333333333,46.5,38.266666666666666,1-1,20.5,1-1,Draw,4.474666666666667,20.5,0.81,1.2133333333333334,-0.4033333333333333
Ecuador,Turkey,25.8,43.06666666666666,31.133333333333336,1-1,20.0,1-1,Draw,4.223333333333334,20.0,0.979,1.0796666666666668,-0.1006666666666668
Turkey,Ecuador,31.133333333333336,43.06666666666666,25.8,1-1,20.0,1-1,Draw,4.223333333333334,20.0,1.0796666666666668,0.979,0.1006666666666668
Ecuador,United States,15.366666666666667,38.96666666666667,45.666666666666664,1-1,18.3,0-1,United States win,3.8726666666666665,14.899999999999999,0.7763333333333333,1.3223333333333334,-0.546
United States,Ecuador,45.666666666666664,38.96666666666667,15.366666666666667,1-1,18.3,1-0,Ecuador win,3.8726666666666665,14.899999999999999,1.3223333333333334,0.7763333333333333,0.546
Ecuador,Uruguay,24.6,47.43333333333333,27.96666666666667,1-1,21.333333333333336,1-1,Draw,4.580666666666667,21.333333333333336,0.9153333333333333,0.9953333333333333,-0.07999999999999996
Uruguay,Ecuador,27.96666666666667,47.43333333333333,24.6,1-1,21.333333333333336,1-1,Draw,4.580666666666667,21.333333333333336,0.9953333333333333,0.9153333333333333,0.07999999999999996
Ecuador,Uzbekistan,37.06666666666666,42.63333333333333,20.3,1-1,20.133333333333333,1-1,Draw,4.190666666666667,20.133333333333333,1.1703333333333332,0.856,0.31433333333333324
Uzbekistan,Ecuador,20.3,42.63333333333333,37.06666666666666,1-1,20.133333333333333,1-1,Draw,4.190666666666667,20.133333333333333,0.856,1.1703333333333332,-0.31433333333333324
Egypt,England,20.266666666666666,30.4,49.333333333333336,0-1,15.2,0-1,England win,4.015666666666666,15.2,0.839,1.401,-0.562
England,Egypt,49.333333333333336,30.4,20.266666666666666,1-0,15.2,1-0,Egypt win,4.015666666666666,15.2,1.401,0.839,0.562
Egypt,France,12.5,36.199999999999996,51.300000000000004,1-1,16.766666666666666,0-1,France win,4.191,15.166666666666668,0.732,1.4533333333333334,-0.7213333333333334
France,Egypt,51.300000000000004,36.199999999999996,12.5,1-1,16.766666666666666,1-0,Egypt win,4.191,15.166666666666668,1.4533333333333334,0.732,0.7213333333333334
Egypt,Germany,21.96666666666667,43.833333333333336,34.2,1-1,19.433333333333334,1-1,Draw,4.258333333333334,19.433333333333334,0.9,1.1253333333333333,-0.22533333333333327
Germany,Egypt,34.2,43.833333333333336,21.96666666666667,1-1,19.433333333333334,1-1,Draw,4.258333333333334,19.433333333333334,1.1253333333333333,0.9,0.22533333333333327
Egypt,Ghana,42.6,40.13333333333333,17.266666666666666,1-1,17.599999999999998,1-1,Draw,3.939,17.599999999999998,1.2946666666666666,0.8033333333333333,0.4913333333333333
Ghana,Egypt,17.266666666666666,40.13333333333333,42.6,1-1,17.599999999999998,1-1,Draw,3.939,17.599999999999998,0.8033333333333333,1.2946666666666666,-0.4913333333333333
Egypt,Haiti,59.9,31.4,8.7,1-0,16.2,1-0,Egypt win,4.666,16.2,1.622,0.6283333333333333,0.9936666666666668
Haiti,Egypt,8.7,31.4,59.9,0-1,16.2,0-1,Haiti win,4.666,16.2,0.6283333333333333,1.622,-0.9936666666666668
Egypt,Iran,26.266666666666666,42.93333333333334,30.8,1-1,19.333333333333332,1-1,Draw,4.1866666666666665,19.333333333333332,1.0073333333333334,1.0983333333333334,-0.09099999999999997
Iran,Egypt,30.8,42.93333333333334,26.266666666666666,1-1,19.333333333333332,1-1,Draw,4.1866666666666665,19.333333333333332,1.0983333333333334,1.0073333333333334,0.09099999999999997
Egypt,Iraq,50.43333333333333,40.03333333333333,9.533333333333333,1-1,19.03333333333333,1-0,Egypt win,4.171,15.833333333333332,1.4063333333333334,0.671,0.7353333333333334
Iraq,Egypt,9.533333333333333,40.03333333333333,50.43333333333333,1-1,19.03333333333333,0-1,Iraq win,4.171,15.833333333333332,0.671,1.4063333333333334,-0.7353333333333334
Egypt,Ivory Coast,33.46666666666667,43.266666666666666,23.266666666666666,1-1,19.933333333333334,1-1,Draw,4.232666666666667,19.933333333333334,1.1056666666666666,0.9236666666666666,0.18199999999999994
Ivory Coast,Egypt,23.266666666666666,43.266666666666666,33.46666666666667,1-1,19.933333333333334,1-1,Draw,4.232666666666667,19.933333333333334,0.9236666666666666,1.1056666666666666,-0.18199999999999994
Egypt,Japan,20.666666666666668,41.699999999999996,37.63333333333333,1-1,18.96666666666667,1-1,Draw,4.096666666666667,18.96666666666667,0.8523333333333334,1.1843333333333332,-0.33199999999999985
Japan,Egypt,37.63333333333333,41.699999999999996,20.666666666666668,1-1,18.96666666666667,1-1,Draw,4.096666666666667,18.96666666666667,1.1843333333333332,0.8523333333333334,0.33199999999999985
Egypt,Jordan,55.60000000000001,33.2,11.200000000000001,1-0,16.066666666666666,1-0,Egypt win,4.469333333333333,16.066666666666666,1.518,0.676,0.842
Jordan,Egypt,11.200000000000001,33.2,55.60000000000001,0-1,16.066666666666666,0-1,Jordan win,4.469333333333333,16.066666666666666,0.676,1.518,-0.842
Egypt,Mexico,23.266666666666666,38.93333333333333,37.8,1-1,17.5,1-1,Draw,3.8623333333333334,17.5,0.905,1.1963333333333332,-0.2913333333333332
Mexico,Egypt,37.8,38.93333333333333,23.266666666666666,1-1,17.5,1-1,Draw,3.8623333333333334,17.5,1.1963333333333332,0.905,0.2913333333333332
Egypt,Morocco,16.633333333333333,43.46666666666666,39.900000000000006,1-1,19.166666666666668,1-1,Draw,4.226333333333334,19.166666666666668,0.8083333333333333,1.237,-0.42866666666666675
Morocco,Egypt,39.900000000000006,43.46666666666666,16.633333333333333,1-1,19.166666666666668,1-1,Draw,4.226333333333334,19.166666666666668,1.237,0.8083333333333333,0.42866666666666675
Egypt,Netherlands,17.766666666666666,26.5,55.733333333333334,0-1,15.833333333333332,0-1,Netherlands win,4.400333333333333,15.833333333333332,0.7893333333333333,1.5433333333333332,-0.7539999999999999
Netherlands,Egypt,55.733333333333334,26.5,17.766666666666666,1-0,15.833333333333332,1-0,Egypt win,4.400333333333333,15.833333333333332,1.5433333333333332,0.7893333333333333,0.7539999999999999
Egypt,New Zealand,46.63333333333333,33.83333333333333,19.53333333333333,1-1,16.066666666666666,1-0,Egypt win,3.8846666666666665,14.566666666666666,1.343,0.8383333333333334,0.5046666666666666
New Zealand,Egypt,19.53333333333333,33.83333333333333,46.63333333333333,1-1,16.066666666666666,0-1,New Zealand win,3.8846666666666665,14.566666666666666,0.8383333333333334,1.343,-0.5046666666666666
Egypt,Norway,30.233333333333334,41.53333333333333,28.233333333333334,1-1,19.566666666666666,1-1,Draw,4.098,19.566666666666666,1.0453333333333332,1.002,0.043333333333333224
Norway,Egypt,28.233333333333334,41.53333333333333,30.233333333333334,1-1,19.566666666666666,1-1,Draw,4.098,19.566666666666666,1.002,1.0453333333333332,-0.043333333333333224
Egypt,Panama,30.233333333333334,46.0,23.766666666666666,1-1,21.066666666666666,1-1,Draw,4.468,21.066666666666666,1.0476666666666667,0.9236666666666666,0.12400000000000011
Panama,Egypt,23.766666666666666,46.0,30.233333333333334,1-1,21.066666666666666,1-1,Draw,4.468,21.066666666666666,0.9236666666666666,1.0476666666666667,-0.12400000000000011
Egypt,Paraguay,45.83333333333333,41.86666666666667,12.3,1-1,19.433333333333334,1-1,Draw,4.094666666666667,19.433333333333334,1.356,0.7473333333333333,0.6086666666666668
Paraguay,Egypt,12.3,41.86666666666667,45.83333333333333,1-1,19.433333333333334,1-1,Draw,4.094666666666667,19.433333333333334,0.7473333333333333,1.356,-0.6086666666666668
Egypt,Portugal,16.0,42.56666666666667,41.43333333333333,1-1,20.066666666666666,1-1,Draw,4.185,20.066666666666666,0.8016666666666666,1.275,-0.4733333333333333
Portugal,Egypt,41.43333333333333,42.56666666666667,16.0,1-1,20.066666666666666,1-1,Draw,4.185,20.066666666666666,1.275,0.8016666666666666,0.4733333333333333
Egypt,Qatar,53.13333333333333,37.03333333333333,9.833333333333332,1-1,15.833333333333332,1-0,Egypt win,4.2956666666666665,15.466666666666667,1.4853333333333334,0.674,0.8113333333333334
Qatar,Egypt,9.833333333333332,37.03333333333333,53.13333333333333,1-1,15.833333333333332,0-1,Qatar win,4.2956666666666665,15.466666666666667,0.674,1.4853333333333334,-0.8113333333333334
Egypt,Saudi Arabia,51.733333333333334,38.766666666666666,9.5,1-1,17.166666666666668,1-0,Egypt win,4.243,16.03333333333333,1.442,0.665,0.7769999999999999
Saudi Arabia,Egypt,9.5,38.766666666666666,51.733333333333334,1-1,17.166666666666668,0-1,Saudi Arabia win,4.243,16.03333333333333,0.665,1.442,-0.7769999999999999
Egypt,Scotland,42.733333333333334,40.36666666666667,16.900000000000002,1-1,19.2,1-1,Draw,3.9963333333333333,19.2,1.2936666666666667,0.804,0.4896666666666667
Scotland,Egypt,16.900000000000002,40.36666666666667,42.733333333333334,1-1,19.2,1-1,Draw,3.9963333333333333,19.2,0.804,1.2936666666666667,-0.4896666666666667
Egypt,Senegal,26.166666666666664,38.03333333333334,35.8,1-1,17.8,1-1,Draw,3.8026666666666666,17.8,0.9913333333333333,1.1623333333333334,-0.17100000000000015
Senegal,Egypt,35.8,38.03333333333334,26.166666666666664,1-1,17.8,1-1,Draw,3.8026666666666666,17.8,1.1623333333333334,0.9913333333333333,0.17100000000000015
Egypt,South Africa,48.13333333333333,42.53333333333333,9.333333333333334,1-1,19.466666666666665,1-1,Draw,4.137,19.466666666666665,1.4006666666666667,0.676,0.7246666666666667
South Africa,Egypt,9.333333333333334,42.53333333333333,48.13333333333333,1-1,19.466666666666665,1-1,Draw,4.137,19.466666666666665,0.676,1.4006666666666667,-0.7246666666666667
Egypt,South Korea,24.066666666666666,42.96666666666666,32.96666666666667,1-1,19.866666666666667,1-1,Draw,4.219333333333333,19.866666666666667,0.944,1.1216666666666666,-0.17766666666666664
South Korea,Egypt,32.96666666666667,42.96666666666666,24.066666666666666,1-1,19.866666666666667,1-1,Draw,4.219333333333333,19.866666666666667,1.1216666666666666,0.944,0.17766666666666664
Egypt,Spain,14.099999999999998,34.8,51.1,0-1,15.966666666666669,0-1,Spain win,4.1706666666666665,15.966666666666669,0.7373333333333333,1.4266666666666667,-0.6893333333333335
Spain,Egypt,51.1,34.8,14.099999999999998,1-0,15.966666666666669,1-0,Egypt win,4.1706666666666665,15.966666666666669,1.4266666666666667,0.7373333333333333,0.6893333333333335
Egypt,Sweden,47.13333333333333,39.86666666666667,13.0,1-1,18.6,1-1,Draw,3.9306666666666668,18.6,1.37,0.7323333333333333,0.6376666666666668
Sweden,Egypt,13.0,39.86666666666667,47.13333333333333,1-1,18.6,1-1,Draw,3.9306666666666668,18.6,0.7323333333333333,1.37,-0.6376666666666668
Egypt,Switzerland,28.53333333333333,32.93333333333333,38.53333333333334,1-1,15.566666666666668,1-1,Draw,3.383,15.566666666666668,1.0096666666666667,1.208,-0.19833333333333325
Switzerland,Egypt,38.53333333333334,32.93333333333333,28.53333333333333,1-1,15.566666666666668,1-1,Draw,3.383,15.566666666666668,1.208,1.0096666666666667,0.19833333333333325
Egypt,Tunisia,47.199999999999996,42.4,10.4,1-1,19.900000000000002,1-1,Draw,4.145,19.900000000000002,1.3993333333333333,0.7153333333333334,0.6839999999999999
Tunisia,Egypt,10.4,42.4,47.199999999999996,1-1,19.900000000000002,1-1,Draw,4.145,19.900000000000002,0.7153333333333334,1.3993333333333333,-0.6839999999999999
Egypt,Turkey,31.733333333333334,41.93333333333334,26.333333333333332,1-1,17.96666666666667,1-1,Draw,4.097,17.96666666666667,1.0696666666666668,0.9936666666666667,0.07600000000000007
Turkey,Egypt,26.333333333333332,41.93333333333334,31.733333333333334,1-1,17.96666666666667,1-1,Draw,4.097,17.96666666666667,0.9936666666666667,1.0696666666666668,-0.07600000000000007
Egypt,United States,24.3,40.699999999999996,35.0,1-1,18.46666666666667,1-1,Draw,4.012666666666667,18.46666666666667,0.9483333333333334,1.1496666666666666,-0.20133333333333325
United States,Egypt,35.0,40.699999999999996,24.3,1-1,18.46666666666667,1-1,Draw,4.012666666666667,18.46666666666667,1.1496666666666666,0.9483333333333334,0.20133333333333325
Egypt,Uruguay,29.233333333333334,38.93333333333333,31.833333333333336,1-1,18.933333333333334,1-1,Draw,3.8943333333333334,18.933333333333334,1.0103333333333333,1.07,-0.05966666666666676
Uruguay,Egypt,31.833333333333336,38.93333333333333,29.233333333333334,1-1,18.933333333333334,1-1,Draw,3.8943333333333334,18.933333333333334,1.07,1.0103333333333333,0.05966666666666676
Egypt,Uzbekistan,49.233333333333334,37.13333333333333,13.633333333333333,1-1,16.866666666666667,1-0,Egypt win,4.026,14.133333333333335,1.4293333333333333,0.758,0.6713333333333333
Uzbekistan,Egypt,13.633333333333333,37.13333333333333,49.233333333333334,1-1,16.866666666666667,0-1,Uzbekistan win,4.026,14.133333333333335,0.758,1.4293333333333333,-0.6713333333333333
England,France,21.266666666666666,47.9,30.833333333333336,1-1,21.266666666666666,1-1,Draw,4.601666666666667,21.266666666666666,0.9003333333333333,1.074,-0.17366666666666675
France,England,30.833333333333336,47.9,21.266666666666666,1-1,21.266666666666666,1-1,Draw,4.601666666666667,21.266666666666666,1.074,0.9003333333333333,0.17366666666666675
England,Germany,40.6,50.46666666666667,8.933333333333334,1-1,23.466666666666665,1-1,Draw,4.815333333333333,23.466666666666665,1.262,0.6903333333333334,0.5716666666666667
Germany,England,8.933333333333334,50.46666666666667,40.6,1-1,23.466666666666665,1-1,Draw,4.815333333333333,23.466666666666665,0.6903333333333334,1.262,-0.5716666666666667
England,Ghana,50.76666666666667,37.5,11.733333333333333,1-1,17.066666666666666,1-0,England win,4.208,16.400000000000002,1.41,0.7066666666666667,0.7033333333333333
Ghana,England,11.733333333333333,37.5,50.76666666666667,1-1,17.066666666666666,0-1,Ghana win,4.208,16.400000000000002,0.7066666666666667,1.41,-0.7033333333333333
England,Haiti,62.93333333333333,31.900000000000002,5.166666666666667,1-0,17.0,1-0,England win,4.877666666666666,17.0,1.6936666666666667,0.558,1.1356666666666666
Haiti,England,5.166666666666667,31.900000000000002,62.93333333333333,0-1,17.0,0-1,Haiti win,4.877666666666666,17.0,0.558,1.6936666666666667,-1.1356666666666666
England,Iran,51.33333333333333,37.8,10.866666666666665,1-1,17.533333333333335,1-0,England win,4.176,15.1,1.457,0.69,0.7670000000000001
Iran,England,10.866666666666665,37.8,51.33333333333333,1-1,17.533333333333335,0-1,Iran win,4.176,15.1,0.69,1.457,-0.7670000000000001
England,Iraq,62.8,32.33333333333333,4.866666666666666,1-0,17.066666666666666,1-0,England win,4.894666666666667,17.066666666666666,1.6573333333333333,0.5373333333333333,1.12
Iraq,England,4.866666666666666,32.33333333333333,62.8,0-1,17.066666666666666,0-1,Iraq win,4.894666666666667,17.066666666666666,0.5373333333333333,1.6573333333333333,-1.12
England,Ivory Coast,57.06666666666666,35.6,7.333333333333333,1-0,16.7,1-0,England win,4.565333333333333,16.7,1.5516666666666667,0.615,0.9366666666666668
Ivory Coast,England,7.333333333333333,35.6,57.06666666666666,0-1,16.7,0-1,Ivory Coast win,4.565333333333333,16.7,0.615,1.5516666666666667,-0.9366666666666668
England,Japan,46.96666666666667,40.1,12.933333333333334,1-1,17.766666666666666,1-1,Draw,3.945666666666667,17.766666666666666,1.3456666666666666,0.7406666666666667,0.6049999999999999
Japan,England,12.933333333333334,40.1,46.96666666666667,1-1,17.766666666666666,1-1,Draw,3.945666666666667,17.766666666666666,0.7406666666666667,1.3456666666666666,-0.6049999999999999
England,Jordan,68.86666666666666,25.766666666666666,5.366666666666667,1-0,17.96666666666667,1-0,England win,5.219666666666667,17.96666666666667,1.815,0.5503333333333333,1.2646666666666666
Jordan,England,5.366666666666667,25.766666666666666,68.86666666666666,0-1,17.96666666666667,0-1,Jordan win,5.219666666666667,17.96666666666667,0.5503333333333333,1.815,-1.2646666666666666
England,Mexico,48.46666666666667,39.93333333333333,11.600000000000001,1-1,17.766666666666666,1-0,England win,4.018666666666666,15.166666666666668,1.376,0.7066666666666667,0.6693333333333332
Mexico,England,11.600000000000001,39.93333333333333,48.46666666666667,1-1,17.766666666666666,0-1,Mexico win,4.018666666666666,15.166666666666668,0.7066666666666667,1.376,-0.6693333333333332
England,Morocco,36.96666666666666,47.333333333333336,15.7,1-1,20.9,1-1,Draw,4.536,20.9,1.203,0.8103333333333333,0.3926666666666667
Morocco,England,15.7,47.333333333333336,36.96666666666666,1-1,20.9,1-1,Draw,4.536,20.9,0.8103333333333333,1.203,-0.3926666666666667
England,Netherlands,42.699999999999996,44.2,13.100000000000001,1-1,20.96666666666667,1-1,Draw,4.313,20.96666666666667,1.2936666666666667,0.755,0.5386666666666667
Netherlands,England,13.100000000000001,44.2,42.699999999999996,1-1,20.96666666666667,1-1,Draw,4.313,20.96666666666667,0.755,1.2936666666666667,-0.5386666666666667
England,New Zealand,48.1,39.900000000000006,12.0,1-1,18.133333333333333,1-0,England win,3.967,14.266666666666666,1.4003333333333334,0.7126666666666667,0.6876666666666668
New Zealand,England,12.0,39.900000000000006,48.1,1-1,18.133333333333333,0-1,New Zealand win,3.967,14.266666666666666,0.7126666666666667,1.4003333333333334,-0.6876666666666668
England,Norway,59.56666666666667,31.1,9.333333333333334,1-0,17.333333333333336,1-0,England win,4.708,17.333333333333336,1.589,0.6283333333333333,0.9606666666666667
Norway,England,9.333333333333334,31.1,59.56666666666667,0-1,17.333333333333336,0-1,Norway win,4.708,17.333333333333336,0.6283333333333333,1.589,-0.9606666666666667
England,Panama,48.766666666666666,41.766666666666666,9.466666666666667,1-1,19.366666666666667,1-1,Draw,4.085333333333334,19.366666666666667,1.4006666666666667,0.6733333333333333,0.7273333333333334
Panama,England,9.466666666666667,41.766666666666666,48.766666666666666,1-1,19.366666666666667,1-1,Draw,4.085333333333334,19.366666666666667,0.6733333333333333,1.4006666666666667,-0.7273333333333334
England,Paraguay,60.53333333333333,33.33333333333333,6.133333333333333,1-0,18.8,1-0,England win,4.825,18.8,1.5943333333333334,0.5743333333333334,1.02
Paraguay,England,6.133333333333333,33.33333333333333,60.53333333333333,0-1,18.8,0-1,Paraguay win,4.825,18.8,0.5743333333333334,1.5943333333333334,-1.02
England,Portugal,32.86666666666667,53.86666666666666,13.266666666666666,1-1,24.9,1-1,Draw,5.102333333333333,24.9,1.129,0.765,0.364
Portugal,England,13.266666666666666,53.86666666666666,32.86666666666667,1-1,24.9,1-1,Draw,5.102333333333333,24.9,0.765,1.129,-0.364
England,Qatar,58.63333333333334,36.3,5.066666666666666,1-1,16.8,1-0,England win,4.661333333333333,16.8,1.583,0.565,1.018
Qatar,England,5.066666666666666,36.3,58.63333333333334,1-1,16.8,0-1,Qatar win,4.661333333333333,16.8,0.565,1.583,-1.018
England,Saudi Arabia,60.66666666666667,34.46666666666667,4.866666666666666,1-1,16.466666666666665,1-0,England win,4.763333333333334,16.266666666666666,1.6533333333333333,0.569,1.0843333333333334
Saudi Arabia,England,4.866666666666666,34.46666666666667,60.66666666666667,1-1,16.466666666666665,0-1,Saudi Arabia win,4.763333333333334,16.266666666666666,0.569,1.6533333333333333,-1.0843333333333334
England,Scotland,56.43333333333334,37.733333333333334,5.833333333333333,1-1,16.733333333333334,1-0,England win,4.504333333333333,15.966666666666669,1.547,0.5936666666666667,0.9533333333333333
Scotland,England,5.833333333333333,37.733333333333334,56.43333333333334,1-1,16.733333333333334,0-1,Scotland win,4.504333333333333,15.966666666666669,0.5936666666666667,1.547,-0.9533333333333333
England,Senegal,45.03333333333333,44.56666666666666,10.4,1-1,19.53333333333333,0-0,Draw,4.325333333333333,18.96666666666667,1.2836666666666667,0.667,0.6166666666666667
Senegal,England,10.4,44.56666666666666,45.03333333333333,1-1,19.53333333333333,0-0,Draw,4.325333333333333,18.96666666666667,0.667,1.2836666666666667,-0.6166666666666667
England,South Africa,65.2,29.86666666666667,4.933333333333334,1-0,17.566666666666666,1-0,England win,5.029,17.566666666666666,1.7273333333333334,0.5353333333333333,1.1920000000000002
South Africa,England,4.933333333333334,29.86666666666667,65.2,0-1,17.566666666666666,0-1,South Africa win,5.029,17.566666666666666,0.5353333333333333,1.7273333333333334,-1.1920000000000002
England,South Korea,53.900000000000006,37.1,9.0,1-1,17.066666666666666,1-0,England win,4.355666666666667,16.066666666666666,1.487,0.6513333333333333,0.8356666666666668
South Korea,England,9.0,37.1,53.900000000000006,1-1,17.066666666666666,0-1,South Korea win,4.355666666666667,16.066666666666666,0.6513333333333333,1.487,-0.8356666666666668
England,Spain,23.1,46.833333333333336,30.06666666666667,1-1,22.7,1-1,Draw,4.564,22.7,0.963,1.0606666666666666,-0.09766666666666668
Spain,England,30.06666666666667,46.833333333333336,23.1,1-1,22.7,1-1,Draw,4.564,22.7,1.0606666666666666,0.963,0.09766666666666668
England,Sweden,58.699999999999996,36.53333333333333,4.766666666666667,1-0,16.2,1-0,England win,4.647666666666667,16.2,1.594,0.577,1.0170000000000001
Sweden,England,4.766666666666667,36.53333333333333,58.699999999999996,0-1,16.2,0-1,Sweden win,4.647666666666667,16.2,0.577,1.594,-1.0170000000000001
England,Switzerland,38.86666666666667,49.06666666666666,12.066666666666666,1-1,20.766666666666666,0-0,Draw,4.675666666666666,20.599999999999998,1.2166666666666666,0.7453333333333333,0.47133333333333327
Switzerland,England,12.066666666666666,49.06666666666666,38.86666666666667,1-1,20.766666666666666,0-0,Draw,4.675666666666666,20.599999999999998,0.7453333333333333,1.2166666666666666,-0.47133333333333327
England,Tunisia,57.733333333333334,36.4,5.866666666666666,1-0,16.8,1-0,England win,4.613333333333333,16.8,1.549,0.573,0.976
Tunisia,England,5.866666666666666,36.4,57.733333333333334,0-1,16.8,0-1,Tunisia win,4.613333333333333,16.8,0.573,1.549,-0.976
England,Turkey,56.56666666666666,35.9,7.533333333333333,0-0,15.8,1-0,England win,4.472333333333333,15.7,1.5533333333333332,0.6103333333333333,0.943
Turkey,England,7.533333333333333,35.9,56.56666666666666,0-0,15.8,0-1,Turkey win,4.472333333333333,15.7,0.6103333333333333,1.5533333333333332,-0.943
England,United States,44.266666666666666,43.93333333333334,11.799999999999999,1-1,18.933333333333334,0-0,Draw,4.255,18.366666666666667,1.276,0.7083333333333334,0.5676666666666667
United States,England,11.799999999999999,43.93333333333334,44.266666666666666,1-1,18.933333333333334,0-0,Draw,4.255,18.366666666666667,0.7083333333333334,1.276,-0.5676666666666667
England,Uruguay,50.56666666666667,40.56666666666667,8.866666666666667,0-0,17.466666666666665,1-0,England win,4.169666666666667,15.866666666666667,1.4163333333333334,0.6453333333333333,0.7710000000000001
Uruguay,England,8.866666666666667,40.56666666666667,50.56666666666667,0-0,17.466666666666665,0-1,Uruguay win,4.169666666666667,15.866666666666667,0.6453333333333333,1.4163333333333334,-0.7710000000000001
England,Uzbekistan,60.13333333333334,32.166666666666664,7.7,1-0,16.433333333333334,1-0,England win,4.701,16.433333333333334,1.656,0.6536666666666666,1.0023333333333333
Uzbekistan,England,7.7,32.166666666666664,60.13333333333334,0-1,16.433333333333334,0-1,Uzbekistan win,4.701,16.433333333333334,0.6536666666666666,1.656,-1.0023333333333333
France,Germany,43.8,48.56666666666667,7.633333333333334,0-0,21.7,0-0,Draw,4.673333333333333,21.7,1.2876666666666667,0.6393333333333333,0.6483333333333334
Germany,France,7.633333333333334,48.56666666666667,43.8,0-0,21.7,0-0,Draw,4.673333333333333,21.7,0.6393333333333333,1.2876666666666667,-0.6483333333333334
France,Ghana,56.53333333333334,33.300000000000004,10.166666666666666,1-0,16.133333333333333,1-0,France win,4.527,16.133333333333333,1.548,0.6813333333333333,0.8666666666666667
Ghana,France,10.166666666666666,33.300000000000004,56.53333333333334,0-1,16.133333333333333,0-1,Ghana win,4.527,16.133333333333333,0.6813333333333333,1.548,-0.8666666666666667
France,Haiti,60.266666666666666,34.9,4.833333333333333,1-0,17.433333333333334,1-0,France win,4.754666666666667,17.433333333333334,1.6366666666666667,0.5773333333333334,1.0593333333333335
Haiti,France,4.833333333333333,34.9,60.266666666666666,0-1,17.433333333333334,0-1,Haiti win,4.754666666666667,17.433333333333334,0.5773333333333334,1.6366666666666667,-1.0593333333333335
France,Iran,52.76666666666666,39.300000000000004,7.933333333333334,1-1,17.4,1-0,France win,4.327333333333334,16.066666666666666,1.4483333333333333,0.6363333333333333,0.8119999999999999
Iran,France,7.933333333333334,39.300000000000004,52.76666666666666,1-1,17.4,0-1,Iran win,4.327333333333334,16.066666666666666,0.6363333333333333,1.4483333333333333,-0.8119999999999999
France,Iraq,66.46666666666667,29.233333333333334,4.3,1-0,19.466666666666665,1-0,France win,5.178333333333334,19.466666666666665,1.712,0.5096666666666667,1.2023333333333333
Iraq,France,4.3,29.233333333333334,66.46666666666667,0-1,19.466666666666665,0-1,Iraq win,5.178333333333334,19.466666666666665,0.5096666666666667,1.712,-1.2023333333333333
France,Ivory Coast,60.0,33.46666666666667,6.533333333333332,1-0,17.066666666666666,1-0,France win,4.718666666666667,17.066666666666666,1.5916666666666666,0.5786666666666667,1.013
Ivory Coast,France,6.533333333333332,33.46666666666667,60.0,0-1,17.066666666666666,0-1,Ivory Coast win,4.718666666666667,17.066666666666666,0.5786666666666667,1.5916666666666666,-1.013
France,Japan,41.36666666666667,46.13333333333333,12.5,1-1,22.2,1-1,Draw,4.472333333333333,22.2,1.2826666666666666,0.761,0.5216666666666666
Japan,France,12.5,46.13333333333333,41.36666666666667,1-1,22.2,1-1,Draw,4.472333333333333,22.2,0.761,1.2826666666666666,-0.5216666666666666
France,Jordan,65.83333333333333,30.333333333333336,3.833333333333333,1-0,16.966666666666665,1-0,France win,5.035666666666667,16.966666666666665,1.7573333333333334,0.5233333333333333,1.234
Jordan,France,3.833333333333333,30.333333333333336,65.83333333333333,0-1,16.966666666666665,0-1,Jordan win,5.035666666666667,16.966666666666665,0.5233333333333333,1.7573333333333334,-1.234
France,Mexico,54.766666666666666,33.93333333333333,11.3,1-0,16.5,1-0,France win,4.421666666666667,16.5,1.4956666666666667,0.6753333333333333,0.8203333333333334
Mexico,France,11.3,33.93333333333333,54.766666666666666,0-1,16.5,0-1,Mexico win,4.421666666666667,16.5,0.6753333333333333,1.4956666666666667,-0.8203333333333334
France,Morocco,36.53333333333333,49.833333333333336,13.633333333333333,1-1,22.433333333333334,1-1,Draw,4.749666666666666,22.433333333333334,1.1493333333333333,0.7423333333333333,0.40700000000000003
Morocco,France,13.633333333333333,49.833333333333336,36.53333333333333,1-1,22.433333333333334,1-1,Draw,4.749666666666666,22.433333333333334,0.7423333333333333,1.1493333333333333,-0.40700000000000003
France,Netherlands,46.266666666666666,44.9,8.833333333333334,1-1,20.3,1-1,Draw,4.343333333333334,20.3,1.3576666666666666,0.6743333333333333,0.6833333333333332
Netherlands,France,8.833333333333334,44.9,46.266666666666666,1-1,20.3,1-1,Draw,4.343333333333334,20.3,0.6743333333333333,1.3576666666666666,-0.6833333333333332
France,New Zealand,52.5,37.4,10.100000000000001,1-1,16.3,1-0,France win,4.2603333333333335,15.566666666666668,1.4593333333333334,0.6613333333333333,0.798
New Zealand,France,10.100000000000001,37.4,52.5,1-1,16.3,0-1,New Zealand win,4.2603333333333335,15.566666666666668,0.6613333333333333,1.4593333333333334,-0.798
France,Norway,61.83333333333333,29.76666666666667,8.4,1-0,17.0,1-0,France win,4.807,17.0,1.6683333333333332,0.6153333333333333,1.053
Norway,France,8.4,29.76666666666667,61.83333333333333,0-1,17.0,0-1,Norway win,4.807,17.0,0.6153333333333333,1.6683333333333332,-1.053
France,Panama,54.6,37.3,8.1,1-1,16.733333333333334,1-0,France win,4.400333333333333,16.066666666666666,1.507,0.6373333333333333,0.8696666666666666
Panama,France,8.1,37.3,54.6,1-1,16.733333333333334,0-1,Panama win,4.400333333333333,16.066666666666666,0.6373333333333333,1.507,-0.8696666666666666
France,Paraguay,62.63333333333333,32.83333333333333,4.533333333333333,1-0,18.266666666666666,1-0,France win,4.925,18.266666666666666,1.6416666666666666,0.551,1.0906666666666665
Paraguay,France,4.533333333333333,32.83333333333333,62.63333333333333,0-1,18.266666666666666,0-1,Paraguay win,4.925,18.266666666666666,0.551,1.6416666666666666,-1.0906666666666665
France,Portugal,33.46666666666667,57.06666666666666,9.466666666666667,1-1,25.633333333333336,1-1,Draw,5.363666666666667,25.633333333333336,1.123,0.718,0.405
Portugal,France,9.466666666666667,57.06666666666666,33.46666666666667,1-1,25.633333333333336,1-1,Draw,5.363666666666667,25.633333333333336,0.718,1.123,-0.405
France,Qatar,62.06666666666667,32.9,5.033333333333333,1-0,17.233333333333334,1-0,France win,4.841333333333333,17.233333333333334,1.6483333333333334,0.5453333333333333,1.1030000000000002
Qatar,France,5.033333333333333,32.9,62.06666666666667,0-1,17.233333333333334,0-1,Qatar win,4.841333333333333,17.233333333333334,0.5453333333333333,1.6483333333333334,-1.1030000000000002
France,Saudi Arabia,65.4,30.366666666666664,4.233333333333333,1-0,18.6,1-0,France win,5.051,18.6,1.716,0.5173333333333333,1.1986666666666665
Saudi Arabia,France,4.233333333333333,30.366666666666664,65.4,0-1,18.6,0-1,Saudi Arabia win,5.051,18.6,0.5173333333333333,1.716,-1.1986666666666665
France,Scotland,66.9,28.433333333333334,4.666666666666667,1-0,17.466666666666665,1-0,France win,5.111666666666666,17.466666666666665,1.7806666666666666,0.5593333333333333,1.2213333333333334
Scotland,France,4.666666666666667,28.433333333333334,66.9,0-1,17.466666666666665,0-1,Scotland win,5.111666666666666,17.466666666666665,0.5593333333333333,1.7806666666666666,-1.2213333333333334
France,Senegal,51.16666666666667,41.03333333333333,7.8,1-1,18.0,1-0,France win,4.209,15.566666666666668,1.424,0.6236666666666667,0.8003333333333332
Senegal,France,7.8,41.03333333333333,51.16666666666667,1-1,18.0,0-1,Senegal win,4.209,15.566666666666668,0.6236666666666667,1.424,-0.8003333333333332
France,South Africa,69.33333333333334,27.43333333333333,3.2333333333333334,1-0,18.166666666666668,1-0,France win,5.273333333333333,18.166666666666668,1.8076666666666668,0.49066666666666664,1.3170000000000002
South Africa,France,3.2333333333333334,27.43333333333333,69.33333333333334,0-1,18.166666666666668,0-1,South Africa win,5.273333333333333,18.166666666666668,0.49066666666666664,1.8076666666666668,-1.3170000000000002
France,South Korea,45.13333333333333,44.3,10.566666666666666,1-1,19.333333333333332,1-1,Draw,4.288,19.333333333333332,1.3253333333333333,0.7016666666666667,0.6236666666666666
South Korea,France,10.566666666666666,44.3,45.13333333333333,1-1,19.333333333333332,1-1,Draw,4.288,19.333333333333332,0.7016666666666667,1.3253333333333333,-0.6236666666666666
France,Spain,35.0,42.5,22.5,1-1,19.766666666666666,1-1,Draw,4.172,19.766666666666666,1.1373333333333333,0.91,0.22733333333333328
Spain,France,22.5,42.5,35.0,1-1,19.766666666666666,1-1,Draw,4.172,19.766666666666666,0.91,1.1373333333333333,-0.22733333333333328
France,Sweden,75.76666666666667,21.166666666666668,3.0666666666666664,1-0,19.26666666666667,1-0,France win,5.605333333333333,19.26666666666667,1.976,0.48433333333333334,1.4916666666666667
Sweden,France,3.0666666666666664,21.166666666666668,75.76666666666667,0-1,19.26666666666667,0-1,Sweden win,5.605333333333333,19.26666666666667,0.48433333333333334,1.976,-1.4916666666666667
France,Switzerland,36.199999999999996,50.76666666666667,13.033333333333333,0-0,22.400000000000002,0-0,Draw,4.837666666666666,22.400000000000002,1.1493333333333333,0.742,0.4073333333333333
Switzerland,France,13.033333333333333,50.76666666666667,36.199999999999996,0-0,22.400000000000002,0-0,Draw,4.837666666666666,22.400000000000002,0.742,1.1493333333333333,-0.4073333333333333
France,Tunisia,64.73333333333333,31.433333333333337,3.833333333333333,1-0,18.6,1-0,France win,5.029,18.6,1.6743333333333332,0.49933333333333335,1.1749999999999998
Tunisia,France,3.833333333333333,31.433333333333337,64.73333333333333,0-1,18.6,0-1,Tunisia win,5.029,18.6,0.49933333333333335,1.6743333333333332,-1.1749999999999998
France,Turkey,60.06666666666667,32.666666666666664,7.2666666666666675,1-0,16.633333333333333,1-0,France win,4.739,16.633333333333333,1.6326666666666667,0.6153333333333333,1.0173333333333334
Turkey,France,7.2666666666666675,32.666666666666664,60.06666666666667,0-1,16.633333333333333,0-1,Turkey win,4.739,16.633333333333333,0.6153333333333333,1.6326666666666667,-1.0173333333333334
France,United States,55.03333333333333,37.333333333333336,7.633333333333334,1-1,17.066666666666666,1-0,France win,4.458333333333333,16.466666666666665,1.4806666666666666,0.6063333333333333,0.8743333333333333
United States,France,7.633333333333334,37.333333333333336,55.03333333333333,1-1,17.066666666666666,0-1,United States win,4.458333333333333,16.466666666666665,0.6063333333333333,1.4806666666666666,-0.8743333333333333
France,Uruguay,54.96666666666666,37.63333333333333,7.3999999999999995,1-1,17.666666666666668,1-0,France win,4.424333333333333,16.333333333333332,1.5086666666666666,0.62,0.8886666666666666
Uruguay,France,7.3999999999999995,37.63333333333333,54.96666666666666,1-1,17.666666666666668,0-1,Uruguay win,4.424333333333333,16.333333333333332,0.62,1.5086666666666666,-0.8886666666666666
France,Uzbekistan,60.699999999999996,30.9,8.4,1-0,16.866666666666667,1-0,France win,4.763,16.866666666666667,1.641,0.6273333333333333,1.0136666666666667
Uzbekistan,France,8.4,30.9,60.699999999999996,0-1,16.866666666666667,0-1,Uzbekistan win,4.763,16.866666666666667,0.6273333333333333,1.641,-1.0136666666666667
Germany,Ghana,38.6,38.0,23.400000000000002,1-1,17.5,1-1,Draw,3.800333333333333,17.5,1.189,0.9226666666666666,0.2663333333333334
Ghana,Germany,23.400000000000002,38.0,38.6,1-1,17.5,1-1,Draw,3.800333333333333,17.5,0.9226666666666666,1.189,-0.2663333333333334
Germany,Haiti,64.66666666666666,26.6,8.733333333333333,1-0,17.299999999999997,1-0,Germany win,4.981,17.299999999999997,1.7203333333333333,0.6213333333333333,1.099
Haiti,Germany,8.733333333333333,26.6,64.66666666666666,0-1,17.299999999999997,0-1,Haiti win,4.981,17.299999999999997,0.6213333333333333,1.7203333333333333,-1.099
Germany,Iran,41.06666666666667,43.06666666666666,15.866666666666667,1-1,18.866666666666667,1-1,Draw,4.188,18.866666666666667,1.2306666666666666,0.786,0.44466666666666654
Iran,Germany,15.866666666666667,43.06666666666666,41.06666666666667,1-1,18.866666666666667,1-1,Draw,4.188,18.866666666666667,0.786,1.2306666666666666,-0.44466666666666654
Germany,Iraq,57.43333333333334,32.5,10.066666666666666,1-0,16.166666666666664,1-0,Germany win,4.554,16.166666666666664,1.5593333333333332,0.6506666666666666,0.9086666666666666
Iraq,Germany,10.066666666666666,32.5,57.43333333333334,0-1,16.166666666666664,0-1,Iraq win,4.554,16.166666666666664,0.6506666666666666,1.5593333333333332,-0.9086666666666666
Germany,Ivory Coast,48.06666666666667,35.733333333333334,16.2,1-1,16.933333333333334,1-0,Germany win,3.9483333333333333,13.8,1.398,0.7886666666666666,0.6093333333333333
Ivory Coast,Germany,16.2,35.733333333333334,48.06666666666667,1-1,16.933333333333334,0-1,Ivory Coast win,3.9483333333333333,13.8,0.7886666666666666,1.398,-0.6093333333333333
Germany,Japan,32.46666666666667,46.166666666666664,21.366666666666667,1-1,20.8,1-1,Draw,4.461666666666667,20.8,1.082,0.892,0.19000000000000006
Japan,Germany,21.366666666666667,46.166666666666664,32.46666666666667,1-1,20.8,1-1,Draw,4.461666666666667,20.8,0.892,1.082,-0.19000000000000006
Germany,Jordan,62.26666666666667,27.96666666666667,9.766666666666666,1-0,18.033333333333335,1-0,Germany win,4.874333333333333,18.033333333333335,1.6526666666666667,0.647,1.0056666666666667
Jordan,Germany,9.766666666666666,27.96666666666667,62.26666666666667,0-1,18.033333333333335,0-1,Jordan win,4.874333333333333,18.033333333333335,0.647,1.6526666666666667,-1.0056666666666667
Germany,Mexico,31.266666666666666,43.3,25.433333333333337,1-1,20.1,1-1,Draw,4.232333333333333,20.1,1.1036666666666666,0.9936666666666667,0.10999999999999988
Mexico,Germany,25.433333333333337,43.3,31.266666666666666,1-1,20.1,1-1,Draw,4.232333333333333,20.1,0.9936666666666667,1.1036666666666666,-0.10999999999999988
Germany,Morocco,16.8,44.166666666666664,39.03333333333333,1-1,19.633333333333333,1-1,Draw,4.287,19.633333333333333,0.8116666666666666,1.224,-0.41233333333333333
Morocco,Germany,39.03333333333333,44.166666666666664,16.8,1-1,19.633333333333333,1-1,Draw,4.287,19.633333333333333,1.224,0.8116666666666666,0.41233333333333333
Germany,Netherlands,29.233333333333334,35.099999999999994,35.66666666666667,1-1,17.033333333333335,1-1,Draw,3.5716666666666668,17.033333333333335,1.05,1.1786666666666668,-0.1286666666666667
Netherlands,Germany,35.66666666666667,35.099999999999994,29.233333333333334,1-1,17.033333333333335,1-1,Draw,3.5716666666666668,17.033333333333335,1.1786666666666668,1.05,0.1286666666666667
Germany,New Zealand,49.06666666666666,30.833333333333336,20.1,1-1,14.833333333333334,1-0,Germany win,3.9993333333333334,14.466666666666667,1.397,0.8523333333333334,0.5446666666666666
New Zealand,Germany,20.1,30.833333333333336,49.06666666666666,1-1,14.833333333333334,0-1,New Zealand win,3.9993333333333334,14.466666666666667,0.8523333333333334,1.397,-0.5446666666666666
Germany,Norway,40.400000000000006,39.1,20.5,1-1,17.333333333333336,1-1,Draw,3.880333333333333,17.333333333333336,1.231,0.867,0.3640000000000001
Norway,Germany,20.5,39.1,40.400000000000006,1-1,17.333333333333336,1-1,Draw,3.880333333333333,17.333333333333336,0.867,1.231,-0.3640000000000001
Germany,Panama,45.766666666666666,37.93333333333334,16.3,1-1,17.166666666666668,1-0,Germany win,3.8406666666666665,14.966666666666667,1.3516666666666666,0.8066666666666666,0.5449999999999999
Panama,Germany,16.3,37.93333333333334,45.766666666666666,1-1,17.166666666666668,0-1,Panama win,3.8406666666666665,14.966666666666667,0.8066666666666666,1.3516666666666666,-0.5449999999999999
Germany,Paraguay,59.96666666666667,29.633333333333333,10.4,1-0,16.733333333333334,1-0,Germany win,4.679,16.733333333333334,1.6416666666666666,0.6743333333333333,0.9673333333333333
Paraguay,Germany,10.4,29.633333333333333,59.96666666666667,0-1,16.733333333333334,0-1,Paraguay win,4.679,16.733333333333334,0.6743333333333333,1.6416666666666666,-0.9673333333333333
Germany,Portugal,22.26666666666667,37.766666666666666,39.96666666666667,1-1,16.433333333333334,1-1,Draw,3.751333333333333,16.433333333333334,0.885,1.207,-0.32200000000000006
Portugal,Germany,39.96666666666667,37.766666666666666,22.26666666666667,1-1,16.433333333333334,1-1,Draw,3.751333333333333,16.433333333333334,1.207,0.885,0.32200000000000006
Germany,Qatar,60.36666666666667,30.3,9.333333333333334,1-0,17.033333333333335,1-0,Germany win,4.758333333333334,17.033333333333335,1.6133333333333333,0.6416666666666667,0.9716666666666666
Qatar,Germany,9.333333333333334,30.3,60.36666666666667,0-1,17.033333333333335,0-1,Qatar win,4.758333333333334,17.033333333333335,0.6416666666666667,1.6133333333333333,-0.9716666666666666
Germany,Saudi Arabia,57.96666666666667,32.86666666666667,9.166666666666666,1-0,17.333333333333336,1-0,Germany win,4.637,17.333333333333336,1.5456666666666667,0.6203333333333333,0.9253333333333335
Saudi Arabia,Germany,9.166666666666666,32.86666666666667,57.96666666666667,0-1,17.333333333333336,0-1,Saudi Arabia win,4.637,17.333333333333336,0.6203333333333333,1.5456666666666667,-0.9253333333333335
Germany,Scotland,55.2,31.666666666666664,13.133333333333333,1-0,16.266666666666666,1-0,Germany win,4.43,16.266666666666666,1.5026666666666666,0.6896666666666667,0.813
Scotland,Germany,13.133333333333333,31.666666666666664,55.2,0-1,16.266666666666666,0-1,Scotland win,4.43,16.266666666666666,0.6896666666666667,1.5026666666666666,-0.813
Germany,Senegal,28.999999999999996,44.6,26.400000000000002,1-1,19.466666666666665,1-1,Draw,4.314666666666667,19.466666666666665,1.054,0.9683333333333334,0.08566666666666667
Senegal,Germany,26.400000000000002,44.6,28.999999999999996,1-1,19.466666666666665,1-1,Draw,4.314666666666667,19.466666666666665,0.9683333333333334,1.054,-0.08566666666666667
Germany,South Africa,60.46666666666667,29.2,10.333333333333334,1-0,17.233333333333334,1-0,Germany win,4.733333333333333,17.233333333333334,1.6466666666666667,0.652,0.9946666666666667
South Africa,Germany,10.333333333333334,29.2,60.46666666666667,0-1,17.233333333333334,0-1,South Africa win,4.733333333333333,17.233333333333334,0.652,1.6466666666666667,-0.9946666666666667
Germany,South Korea,33.46666666666667,50.6,15.933333333333334,1-1,23.0,1-1,Draw,4.831333333333333,23.0,1.1143333333333334,0.8023333333333333,0.31200000000000006
South Korea,Germany,15.933333333333334,50.6,33.46666666666667,1-1,23.0,1-1,Draw,4.831333333333333,23.0,0.8023333333333333,1.1143333333333334,-0.31200000000000006
Germany,Spain,12.866666666666667,41.099999999999994,46.03333333333333,1-1,18.23333333333333,1-1,Draw,4.016666666666667,18.23333333333333,0.746,1.3603333333333334,-0.6143333333333334
Spain,Germany,46.03333333333333,41.099999999999994,12.866666666666667,1-1,18.23333333333333,1-1,Draw,4.016666666666667,18.23333333333333,1.3603333333333334,0.746,0.6143333333333334
Germany,Sweden,56.766666666666666,34.43333333333333,8.799999999999999,1-0,15.766666666666667,1-0,Germany win,4.486,15.766666666666667,1.565,0.64,0.9249999999999999
Sweden,Germany,8.799999999999999,34.43333333333333,56.766666666666666,0-1,15.766666666666667,0-1,Sweden win,4.486,15.766666666666667,0.64,1.565,-0.9249999999999999
Germany,Switzerland,36.5,38.0,25.5,1-1,17.9,1-1,Draw,3.8023333333333333,17.9,1.1606666666666667,0.9556666666666667,0.20500000000000007
Switzerland,Germany,25.5,38.0,36.5,1-1,17.9,1-1,Draw,3.8023333333333333,17.9,0.9556666666666667,1.1606666666666667,-0.20500000000000007
Germany,Tunisia,60.8,30.3,8.9,1-0,17.96666666666667,1-0,Germany win,4.791333333333333,17.96666666666667,1.6193333333333333,0.6326666666666667,0.9866666666666666
Tunisia,Germany,8.9,30.3,60.8,0-1,17.96666666666667,0-1,Tunisia win,4.791333333333333,17.96666666666667,0.6326666666666667,1.6193333333333333,-0.9866666666666666
Germany,Turkey,50.7,34.8,14.499999999999998,1-1,15.966666666666669,1-0,Germany win,4.155,15.633333333333333,1.4143333333333334,0.7316666666666667,0.6826666666666668
Turkey,Germany,14.499999999999998,34.8,50.7,1-1,15.966666666666669,0-1,Turkey win,4.155,15.633333333333333,0.7316666666666667,1.4143333333333334,-0.6826666666666668
Germany,United States,30.666666666666664,46.63333333333333,22.7,1-1,20.766666666666666,1-1,Draw,4.487666666666667,20.766666666666666,1.09,0.9523333333333334,0.13766666666666671
United States,Germany,22.7,46.63333333333333,30.666666666666664,1-1,20.766666666666666,1-1,Draw,4.487666666666667,20.766666666666666,0.9523333333333334,1.09,-0.13766666666666671
Germany,Uruguay,37.766666666666666,42.3,19.933333333333334,1-1,19.133333333333333,1-1,Draw,4.130333333333334,19.133333333333333,1.1793333333333333,0.858,0.32133333333333336
Uruguay,Germany,19.933333333333334,42.3,37.766666666666666,1-1,19.133333333333333,1-1,Draw,4.130333333333334,19.133333333333333,0.858,1.1793333333333333,-0.32133333333333336
Germany,Uzbekistan,49.1,34.86666666666667,16.03333333333333,1-1,16.166666666666664,1-0,Germany win,3.989,14.133333333333335,1.4236666666666666,0.792,0.6316666666666666
Uzbekistan,Germany,16.03333333333333,34.86666666666667,49.1,1-1,16.166666666666664,0-1,Uzbekistan win,3.989,14.133333333333335,0.792,1.4236666666666666,-0.6316666666666666
Ghana,Haiti,44.93333333333333,43.06666666666666,12.0,1-1,19.7,1-1,Draw,4.199333333333334,19.7,1.2976666666666667,0.7006666666666667,0.5970000000000001
Haiti,Ghana,12.0,43.06666666666666,44.93333333333333,1-1,19.7,1-1,Draw,4.199333333333334,19.7,0.7006666666666667,1.2976666666666667,-0.5970000000000001
Ghana,Iran,21.566666666666666,50.96666666666667,27.46666666666667,1-1,22.900000000000002,1-1,Draw,4.863666666666667,22.900000000000002,0.8893333333333333,1.0006666666666666,-0.11133333333333328
Iran,Ghana,27.46666666666667,50.96666666666667,21.566666666666666,1-1,22.900000000000002,1-1,Draw,4.863666666666667,22.900000000000002,1.0006666666666666,0.8893333333333333,0.11133333333333328
Ghana,Iraq,27.6,49.86666666666667,22.53333333333333,1-1,22.6,1-1,Draw,4.774666666666667,22.6,0.983,0.9086666666666666,0.07433333333333336
Iraq,Ghana,22.53333333333333,49.86666666666667,27.6,1-1,22.6,1-1,Draw,4.774666666666667,22.6,0.9086666666666666,0.983,-0.07433333333333336
Ghana,Ivory Coast,20.466666666666665,49.9,29.633333333333333,1-1,23.266666666666666,1-1,Draw,4.782,23.266666666666666,0.916,1.057,-0.1409999999999999
Ivory Coast,Ghana,29.633333333333333,49.9,20.466666666666665,1-1,23.266666666666666,1-1,Draw,4.782,23.266666666666666,1.057,0.916,0.1409999999999999
Ghana,Japan,15.366666666666667,47.16666666666667,37.46666666666666,1-1,21.666666666666668,1-1,Draw,4.539333333333333,21.666666666666668,0.7913333333333333,1.1706666666666667,-0.3793333333333334
Japan,Ghana,37.46666666666666,47.16666666666667,15.366666666666667,1-1,21.666666666666668,1-1,Draw,4.539333333333333,21.666666666666668,1.1706666666666667,0.7913333333333333,0.3793333333333334
Ghana,Jordan,32.43333333333333,45.300000000000004,22.26666666666667,1-1,20.366666666666667,1-1,Draw,4.39,20.366666666666667,1.11,0.9296666666666666,0.18033333333333346
Jordan,Ghana,22.26666666666667,45.300000000000004,32.43333333333333,1-1,20.366666666666667,1-1,Draw,4.39,20.366666666666667,0.9296666666666666,1.11,-0.18033333333333346
Ghana,Mexico,18.033333333333335,38.86666666666667,43.1,1-1,17.533333333333335,1-1,Draw,3.8473333333333333,17.533333333333335,0.82,1.2843333333333333,-0.4643333333333334
Mexico,Ghana,43.1,38.86666666666667,18.033333333333335,1-1,17.533333333333335,1-1,Draw,3.8473333333333333,17.533333333333335,1.2843333333333333,0.82,0.4643333333333334
Ghana,Morocco,8.766666666666667,52.233333333333334,39.0,1-1,23.3,1-1,Draw,4.950333333333333,23.3,0.6743333333333333,1.2043333333333333,-0.5299999999999999
Morocco,Ghana,39.0,52.233333333333334,8.766666666666667,1-1,23.3,1-1,Draw,4.950333333333333,23.3,1.2043333333333333,0.6743333333333333,0.5299999999999999
Ghana,Netherlands,13.733333333333334,32.6,53.666666666666664,0-1,14.633333333333335,0-1,Netherlands win,4.264666666666667,14.633333333333335,0.735,1.5126666666666666,-0.7776666666666666
Netherlands,Ghana,53.666666666666664,32.6,13.733333333333334,1-0,14.633333333333335,1-0,Ghana win,4.264666666666667,14.633333333333335,1.5126666666666666,0.735,0.7776666666666666
Ghana,New Zealand,39.1,44.86666666666667,16.03333333333333,1-1,19.933333333333334,1-1,Draw,4.346666666666667,19.933333333333334,1.223,0.8146666666666667,0.40833333333333344
New Zealand,Ghana,16.03333333333333,44.86666666666667,39.1,1-1,19.933333333333334,1-1,Draw,4.346666666666667,19.933333333333334,0.8146666666666667,1.223,-0.40833333333333344
Ghana,Norway,21.96666666666667,41.53333333333333,36.5,1-1,18.53333333333333,1-1,Draw,4.0696666666666665,18.53333333333333,0.8696666666666667,1.158,-0.2883333333333332
Norway,Ghana,36.5,41.53333333333333,21.96666666666667,1-1,18.53333333333333,1-1,Draw,4.0696666666666665,18.53333333333333,1.158,0.8696666666666667,0.2883333333333332
Ghana,Panama,20.566666666666666,49.0,30.433333333333334,1-1,22.6,1-1,Draw,4.716,22.6,0.9033333333333333,1.0956666666666666,-0.19233333333333325
Panama,Ghana,30.433333333333334,49.0,20.566666666666666,1-1,22.6,1-1,Draw,4.716,22.6,1.0956666666666666,0.9033333333333333,0.19233333333333325
Ghana,Paraguay,29.599999999999998,45.53333333333333,24.866666666666667,1-1,21.73333333333333,1-1,Draw,4.427666666666667,21.73333333333333,1.0333333333333334,0.9426666666666667,0.09066666666666678
Paraguay,Ghana,24.866666666666667,45.53333333333333,29.599999999999998,1-1,21.73333333333333,1-1,Draw,4.427666666666667,21.73333333333333,0.9426666666666667,1.0333333333333334,-0.09066666666666678
Ghana,Portugal,10.166666666666666,43.3,46.53333333333333,0-0,18.833333333333332,0-0,Draw,4.211666666666667,18.833333333333332,0.6856666666666666,1.3156666666666668,-0.6300000000000001
Portugal,Ghana,46.53333333333333,43.3,10.166666666666666,0-0,18.833333333333332,0-0,Draw,4.211666666666667,18.833333333333332,1.3156666666666668,0.6856666666666666,0.6300000000000001
Ghana,Qatar,31.4,46.266666666666666,22.333333333333332,1-1,21.333333333333336,1-1,Draw,4.484333333333334,21.333333333333336,1.0813333333333333,0.919,0.16233333333333322
Qatar,Ghana,22.333333333333332,46.266666666666666,31.4,1-1,21.333333333333336,1-1,Draw,4.484333333333334,21.333333333333336,0.919,1.0813333333333333,-0.16233333333333322
Ghana,Saudi Arabia,28.53333333333333,48.5,22.966666666666665,1-1,22.233333333333334,1-1,Draw,4.657666666666667,22.233333333333334,1.0463333333333333,0.9343333333333333,0.11199999999999999
Saudi Arabia,Ghana,22.966666666666665,48.5,28.53333333333333,1-1,22.233333333333334,1-1,Draw,4.657666666666667,22.233333333333334,0.9343333333333333,1.0463333333333333,-0.11199999999999999
Ghana,Scotland,26.333333333333332,47.63333333333333,26.033333333333335,1-1,20.666666666666668,1-1,Draw,4.58,20.666666666666668,0.969,0.968,0.0010000000000000009
Scotland,Ghana,26.033333333333335,47.63333333333333,26.333333333333332,1-1,20.666666666666668,1-1,Draw,4.58,20.666666666666668,0.968,0.969,-0.0010000000000000009
Ghana,Senegal,14.633333333333335,40.03333333333333,45.33333333333333,1-1,17.333333333333336,0-0,Draw,3.937333333333333,16.966666666666665,0.7383333333333333,1.3013333333333332,-0.563
Senegal,Ghana,45.33333333333333,40.03333333333333,14.633333333333335,1-1,17.333333333333336,0-0,Draw,3.937333333333333,16.966666666666665,1.3013333333333332,0.7383333333333333,0.563
Ghana,South Africa,40.43333333333333,37.46666666666666,22.1,1-1,17.5,1-1,Draw,3.748,17.5,1.2703333333333333,0.9036666666666666,0.3666666666666667
South Africa,Ghana,22.1,37.46666666666666,40.43333333333333,1-1,17.5,1-1,Draw,3.748,17.5,0.9036666666666666,1.2703333333333333,-0.3666666666666667
Ghana,South Korea,20.366666666666667,49.56666666666666,30.06666666666667,1-1,22.0,1-1,Draw,4.7363333333333335,22.0,0.8823333333333333,1.0486666666666666,-0.16633333333333333
South Korea,Ghana,30.06666666666667,49.56666666666666,20.366666666666667,1-1,22.0,1-1,Draw,4.7363333333333335,22.0,1.0486666666666666,0.8823333333333333,0.16633333333333333
Ghana,Spain,9.066666666666666,25.0,65.93333333333334,0-1,17.266666666666666,0-1,Spain win,5.033666666666667,17.266666666666666,0.609,1.774,-1.165
Spain,Ghana,65.93333333333334,25.0,9.066666666666666,1-0,17.266666666666666,1-0,Ghana win,5.033666666666667,17.266666666666666,1.774,0.609,1.165
Ghana,Sweden,29.099999999999998,47.733333333333334,23.166666666666664,1-1,21.96666666666667,1-1,Draw,4.616666666666666,21.96666666666667,1.0146666666666666,0.919,0.09566666666666657
Sweden,Ghana,23.166666666666664,47.733333333333334,29.099999999999998,1-1,21.96666666666667,1-1,Draw,4.616666666666666,21.96666666666667,0.919,1.0146666666666666,-0.09566666666666657
Ghana,Switzerland,26.633333333333333,33.4,39.96666666666667,1-1,15.5,1-1,Draw,3.4026666666666667,15.5,0.969,1.2436666666666667,-0.2746666666666667
Switzerland,Ghana,39.96666666666667,33.4,26.633333333333333,1-1,15.5,1-1,Draw,3.4026666666666667,15.5,1.2436666666666667,0.969,0.2746666666666667
Ghana,Tunisia,29.133333333333333,48.1,22.766666666666666,1-1,21.833333333333332,1-1,Draw,4.629,21.833333333333332,1.0346666666666666,0.9273333333333333,0.10733333333333328
Tunisia,Ghana,22.766666666666666,48.1,29.133333333333333,1-1,21.833333333333332,1-1,Draw,4.629,21.833333333333332,0.9273333333333333,1.0346666666666666,-0.10733333333333328
Ghana,Turkey,25.266666666666666,46.86666666666667,27.866666666666667,1-1,21.3,1-1,Draw,4.531333333333333,21.3,0.9636666666666667,1.0033333333333334,-0.03966666666666674
Turkey,Ghana,27.866666666666667,46.86666666666667,25.266666666666666,1-1,21.3,1-1,Draw,4.531333333333333,21.3,1.0033333333333334,0.9636666666666667,0.03966666666666674
Ghana,United States,16.066666666666666,39.03333333333333,44.9,1-1,18.666666666666668,1-1,Draw,3.873,18.666666666666668,0.8186666666666667,1.3296666666666668,-0.5110000000000001
United States,Ghana,44.9,39.03333333333333,16.066666666666666,1-1,18.666666666666668,1-1,Draw,3.873,18.666666666666668,1.3296666666666668,0.8186666666666667,0.5110000000000001
Ghana,Uruguay,23.633333333333333,41.93333333333334,34.43333333333333,1-1,17.96666666666667,1-1,Draw,4.095666666666666,17.96666666666667,0.92,1.1126666666666667,-0.19266666666666665
Uruguay,Ghana,34.43333333333333,41.93333333333334,23.633333333333333,1-1,17.96666666666667,1-1,Draw,4.095666666666666,17.96666666666667,1.1126666666666667,0.92,0.19266666666666665
Ghana,Uzbekistan,30.233333333333334,36.8,32.96666666666667,1-1,17.5,1-1,Draw,3.7116666666666664,17.5,1.0346666666666666,1.0833333333333333,-0.048666666666666636
Uzbekistan,Ghana,32.96666666666667,36.8,30.233333333333334,1-1,17.5,1-1,Draw,3.7116666666666664,17.5,1.0833333333333333,1.0346666666666666,0.048666666666666636
Haiti,Iran,11.866666666666667,43.96666666666667,44.166666666666664,1-1,19.433333333333334,0-0,Draw,4.2636666666666665,18.7,0.7066666666666667,1.2796666666666667,-0.5730000000000001
Iran,Haiti,44.166666666666664,43.96666666666667,11.866666666666667,1-1,19.433333333333334,0-0,Draw,4.2636666666666665,18.7,1.2796666666666667,0.7066666666666667,0.5730000000000001
Haiti,Iraq,16.966666666666665,43.6,39.43333333333333,1-1,20.266666666666666,1-1,Draw,4.258666666666667,20.266666666666666,0.795,1.2163333333333333,-0.4213333333333332
Iraq,Haiti,39.43333333333333,43.6,16.966666666666665,1-1,20.266666666666666,1-1,Draw,4.258666666666667,20.266666666666666,1.2163333333333333,0.795,0.4213333333333332
Haiti,Ivory Coast,10.4,37.0,52.6,0-1,16.333333333333332,0-1,Ivory Coast win,4.272,16.333333333333332,0.6823333333333333,1.4783333333333333,-0.7959999999999999
Ivory Coast,Haiti,52.6,37.0,10.4,1-0,16.333333333333332,1-0,Haiti win,4.272,16.333333333333332,1.4783333333333333,0.6823333333333333,0.7959999999999999
Haiti,Japan,6.633333333333333,39.7,53.666666666666664,1-1,18.7,0-1,Japan win,4.329666666666666,15.666666666666668,0.622,1.512,-0.89
Japan,Haiti,53.666666666666664,39.7,6.633333333333333,1-1,18.7,1-0,Haiti win,4.329666666666666,15.666666666666668,1.512,0.622,0.89
Haiti,Jordan,19.666666666666664,37.56666666666666,42.766666666666666,1-1,17.533333333333335,1-1,Draw,3.759,17.533333333333335,0.8473333333333334,1.266,-0.41866666666666663
Jordan,Haiti,42.766666666666666,37.56666666666666,19.666666666666664,1-1,17.533333333333335,1-1,Draw,3.759,17.533333333333335,1.266,0.8473333333333334,0.41866666666666663
Haiti,Mexico,7.566666666666666,34.733333333333334,57.699999999999996,0-1,16.133333333333333,0-1,Mexico win,4.574333333333334,16.133333333333333,0.6123333333333333,1.5743333333333334,-0.9620000000000001
Mexico,Haiti,57.699999999999996,34.733333333333334,7.566666666666666,1-0,16.133333333333333,1-0,Haiti win,4.574333333333334,16.133333333333333,1.5743333333333334,0.6123333333333333,0.9620000000000001
Haiti,Morocco,4.766666666666667,39.233333333333334,56.00000000000001,1-1,18.033333333333335,0-1,Morocco win,4.524,16.966666666666665,0.591,1.5356666666666667,-0.9446666666666668
Morocco,Haiti,56.00000000000001,39.233333333333334,4.766666666666667,1-1,18.033333333333335,1-0,Haiti win,4.524,16.966666666666665,1.5356666666666667,0.591,0.9446666666666668
Haiti,Netherlands,8.133333333333333,24.233333333333334,67.63333333333334,0-1,17.466666666666665,0-1,Netherlands win,5.141,17.466666666666665,0.593,1.7673333333333334,-1.1743333333333335
Netherlands,Haiti,67.63333333333334,24.233333333333334,8.133333333333333,1-0,17.466666666666665,1-0,Haiti win,5.141,17.466666666666665,1.7673333333333334,0.593,1.1743333333333335
Haiti,New Zealand,24.233333333333334,40.2,35.56666666666667,1-1,18.96666666666667,1-1,Draw,3.985333333333333,18.96666666666667,0.9416666666666667,1.1516666666666666,-0.20999999999999996
New Zealand,Haiti,35.56666666666667,40.2,24.233333333333334,1-1,18.96666666666667,1-1,Draw,3.985333333333333,18.96666666666667,1.1516666666666666,0.9416666666666667,0.20999999999999996
Haiti,Norway,12.433333333333334,32.06666666666666,55.50000000000001,0-1,16.233333333333334,0-1,Norway win,4.425,16.233333333333334,0.6946666666666667,1.529,-0.8343333333333333
Norway,Haiti,55.50000000000001,32.06666666666666,12.433333333333334,1-0,16.233333333333334,1-0,Haiti win,4.425,16.233333333333334,1.529,0.6946666666666667,0.8343333333333333
Haiti,Panama,12.4,38.93333333333333,48.66666666666667,1-1,18.4,0-1,Panama win,4.067333333333333,16.03333333333333,0.712,1.3776666666666666,-0.6656666666666666
Panama,Haiti,48.66666666666667,38.93333333333333,12.4,1-1,18.4,1-0,Haiti win,4.067333333333333,16.03333333333333,1.3776666666666666,0.712,0.6656666666666666
Haiti,Paraguay,16.6,40.63333333333333,42.766666666666666,1-1,19.0,1-1,Draw,4.007333333333333,19.0,0.8113333333333334,1.283,-0.47166666666666657
Paraguay,Haiti,42.766666666666666,40.63333333333333,16.6,1-1,19.0,1-1,Draw,4.007333333333333,19.0,1.283,0.8113333333333334,0.47166666666666657
Haiti,Portugal,6.233333333333333,33.03333333333333,60.73333333333333,0-1,17.433333333333334,0-1,Portugal win,4.767,17.433333333333334,0.5753333333333334,1.6156666666666666,-1.0403333333333333
Portugal,Haiti,60.73333333333333,33.03333333333333,6.233333333333333,1-0,17.433333333333334,1-0,Haiti win,4.767,17.433333333333334,1.6156666666666666,0.5753333333333334,1.0403333333333333
Haiti,Qatar,20.3,38.1,41.6,1-1,17.299999999999997,1-1,Draw,3.789,17.299999999999997,0.858,1.2556666666666667,-0.3976666666666667
Qatar,Haiti,41.6,38.1,20.3,1-1,17.299999999999997,1-1,Draw,3.789,17.299999999999997,1.2556666666666667,0.858,0.3976666666666667
Haiti,Saudi Arabia,20.1,41.266666666666666,38.63333333333333,1-1,18.8,1-1,Draw,4.051666666666667,18.8,0.875,1.2006666666666668,-0.32566666666666677
Saudi Arabia,Haiti,38.63333333333333,41.266666666666666,20.1,1-1,18.8,1-1,Draw,4.051666666666667,18.8,1.2006666666666668,0.875,0.32566666666666677
Haiti,Scotland,15.066666666666666,36.63333333333333,48.3,1-1,16.7,0-1,Scotland win,3.9716666666666667,14.6,0.7823333333333333,1.4153333333333333,-0.633
Scotland,Haiti,48.3,36.63333333333333,15.066666666666666,1-1,16.7,1-0,Haiti win,3.9716666666666667,14.6,1.4153333333333333,0.7823333333333333,0.633
Haiti,Senegal,8.966666666666667,34.333333333333336,56.699999999999996,0-1,17.299999999999997,0-1,Senegal win,4.539,17.299999999999997,0.6313333333333333,1.529,-0.8976666666666666
Senegal,Haiti,56.699999999999996,34.333333333333336,8.966666666666667,1-0,17.299999999999997,1-0,Haiti win,4.539,17.299999999999997,1.529,0.6313333333333333,0.8976666666666666
Haiti,South Africa,21.6,40.266666666666666,38.13333333333333,1-1,18.5,1-1,Draw,3.979,18.5,0.9046666666666666,1.2143333333333333,-0.30966666666666665
South Africa,Haiti,38.13333333333333,40.266666666666666,21.6,1-1,18.5,1-1,Draw,3.979,18.5,1.2143333333333333,0.9046666666666666,0.30966666666666665
Haiti,South Korea,10.7,38.666666666666664,50.63333333333333,1-1,16.566666666666666,0-1,South Korea win,4.168333333333333,15.0,0.6803333333333333,1.4146666666666667,-0.7343333333333334
South Korea,Haiti,50.63333333333333,38.666666666666664,10.7,1-1,16.566666666666666,1-0,Haiti win,4.168333333333333,15.0,1.4146666666666667,0.6803333333333333,0.7343333333333334
Haiti,Spain,5.433333333333333,25.0,69.56666666666666,0-1,18.833333333333332,0-1,Spain win,5.286666666666667,18.833333333333332,0.5386666666666666,1.8063333333333333,-1.2676666666666667
Spain,Haiti,69.56666666666666,25.0,5.433333333333333,1-0,18.833333333333332,1-0,Haiti win,5.286666666666667,18.833333333333332,1.8063333333333333,0.5386666666666666,1.2676666666666667
Haiti,Sweden,15.6,38.6,45.800000000000004,1-1,18.53333333333333,1-1,Draw,3.853,18.53333333333333,0.763,1.337,-0.574
Sweden,Haiti,45.800000000000004,38.6,15.6,1-1,18.53333333333333,1-1,Draw,3.853,18.53333333333333,1.337,0.763,0.574
Haiti,Switzerland,9.166666666666666,28.133333333333333,62.7,0-1,16.166666666666664,0-1,Switzerland win,4.832,16.166666666666664,0.6163333333333333,1.6936666666666667,-1.0773333333333333
Switzerland,Haiti,62.7,28.133333333333333,9.166666666666666,1-0,16.166666666666664,1-0,Haiti win,4.832,16.166666666666664,1.6936666666666667,0.6163333333333333,1.0773333333333333
Haiti,Tunisia,17.2,42.3,40.5,1-1,19.7,1-1,Draw,4.154333333333334,19.7,0.821,1.2496666666666667,-0.42866666666666675
Tunisia,Haiti,40.5,42.3,17.2,1-1,19.7,1-1,Draw,4.154333333333334,19.7,1.2496666666666667,0.821,0.42866666666666675
Haiti,Turkey,16.433333333333334,34.66666666666667,48.9,1-1,15.933333333333334,0-1,Turkey win,4.0263333333333335,15.2,0.77,1.3796666666666666,-0.6096666666666666
Turkey,Haiti,48.9,34.66666666666667,16.433333333333334,1-1,15.933333333333334,1-0,Haiti win,4.0263333333333335,15.2,1.3796666666666666,0.77,0.6096666666666666
Haiti,United States,9.533333333333333,34.56666666666667,55.900000000000006,0-1,16.333333333333332,0-1,United States win,4.487666666666667,16.333333333333332,0.675,1.531,-0.8559999999999999
United States,Haiti,55.900000000000006,34.56666666666667,9.533333333333333,1-0,16.333333333333332,1-0,Haiti win,4.487666666666667,16.333333333333332,1.531,0.675,0.8559999999999999
Haiti,Uruguay,9.433333333333334,36.7,53.86666666666666,1-1,16.266666666666666,0-1,Uruguay win,4.347333333333333,15.733333333333333,0.6493333333333333,1.4916666666666667,-0.8423333333333334
Uruguay,Haiti,53.86666666666666,36.7,9.433333333333334,1-1,16.266666666666666,1-0,Haiti win,4.347333333333333,15.733333333333333,1.4916666666666667,0.6493333333333333,0.8423333333333334
Haiti,Uzbekistan,14.666666666666666,30.633333333333333,54.7,0-1,15.4,0-1,Uzbekistan win,4.373333333333333,15.4,0.7313333333333333,1.4976666666666667,-0.7663333333333334
Uzbekistan,Haiti,54.7,30.633333333333333,14.666666666666666,1-0,15.4,1-0,Haiti win,4.373333333333333,15.4,1.4976666666666667,0.7313333333333333,0.7663333333333334
Iran,Iraq,24.0,70.33333333333334,5.666666666666666,0-0,32.300000000000004,0-0,Draw,6.485,32.300000000000004,0.94,0.6406666666666667,0.29933333333333323
Iraq,Iran,5.666666666666666,70.33333333333334,24.0,0-0,32.300000000000004,0-0,Draw,6.485,32.300000000000004,0.6406666666666667,0.94,-0.29933333333333323
Iran,Ivory Coast,33.233333333333334,49.03333333333333,17.733333333333334,1-1,22.166666666666668,1-1,Draw,4.711666666666667,22.166666666666668,1.116,0.8546666666666667,0.2613333333333334
Ivory Coast,Iran,17.733333333333334,49.03333333333333,33.233333333333334,1-1,22.166666666666668,1-1,Draw,4.711666666666667,22.166666666666668,0.8546666666666667,1.116,-0.2613333333333334
Iran,Japan,18.3,47.266666666666666,34.43333333333333,1-1,21.46666666666667,1-1,Draw,4.548,21.46666666666667,0.8493333333333334,1.139,-0.28966666666666663
Japan,Iran,34.43333333333333,47.266666666666666,18.3,1-1,21.46666666666667,1-1,Draw,4.548,21.46666666666667,1.139,0.8493333333333334,0.28966666666666663
Iran,Jordan,44.9,43.233333333333334,11.866666666666667,1-1,19.566666666666666,1-1,Draw,4.203666666666667,19.566666666666666,1.3183333333333334,0.7243333333333334,0.594
Jordan,Iran,11.866666666666667,43.233333333333334,44.9,1-1,19.566666666666666,1-1,Draw,4.203666666666667,19.566666666666666,0.7243333333333334,1.3183333333333334,-0.594
Iran,Mexico,21.266666666666666,40.9,37.833333333333336,1-1,18.366666666666667,1-1,Draw,4.023666666666666,18.366666666666667,0.887,1.1963333333333332,-0.30933333333333324
Mexico,Iran,37.833333333333336,40.9,21.266666666666666,1-1,18.366666666666667,1-1,Draw,4.023666666666666,18.366666666666667,1.1963333333333332,0.887,0.30933333333333324
Iran,Morocco,13.266666666666666,45.4,41.333333333333336,1-1,20.833333333333336,1-1,Draw,4.401666666666666,20.833333333333336,0.75,1.2533333333333334,-0.5033333333333334
Morocco,Iran,41.333333333333336,45.4,13.266666666666666,1-1,20.833333333333336,1-1,Draw,4.401666666666666,20.833333333333336,1.2533333333333334,0.75,0.5033333333333334
Iran,Netherlands,18.7,35.06666666666667,46.233333333333334,1-1,15.533333333333331,0-1,Netherlands win,3.836333333333333,13.766666666666666,0.8443333333333334,1.3706666666666667,-0.5263333333333333
Netherlands,Iran,46.233333333333334,35.06666666666667,18.7,1-1,15.533333333333331,1-0,Iran win,3.836333333333333,13.766666666666666,1.3706666666666667,0.8443333333333334,0.5263333333333333
Iran,New Zealand,43.333333333333336,37.06666666666666,19.6,1-1,17.766666666666666,1-1,Draw,3.7223333333333333,17.766666666666666,1.3056666666666668,0.874,0.43166666666666675
New Zealand,Iran,19.6,37.06666666666666,43.333333333333336,1-1,17.766666666666666,1-1,Draw,3.7223333333333333,17.766666666666666,0.874,1.3056666666666668,-0.43166666666666675
Iran,Norway,33.766666666666666,43.53333333333333,22.7,1-1,19.766666666666666,1-1,Draw,4.253333333333333,19.766666666666666,1.1293333333333333,0.9246666666666666,0.20466666666666666
Norway,Iran,22.7,43.53333333333333,33.766666666666666,1-1,19.766666666666666,1-1,Draw,4.253333333333333,19.766666666666666,0.9246666666666666,1.1293333333333333,-0.20466666666666666
Iran,Panama,34.03333333333333,49.0,16.966666666666665,1-1,21.46666666666667,1-1,Draw,4.692333333333333,21.46666666666667,1.1183333333333334,0.814,0.30433333333333346
Panama,Iran,16.966666666666665,49.0,34.03333333333333,1-1,21.46666666666667,1-1,Draw,4.692333333333333,21.46666666666667,0.814,1.1183333333333334,-0.30433333333333346
Iran,Paraguay,47.63333333333333,41.266666666666666,11.1,1-1,18.7,1-1,Draw,4.037,18.7,1.391,0.6986666666666667,0.6923333333333334
Paraguay,Iran,11.1,41.266666666666666,47.63333333333333,1-1,18.7,1-1,Draw,4.037,18.7,0.6986666666666667,1.391,-0.6923333333333334
Iran,Portugal,15.133333333333333,47.53333333333333,37.333333333333336,1-1,21.233333333333334,1-1,Draw,4.566666666666666,21.233333333333334,0.8023333333333333,1.2043333333333333,-0.4019999999999999
Portugal,Iran,37.333333333333336,47.53333333333333,15.133333333333333,1-1,21.233333333333334,1-1,Draw,4.566666666666666,21.233333333333334,1.2043333333333333,0.8023333333333333,0.4019999999999999
Iran,Qatar,23.366666666666667,68.4,8.233333333333333,0-0,31.233333333333334,0-0,Draw,6.32,31.233333333333334,0.92,0.678,0.242
Qatar,Iran,8.233333333333333,68.4,23.366666666666667,0-0,31.233333333333334,0-0,Draw,6.32,31.233333333333334,0.678,0.92,-0.242
Iran,Saudi Arabia,38.96666666666667,48.733333333333334,12.3,0-0,21.4,0-0,Draw,4.663333333333333,21.4,1.2116666666666667,0.7286666666666667,0.483
Saudi Arabia,Iran,12.3,48.733333333333334,38.96666666666667,0-0,21.4,0-0,Draw,4.663333333333333,21.4,0.7286666666666667,1.2116666666666667,-0.483
Iran,Scotland,44.0,42.36666666666667,13.633333333333333,1-1,18.866666666666667,1-1,Draw,4.133333333333334,18.866666666666667,1.306,0.764,0.542
Scotland,Iran,13.633333333333333,42.36666666666667,44.0,1-1,18.866666666666667,1-1,Draw,4.133333333333334,18.866666666666667,0.764,1.306,-0.542
Iran,Senegal,18.8,45.1,36.1,1-1,20.466666666666665,1-1,Draw,4.365666666666667,20.466666666666665,0.861,1.181,-0.32000000000000006
Senegal,Iran,36.1,45.1,18.8,1-1,20.466666666666665,1-1,Draw,4.365666666666667,20.466666666666665,1.181,0.861,0.32000000000000006
Iran,South Africa,52.56666666666666,36.266666666666666,11.166666666666666,1-1,15.966666666666669,1-0,Iran win,4.262666666666667,15.733333333333333,1.45,0.6716666666666666,0.7783333333333333
South Africa,Iran,11.166666666666666,36.266666666666666,52.56666666666666,1-1,15.966666666666669,0-1,South Africa win,4.262666666666667,15.733333333333333,0.6716666666666666,1.45,-0.7783333333333333
Iran,South Korea,15.533333333333331,65.60000000000001,18.866666666666667,1-1,29.366666666666667,1-1,Draw,6.069,29.366666666666667,0.7956666666666666,0.8576666666666667,-0.062000000000000055
South Korea,Iran,18.866666666666667,65.60000000000001,15.533333333333331,1-1,29.366666666666667,1-1,Draw,6.069,29.366666666666667,0.8576666666666667,0.7956666666666666,0.062000000000000055
Iran,Spain,13.466666666666665,44.36666666666667,42.16666666666667,1-1,20.766666666666666,1-1,Draw,4.320333333333333,20.766666666666666,0.7626666666666667,1.2836666666666667,-0.521
Spain,Iran,42.16666666666667,44.36666666666667,13.466666666666665,1-1,20.766666666666666,1-1,Draw,4.320333333333333,20.766666666666666,1.2836666666666667,0.7626666666666667,0.521
Iran,Sweden,47.233333333333334,41.833333333333336,10.933333333333334,1-1,18.933333333333334,1-1,Draw,4.087666666666666,18.933333333333334,1.3773333333333333,0.7016666666666667,0.6756666666666666
Sweden,Iran,10.933333333333334,41.833333333333336,47.233333333333334,1-1,18.933333333333334,1-1,Draw,4.087666666666666,18.933333333333334,0.7016666666666667,1.3773333333333333,-0.6756666666666666
Iran,Switzerland,25.4,40.93333333333333,33.666666666666664,1-1,18.3,1-1,Draw,4.023333333333333,18.3,0.9526666666666667,1.0983333333333334,-0.14566666666666672
Switzerland,Iran,33.666666666666664,40.93333333333333,25.4,1-1,18.3,1-1,Draw,4.023333333333333,18.3,1.0983333333333334,0.9526666666666667,0.14566666666666672
Iran,Tunisia,43.93333333333334,44.93333333333333,11.133333333333335,1-1,20.233333333333334,1-1,Draw,4.343333333333334,20.233333333333334,1.3226666666666667,0.7313333333333333,0.5913333333333334
Tunisia,Iran,11.133333333333335,44.93333333333333,43.93333333333334,1-1,20.233333333333334,1-1,Draw,4.343333333333334,20.233333333333334,0.7313333333333333,1.3226666666666667,-0.5913333333333334
Iran,Turkey,34.266666666666666,46.03333333333333,19.7,1-1,20.133333333333333,1-1,Draw,4.439,20.133333333333333,1.1246666666666667,0.8556666666666667,0.269
Turkey,Iran,19.7,46.03333333333333,34.266666666666666,1-1,20.133333333333333,1-1,Draw,4.439,20.133333333333333,0.8556666666666667,1.1246666666666667,-0.269
Iran,United States,20.5,43.53333333333333,35.96666666666667,1-1,20.1,1-1,Draw,4.2556666666666665,20.1,0.8933333333333333,1.1776666666666666,-0.2843333333333333
United States,Iran,35.96666666666667,43.53333333333333,20.5,1-1,20.1,1-1,Draw,4.2556666666666665,20.1,1.1776666666666666,0.8933333333333333,0.2843333333333333
Iran,Uruguay,24.766666666666666,43.7,31.533333333333335,1-1,19.933333333333334,1-1,Draw,4.261666666666667,19.933333333333334,0.966,1.079,-0.11299999999999999
Uruguay,Iran,31.533333333333335,43.7,24.766666666666666,1-1,19.933333333333334,1-1,Draw,4.261666666666667,19.933333333333334,1.079,0.966,0.11299999999999999
Iran,Uzbekistan,32.1,51.13333333333333,16.766666666666666,1-1,23.133333333333333,1-1,Draw,4.874,23.133333333333333,1.0833333333333333,0.8306666666666667,0.2526666666666666
Uzbekistan,Iran,16.766666666666666,51.13333333333333,32.1,1-1,23.133333333333333,1-1,Draw,4.874,23.133333333333333,0.8306666666666667,1.0833333333333333,-0.2526666666666666
Iraq,Ivory Coast,15.966666666666669,39.300000000000004,44.733333333333334,1-1,18.73333333333333,1-1,Draw,3.893,18.73333333333333,0.792,1.3193333333333332,-0.5273333333333332
Ivory Coast,Iraq,44.733333333333334,39.300000000000004,15.966666666666669,1-1,18.73333333333333,1-1,Draw,3.893,18.73333333333333,1.3193333333333332,0.792,0.5273333333333332
Iraq,Japan,12.4,33.666666666666664,53.93333333333333,1-1,16.333333333333332,0-1,Japan win,4.3486666666666665,16.233333333333334,0.7166666666666667,1.4843333333333333,-0.7676666666666666
Japan,Iraq,53.93333333333333,33.666666666666664,12.4,1-1,16.333333333333332,1-0,Iraq win,4.3486666666666665,16.233333333333334,1.4843333333333333,0.7166666666666667,0.7676666666666666
Iraq,Jordan,25.333333333333336,60.4,14.266666666666666,1-1,26.666666666666668,1-1,Draw,5.624333333333333,26.666666666666668,0.974,0.7893333333333333,0.18466666666666665
Jordan,Iraq,14.266666666666666,60.4,25.333333333333336,1-1,26.666666666666668,1-1,Draw,5.624333333333333,26.666666666666668,0.7893333333333333,0.974,-0.18466666666666665
Iraq,Mexico,10.366666666666667,33.6,56.03333333333333,0-1,16.03333333333333,0-1,Mexico win,4.462666666666666,16.03333333333333,0.6563333333333333,1.5503333333333333,-0.894
Mexico,Iraq,56.03333333333333,33.6,10.366666666666667,1-0,16.03333333333333,1-0,Iraq win,4.462666666666666,16.03333333333333,1.5503333333333333,0.6563333333333333,0.894
Iraq,Morocco,8.466666666666667,39.1,52.43333333333333,1-1,17.7,0-1,Morocco win,4.323,16.900000000000002,0.64,1.4556666666666667,-0.8156666666666667
Morocco,Iraq,52.43333333333333,39.1,8.466666666666667,1-1,17.7,1-0,Iraq win,4.323,16.900000000000002,1.4556666666666667,0.64,0.8156666666666667
Iraq,Netherlands,12.0,22.666666666666664,65.33333333333333,0-1,17.533333333333335,0-1,Netherlands win,4.980333333333333,17.533333333333335,0.6473333333333333,1.7083333333333333,-1.061
Netherlands,Iraq,65.33333333333333,22.666666666666664,12.0,1-0,17.533333333333335,1-0,Iraq win,4.980333333333333,17.533333333333335,1.7083333333333333,0.6473333333333333,1.061
Iraq,New Zealand,36.0,40.166666666666664,23.833333333333336,1-1,19.066666666666666,1-1,Draw,3.9823333333333335,19.066666666666666,1.1556666666666666,0.9303333333333333,0.22533333333333327
New Zealand,Iraq,23.833333333333336,40.166666666666664,36.0,1-1,19.066666666666666,1-1,Draw,3.9823333333333335,19.066666666666666,0.9303333333333333,1.1556666666666666,-0.22533333333333327
Iraq,Norway,16.5,35.099999999999994,48.4,1-1,16.766666666666666,0-1,Norway win,4.017,15.2,0.788,1.3626666666666667,-0.5746666666666667
Norway,Iraq,48.4,35.099999999999994,16.5,1-1,16.766666666666666,1-0,Iraq win,4.017,15.2,1.3626666666666667,0.788,0.5746666666666667
Iraq,Panama,14.666666666666666,39.06666666666666,46.266666666666666,1-1,18.099999999999998,1-1,Draw,3.8613333333333335,18.099999999999998,0.783,1.369,-0.586
Panama,Iraq,46.266666666666666,39.06666666666666,14.666666666666666,1-1,18.099999999999998,1-1,Draw,3.8613333333333335,18.099999999999998,1.369,0.783,0.586
Iraq,Paraguay,23.933333333333334,39.96666666666667,36.1,1-1,18.23333333333333,1-1,Draw,3.955,18.23333333333333,0.9213333333333333,1.1796666666666666,-0.2583333333333333
Paraguay,Iraq,36.1,39.96666666666667,23.933333333333334,1-1,18.23333333333333,1-1,Draw,3.955,18.23333333333333,1.1796666666666666,0.9213333333333333,0.2583333333333333
Iraq,Portugal,11.799999999999999,36.666666666666664,51.53333333333333,1-1,16.866666666666667,0-1,Portugal win,4.182666666666667,14.933333333333335,0.7003333333333334,1.4523333333333333,-0.7519999999999999
Portugal,Iraq,51.53333333333333,36.666666666666664,11.799999999999999,1-1,16.866666666666667,1-0,Iraq win,4.182666666666667,14.933333333333335,1.4523333333333333,0.7003333333333334,0.7519999999999999
Iraq,Qatar,31.7,36.56666666666666,31.733333333333334,1-1,16.966666666666665,1-1,Draw,3.68,16.966666666666665,1.0846666666666667,1.0523333333333333,0.032333333333333325
Qatar,Iraq,31.733333333333334,36.56666666666666,31.7,1-1,16.966666666666665,1-1,Draw,3.68,16.966666666666665,1.0523333333333333,1.0846666666666667,-0.032333333333333325
Iraq,Saudi Arabia,16.266666666666666,68.0,15.733333333333333,0-0,31.2,0-0,Draw,6.288333333333333,31.2,0.8133333333333334,0.7966666666666666,0.01666666666666672
Saudi Arabia,Iraq,15.733333333333333,68.0,16.266666666666666,0-0,31.2,0-0,Draw,6.288333333333333,31.2,0.7966666666666666,0.8133333333333334,-0.01666666666666672
Iraq,Scotland,22.066666666666666,36.7,41.233333333333334,1-1,18.133333333333333,1-1,Draw,3.712666666666667,18.133333333333333,0.8906666666666667,1.247,-0.3563333333333334
Scotland,Iraq,41.233333333333334,36.7,22.066666666666666,1-1,18.133333333333333,1-1,Draw,3.712666666666667,18.133333333333333,1.247,0.8906666666666667,0.3563333333333334
Iraq,Senegal,13.100000000000001,39.53333333333333,47.36666666666667,1-1,17.333333333333336,0-1,Senegal win,3.936,15.233333333333333,0.7486666666666667,1.374,-0.6253333333333334
Senegal,Iraq,47.36666666666667,39.53333333333333,13.100000000000001,1-1,17.333333333333336,1-0,Iraq win,3.936,15.233333333333333,1.374,0.7486666666666667,0.6253333333333334
Iraq,South Africa,32.800000000000004,41.699999999999996,25.5,1-1,18.76666666666667,1-1,Draw,4.084,18.76666666666667,1.126,0.9913333333333333,0.1346666666666666
South Africa,Iraq,25.5,41.699999999999996,32.800000000000004,1-1,18.76666666666667,1-1,Draw,4.084,18.76666666666667,0.9913333333333333,1.126,-0.1346666666666666
Iraq,South Korea,15.266666666666667,41.93333333333334,42.8,1-1,19.066666666666666,1-1,Draw,4.1113333333333335,19.066666666666666,0.7583333333333333,1.2726666666666666,-0.5143333333333333
South Korea,Iraq,42.8,41.93333333333334,15.266666666666667,1-1,19.066666666666666,1-1,Draw,4.1113333333333335,19.066666666666666,1.2726666666666666,0.7583333333333333,0.5143333333333333
Iraq,Spain,5.466666666666667,31.1,63.43333333333333,0-1,18.5,0-1,Spain win,4.972333333333333,18.5,0.5343333333333333,1.643,-1.1086666666666667
Spain,Iraq,63.43333333333333,31.1,5.466666666666667,1-0,18.5,1-0,Iraq win,4.972333333333333,18.5,1.643,0.5343333333333333,1.1086666666666667
Iraq,Sweden,25.7,39.233333333333334,35.06666666666667,1-1,18.666666666666668,1-1,Draw,3.9076666666666666,18.666666666666668,0.978,1.1706666666666667,-0.19266666666666676
Sweden,Iraq,35.06666666666667,39.233333333333334,25.7,1-1,18.666666666666668,1-1,Draw,3.9076666666666666,18.666666666666668,1.1706666666666667,0.978,0.19266666666666676
Iraq,Switzerland,12.333333333333334,27.43333333333333,60.23333333333334,0-1,14.933333333333335,0-1,Switzerland win,4.644333333333333,14.933333333333335,0.698,1.6426666666666667,-0.9446666666666668
Switzerland,Iraq,60.23333333333334,27.43333333333333,12.333333333333334,1-0,14.933333333333335,1-0,Iraq win,4.644333333333333,14.933333333333335,1.6426666666666667,0.698,0.9446666666666668
Iraq,Tunisia,25.1,42.56666666666667,32.33333333333333,1-1,19.5,1-1,Draw,4.181,19.5,0.9683333333333334,1.095,-0.1266666666666666
Tunisia,Iraq,32.33333333333333,42.56666666666667,25.1,1-1,19.5,1-1,Draw,4.181,19.5,1.095,0.9683333333333334,0.1266666666666666
Iraq,Turkey,21.133333333333333,37.6,41.266666666666666,1-1,17.533333333333335,1-1,Draw,3.7616666666666667,17.533333333333335,0.88,1.2423333333333333,-0.3623333333333333
Turkey,Iraq,41.266666666666666,37.6,21.133333333333333,1-1,17.533333333333335,1-1,Draw,3.7616666666666667,17.533333333333335,1.2423333333333333,0.88,0.3623333333333333
Iraq,United States,12.266666666666666,40.733333333333334,47.0,1-1,18.76666666666667,1-1,Draw,4.003,18.76666666666667,0.7266666666666667,1.347,-0.6203333333333333
United States,Iraq,47.0,40.733333333333334,12.266666666666666,1-1,18.76666666666667,1-1,Draw,4.003,18.76666666666667,1.347,0.7266666666666667,0.6203333333333333
Iraq,Uruguay,15.266666666666667,37.9,46.833333333333336,1-1,16.900000000000002,0-1,Uruguay win,3.865666666666667,13.366666666666665,0.7783333333333333,1.3876666666666666,-0.6093333333333333
Uruguay,Iraq,46.833333333333336,37.9,15.266666666666667,1-1,16.900000000000002,1-0,Iraq win,3.865666666666667,13.366666666666665,1.3876666666666666,0.7783333333333333,0.6093333333333333
Iraq,Uzbekistan,21.766666666666666,39.03333333333333,39.2,1-1,17.8,1-1,Draw,3.877,17.8,0.9073333333333333,1.2156666666666667,-0.30833333333333335
Uzbekistan,Iraq,39.2,39.03333333333333,21.766666666666666,1-1,17.8,1-1,Draw,3.877,17.8,1.2156666666666667,0.9073333333333333,0.30833333333333335
Ivory Coast,Japan,16.03333333333333,44.63333333333333,39.33333333333333,1-1,19.6,1-1,Draw,4.325333333333333,19.6,0.7886666666666666,1.1976666666666667,-0.40900000000000003
Japan,Ivory Coast,39.33333333333333,44.63333333333333,16.03333333333333,1-1,19.6,1-1,Draw,4.325333333333333,19.6,1.1976666666666667,0.7886666666666666,0.40900000000000003
Ivory Coast,Jordan,47.06666666666667,41.199999999999996,11.733333333333333,1-1,17.96666666666667,1-1,Draw,4.0376666666666665,17.96666666666667,1.3356666666666666,0.7086666666666667,0.6269999999999999
Jordan,Ivory Coast,11.733333333333333,41.199999999999996,47.06666666666667,1-1,17.96666666666667,1-1,Draw,4.0376666666666665,17.96666666666667,0.7086666666666667,1.3356666666666666,-0.6269999999999999
Ivory Coast,Mexico,17.366666666666667,42.0,40.63333333333333,1-1,19.966666666666665,1-1,Draw,4.125333333333334,19.966666666666665,0.8406666666666667,1.2683333333333333,-0.42766666666666664
Mexico,Ivory Coast,40.63333333333333,42.0,17.366666666666667,1-1,19.966666666666665,1-1,Draw,4.125333333333334,19.966666666666665,1.2683333333333333,0.8406666666666667,0.42766666666666664
Ivory Coast,Morocco,15.433333333333332,43.13333333333333,41.43333333333333,1-1,19.433333333333334,1-1,Draw,4.194,19.433333333333334,0.7856666666666666,1.276,-0.4903333333333334
Morocco,Ivory Coast,41.43333333333333,43.13333333333333,15.433333333333332,1-1,19.433333333333334,1-1,Draw,4.194,19.433333333333334,1.276,0.7856666666666666,0.4903333333333334
Ivory Coast,Netherlands,17.233333333333334,29.299999999999997,53.46666666666666,0-1,15.266666666666667,0-1,Netherlands win,4.271,15.266666666666667,0.7566666666666667,1.4906666666666666,-0.7339999999999999
Netherlands,Ivory Coast,53.46666666666666,29.299999999999997,17.233333333333334,1-0,15.266666666666667,1-0,Ivory Coast win,4.271,15.266666666666667,1.4906666666666666,0.7566666666666667,0.7339999999999999
Ivory Coast,New Zealand,39.36666666666667,41.56666666666667,19.066666666666666,1-1,18.8,1-1,Draw,4.079666666666666,18.8,1.2293333333333334,0.855,0.3743333333333334
New Zealand,Ivory Coast,19.066666666666666,41.56666666666667,39.36666666666667,1-1,18.8,1-1,Draw,4.079666666666666,18.8,0.855,1.2293333333333334,-0.3743333333333334
Ivory Coast,Norway,22.633333333333333,42.06666666666667,35.3,1-1,18.433333333333334,1-1,Draw,4.119666666666666,18.433333333333334,0.897,1.1313333333333333,-0.23433333333333328
Norway,Ivory Coast,35.3,42.06666666666667,22.633333333333333,1-1,18.433333333333334,1-1,Draw,4.119666666666666,18.433333333333334,1.1313333333333333,0.897,0.23433333333333328
Ivory Coast,Panama,20.9,50.13333333333333,28.96666666666667,1-1,22.6,1-1,Draw,4.7843333333333335,22.6,0.8963333333333333,1.0376666666666667,-0.14133333333333342
Panama,Ivory Coast,28.96666666666667,50.13333333333333,20.9,1-1,22.6,1-1,Draw,4.7843333333333335,22.6,1.0376666666666667,0.8963333333333333,0.14133333333333342
Ivory Coast,Paraguay,35.93333333333334,46.833333333333336,17.233333333333334,1-1,21.333333333333336,1-1,Draw,4.507333333333333,21.333333333333336,1.1786666666666668,0.8316666666666667,0.3470000000000001
Paraguay,Ivory Coast,17.233333333333334,46.833333333333336,35.93333333333334,1-1,21.333333333333336,1-1,Draw,4.507333333333333,21.333333333333336,0.8316666666666667,1.1786666666666668,-0.3470000000000001
Ivory Coast,Portugal,16.8,44.733333333333334,38.46666666666667,1-1,20.4,1-1,Draw,4.346,20.4,0.8076666666666666,1.2096666666666667,-0.402
Portugal,Ivory Coast,38.46666666666667,44.733333333333334,16.8,1-1,20.4,1-1,Draw,4.346,20.4,1.2096666666666667,0.8076666666666666,0.402
Ivory Coast,Qatar,41.733333333333334,43.43333333333334,14.833333333333334,1-1,19.066666666666666,1-1,Draw,4.2156666666666665,19.066666666666666,1.232,0.756,0.476
Qatar,Ivory Coast,14.833333333333334,43.43333333333334,41.733333333333334,1-1,19.066666666666666,1-1,Draw,4.2156666666666665,19.066666666666666,0.756,1.232,-0.476
Ivory Coast,Saudi Arabia,42.5,45.46666666666667,12.033333333333333,1-1,20.866666666666667,1-1,Draw,4.403666666666667,20.866666666666667,1.2666666666666666,0.7356666666666667,0.5309999999999999
Saudi Arabia,Ivory Coast,12.033333333333333,45.46666666666667,42.5,1-1,20.866666666666667,1-1,Draw,4.403666666666667,20.866666666666667,0.7356666666666667,1.2666666666666666,-0.5309999999999999
Ivory Coast,Scotland,31.533333333333335,46.46666666666667,22.0,1-1,20.833333333333336,1-1,Draw,4.480666666666667,20.833333333333336,1.0573333333333332,0.886,0.17133333333333323
Scotland,Ivory Coast,22.0,46.46666666666667,31.533333333333335,1-1,20.833333333333336,1-1,Draw,4.480666666666667,20.833333333333336,0.886,1.0573333333333332,-0.17133333333333323
Ivory Coast,Senegal,18.6,46.800000000000004,34.599999999999994,1-1,20.200000000000003,1-1,Draw,4.498666666666667,20.200000000000003,0.8443333333333334,1.13,-0.2856666666666665
Senegal,Ivory Coast,34.599999999999994,46.800000000000004,18.6,1-1,20.200000000000003,1-1,Draw,4.498666666666667,20.200000000000003,1.13,0.8443333333333334,0.2856666666666665
Ivory Coast,South Africa,43.666666666666664,45.83333333333333,10.5,1-1,21.033333333333335,1-1,Draw,4.435,21.033333333333335,1.294,0.698,0.5960000000000001
South Africa,Ivory Coast,10.5,45.83333333333333,43.666666666666664,1-1,21.033333333333335,1-1,Draw,4.435,21.033333333333335,0.698,1.294,-0.5960000000000001
Ivory Coast,South Korea,20.066666666666666,44.1,35.833333333333336,1-1,18.9,0-0,Draw,4.271,18.866666666666667,0.854,1.1396666666666666,-0.2856666666666666
South Korea,Ivory Coast,35.833333333333336,44.1,20.066666666666666,1-1,18.9,0-0,Draw,4.271,18.866666666666667,1.1396666666666666,0.854,0.2856666666666666
Ivory Coast,Spain,9.766666666666666,34.766666666666666,55.46666666666666,1-1,16.766666666666666,0-1,Spain win,4.428,15.933333333333334,0.6463333333333333,1.525,-0.8786666666666666
Spain,Ivory Coast,55.46666666666666,34.766666666666666,9.766666666666666,1-1,16.766666666666666,1-0,Ivory Coast win,4.428,15.933333333333334,1.525,0.6463333333333333,0.8786666666666666
Ivory Coast,Sweden,37.36666666666667,46.96666666666667,15.666666666666668,1-1,21.6,1-1,Draw,4.530666666666667,21.6,1.2046666666666668,0.8306666666666667,0.3740000000000001
Sweden,Ivory Coast,15.666666666666668,46.96666666666667,37.36666666666667,1-1,21.6,1-1,Draw,4.530666666666667,21.6,0.8306666666666667,1.2046666666666668,-0.3740000000000001
Ivory Coast,Switzerland,22.733333333333334,37.0,40.266666666666666,1-1,16.266666666666666,1-1,Draw,3.685,16.266666666666666,0.8893333333333333,1.2246666666666666,-0.33533333333333326
Switzerland,Ivory Coast,40.266666666666666,37.0,22.733333333333334,1-1,16.266666666666666,1-1,Draw,3.685,16.266666666666666,1.2246666666666666,0.8893333333333333,0.33533333333333326
Ivory Coast,Tunisia,34.56666666666667,51.2,14.233333333333334,1-1,23.233333333333334,1-1,Draw,4.876666666666667,23.233333333333334,1.1663333333333334,0.7873333333333333,0.3790000000000001
Tunisia,Ivory Coast,14.233333333333334,51.2,34.56666666666667,1-1,23.233333333333334,1-1,Draw,4.876666666666667,23.233333333333334,0.7873333333333333,1.1663333333333334,-0.3790000000000001
Ivory Coast,Turkey,25.233333333333334,43.5,31.266666666666666,1-1,20.733333333333334,1-1,Draw,4.261666666666667,20.733333333333334,0.953,1.0703333333333334,-0.1173333333333334
Turkey,Ivory Coast,31.266666666666666,43.5,25.233333333333334,1-1,20.733333333333334,1-1,Draw,4.261666666666667,20.733333333333334,1.0703333333333334,0.953,0.1173333333333334
Ivory Coast,United States,18.5,45.83333333333333,35.66666666666667,1-1,20.96666666666667,1-1,Draw,4.448666666666667,20.96666666666667,0.8446666666666667,1.141,-0.29633333333333334
United States,Ivory Coast,35.66666666666667,45.83333333333333,18.5,1-1,20.96666666666667,1-1,Draw,4.448666666666667,20.96666666666667,1.141,0.8446666666666667,0.29633333333333334
Ivory Coast,Uruguay,22.833333333333332,44.06666666666666,33.1,1-1,20.5,1-1,Draw,4.295333333333334,20.5,0.9163333333333333,1.128,-0.21166666666666656
Uruguay,Ivory Coast,33.1,44.06666666666666,22.833333333333332,1-1,20.5,1-1,Draw,4.295333333333334,20.5,1.128,0.9163333333333333,0.21166666666666656
Ivory Coast,Uzbekistan,39.36666666666667,42.93333333333334,17.7,1-1,19.733333333333334,1-1,Draw,4.190333333333333,19.733333333333334,1.2276666666666667,0.814,0.41366666666666674
Uzbekistan,Ivory Coast,17.7,42.93333333333334,39.36666666666667,1-1,19.733333333333334,1-1,Draw,4.190333333333333,19.733333333333334,0.814,1.2276666666666667,-0.41366666666666674
Japan,Jordan,52.2,38.83333333333333,8.966666666666667,1-1,17.1,1-0,Japan win,4.2396666666666665,15.433333333333332,1.45,0.6433333333333333,0.8066666666666666
Jordan,Japan,8.966666666666667,38.83333333333333,52.2,1-1,17.1,0-1,Jordan win,4.2396666666666665,15.433333333333332,0.6433333333333333,1.45,-0.8066666666666666
Japan,Mexico,24.8,47.03333333333333,28.166666666666668,1-1,22.366666666666667,1-1,Draw,4.533666666666667,22.366666666666667,0.9946666666666667,1.0643333333333334,-0.06966666666666665
Mexico,Japan,28.166666666666668,47.03333333333333,24.8,1-1,22.366666666666667,1-1,Draw,4.533666666666667,22.366666666666667,1.0643333333333334,0.9946666666666667,0.06966666666666665
Japan,Morocco,15.8,46.36666666666667,37.833333333333336,1-1,20.866666666666667,1-1,Draw,4.479666666666667,20.866666666666667,0.815,1.195,-0.3800000000000001
Morocco,Japan,37.833333333333336,46.36666666666667,15.8,1-1,20.866666666666667,1-1,Draw,4.479666666666667,20.866666666666667,1.195,0.815,0.3800000000000001
Japan,Netherlands,24.366666666666667,35.266666666666666,40.36666666666667,1-1,16.1,1-1,Draw,3.5636666666666668,16.1,0.936,1.2313333333333334,-0.29533333333333334
Netherlands,Japan,40.36666666666667,35.266666666666666,24.366666666666667,1-1,16.1,1-1,Draw,3.5636666666666668,16.1,1.2313333333333334,0.936,0.29533333333333334
Japan,New Zealand,36.7,42.699999999999996,20.599999999999998,1-1,20.166666666666664,1-1,Draw,4.199,20.166666666666664,1.1556666666666666,0.8663333333333333,0.28933333333333333
New Zealand,Japan,20.599999999999998,42.699999999999996,36.7,1-1,20.166666666666664,1-1,Draw,4.199,20.166666666666664,0.8663333333333333,1.1556666666666666,-0.28933333333333333
Japan,Norway,42.4,44.46666666666667,13.133333333333333,1-1,20.566666666666666,1-1,Draw,4.334333333333333,20.566666666666666,1.2823333333333333,0.7583333333333333,0.524
Norway,Japan,13.133333333333333,44.46666666666667,42.4,1-1,20.566666666666666,1-1,Draw,4.334333333333333,20.566666666666666,0.7583333333333333,1.2823333333333333,-0.524
Japan,Panama,38.733333333333334,49.2,12.066666666666666,1-1,21.96666666666667,1-1,Draw,4.702,21.96666666666667,1.1993333333333334,0.716,0.4833333333333334
Panama,Japan,12.066666666666666,49.2,38.733333333333334,1-1,21.96666666666667,1-1,Draw,4.702,21.96666666666667,0.716,1.1993333333333334,-0.4833333333333334
Japan,Paraguay,42.06666666666667,48.3,9.633333333333335,1-1,22.0,1-1,Draw,4.629333333333333,22.0,1.285,0.701,0.584
Paraguay,Japan,9.633333333333335,48.3,42.06666666666667,1-1,22.0,1-1,Draw,4.629333333333333,22.0,0.701,1.285,-0.584
Japan,Portugal,20.733333333333334,45.5,33.766666666666666,1-1,21.3,1-1,Draw,4.422666666666666,21.3,0.8803333333333333,1.1146666666666667,-0.2343333333333334
Portugal,Japan,33.766666666666666,45.5,20.733333333333334,1-1,21.3,1-1,Draw,4.422666666666666,21.3,1.1146666666666667,0.8803333333333333,0.2343333333333334
Japan,Qatar,45.233333333333334,46.0,8.766666666666667,1-1,20.3,0-0,Draw,4.436333333333334,19.766666666666666,1.327,0.6626666666666666,0.6643333333333333
Qatar,Japan,8.766666666666667,46.0,45.233333333333334,1-1,20.3,0-0,Draw,4.436333333333334,19.766666666666666,0.6626666666666666,1.327,-0.6643333333333333
Japan,Saudi Arabia,37.9,55.7,6.4,1-1,24.96666666666667,0-0,Draw,5.245666666666667,24.3,1.1733333333333333,0.6273333333333333,0.546
Saudi Arabia,Japan,6.4,55.7,37.9,1-1,24.96666666666667,0-0,Draw,5.245666666666667,24.3,0.6273333333333333,1.1733333333333333,-0.546
Japan,Scotland,49.86666666666667,40.43333333333333,9.700000000000001,1-1,18.433333333333334,1-0,Japan win,4.115666666666667,15.2,1.4103333333333334,0.6776666666666666,0.7326666666666668
Scotland,Japan,9.700000000000001,40.43333333333333,49.86666666666667,1-1,18.433333333333334,0-1,Scotland win,4.115666666666667,15.2,0.6776666666666666,1.4103333333333334,-0.7326666666666668
Japan,Senegal,22.466666666666665,46.33333333333333,31.2,1-1,21.2,1-1,Draw,4.483666666666666,21.2,0.943,1.096,-0.15300000000000014
Senegal,Japan,31.2,46.33333333333333,22.466666666666665,1-1,21.2,1-1,Draw,4.483666666666666,21.2,1.096,0.943,0.15300000000000014
Japan,South Africa,60.66666666666667,31.4,7.933333333333334,1-0,16.433333333333334,1-0,Japan win,4.735666666666667,16.433333333333334,1.64,0.628,1.012
South Africa,Japan,7.933333333333334,31.4,60.66666666666667,0-1,16.433333333333334,0-1,South Africa win,4.735666666666667,16.433333333333334,0.628,1.64,-1.012
Japan,South Korea,29.433333333333334,51.9,18.666666666666668,1-1,23.433333333333334,1-1,Draw,4.938,23.433333333333334,1.03,0.848,0.18200000000000005
South Korea,Japan,18.666666666666668,51.9,29.433333333333334,1-1,23.433333333333334,1-1,Draw,4.938,23.433333333333334,0.848,1.03,-0.18200000000000005
Japan,Spain,13.966666666666667,39.86666666666667,46.166666666666664,1-1,19.133333333333333,1-1,Draw,3.9473333333333334,19.133333333333333,0.75,1.355,-0.605
Spain,Japan,46.166666666666664,39.86666666666667,13.966666666666667,1-1,19.133333333333333,1-1,Draw,3.9473333333333334,19.133333333333333,1.355,0.75,0.605
Japan,Sweden,55.166666666666664,36.6,8.233333333333333,1-0,16.866666666666667,1-0,Japan win,4.461666666666667,16.866666666666667,1.5046666666666666,0.6146666666666667,0.8899999999999999
Sweden,Japan,8.233333333333333,36.6,55.166666666666664,0-1,16.866666666666667,0-1,Sweden win,4.461666666666667,16.866666666666667,0.6146666666666667,1.5046666666666666,-0.8899999999999999
Japan,Switzerland,35.13333333333333,41.699999999999996,23.166666666666664,1-1,19.0,1-1,Draw,4.098333333333334,19.0,1.157,0.9383333333333334,0.21866666666666668
Switzerland,Japan,23.166666666666664,41.699999999999996,35.13333333333333,1-1,19.0,1-1,Draw,4.098333333333334,19.0,0.9383333333333334,1.157,-0.21866666666666668
Japan,Tunisia,52.46666666666666,39.13333333333333,8.4,1-1,18.833333333333332,1-0,Japan win,4.293333333333333,16.03333333333333,1.461,0.643,0.8180000000000001
Tunisia,Japan,8.4,39.13333333333333,52.46666666666666,1-1,18.833333333333332,0-1,Tunisia win,4.293333333333333,16.03333333333333,0.643,1.461,-0.8180000000000001
Japan,Turkey,44.86666666666667,42.733333333333334,12.4,1-1,19.766666666666666,1-1,Draw,4.177666666666667,19.766666666666666,1.3076666666666668,0.7316666666666667,0.5760000000000001
Turkey,Japan,12.4,42.733333333333334,44.86666666666667,1-1,19.766666666666666,1-1,Draw,4.177666666666667,19.766666666666666,0.7316666666666667,1.3076666666666668,-0.5760000000000001
Japan,United States,26.566666666666666,48.1,25.333333333333336,1-1,23.1,1-1,Draw,4.660333333333333,23.1,0.9773333333333334,0.94,0.03733333333333344
United States,Japan,25.333333333333336,48.1,26.566666666666666,1-1,23.1,1-1,Draw,4.660333333333333,23.1,0.94,0.9773333333333334,-0.03733333333333344
Japan,Uruguay,31.033333333333335,46.1,22.866666666666667,1-1,21.133333333333333,1-1,Draw,4.453666666666667,21.133333333333333,1.065,0.93,0.1349999999999999
Uruguay,Japan,22.866666666666667,46.1,31.033333333333335,1-1,21.133333333333333,1-1,Draw,4.453666666666667,21.133333333333333,0.93,1.065,-0.1349999999999999
Japan,Uzbekistan,38.9,47.766666666666666,13.333333333333334,1-1,21.766666666666666,1-1,Draw,4.601,21.766666666666666,1.2046666666666668,0.7543333333333333,0.4503333333333335
Uzbekistan,Japan,13.333333333333334,47.766666666666666,38.9,1-1,21.766666666666666,1-1,Draw,4.601,21.766666666666666,0.7543333333333333,1.2046666666666668,-0.4503333333333335
Jordan,Mexico,11.466666666666667,37.333333333333336,51.2,1-1,17.033333333333335,0-1,Mexico win,4.132666666666666,14.2,0.7023333333333334,1.464,-0.7616666666666666
Mexico,Jordan,51.2,37.333333333333336,11.466666666666667,1-1,17.033333333333335,1-0,Jordan win,4.132666666666666,14.2,1.464,0.7023333333333334,0.7616666666666666
Jordan,Morocco,6.433333333333334,39.46666666666667,54.1,1-1,18.4,0-1,Morocco win,4.391666666666667,16.900000000000002,0.6216666666666667,1.5093333333333334,-0.8876666666666667
Morocco,Jordan,54.1,39.46666666666667,6.433333333333334,1-1,18.4,1-0,Jordan win,4.391666666666667,16.900000000000002,1.5093333333333334,0.6216666666666667,0.8876666666666667
Jordan,Netherlands,8.733333333333333,21.3,69.96666666666667,0-1,17.766666666666666,0-1,Netherlands win,5.248,17.766666666666666,0.5806666666666667,1.8333333333333333,-1.2526666666666666
Netherlands,Jordan,69.96666666666667,21.3,8.733333333333333,1-0,17.766666666666666,1-0,Jordan win,5.248,17.766666666666666,1.8333333333333333,0.5806666666666667,1.2526666666666666
Jordan,New Zealand,32.5,43.03333333333333,24.46666666666667,1-1,20.266666666666666,1-1,Draw,4.227333333333333,20.266666666666666,1.0913333333333333,0.948,0.1433333333333333
New Zealand,Jordan,24.46666666666667,43.03333333333333,32.5,1-1,20.266666666666666,1-1,Draw,4.227333333333333,20.266666666666666,0.948,1.0913333333333333,-0.1433333333333333
Jordan,Norway,14.666666666666666,35.6,49.733333333333334,1-1,16.066666666666666,0-1,Norway win,4.046666666666667,14.666666666666666,0.7523333333333333,1.4083333333333334,-0.6560000000000001
Norway,Jordan,49.733333333333334,35.6,14.666666666666666,1-1,16.066666666666666,1-0,Jordan win,4.046666666666667,14.666666666666666,1.4083333333333334,0.7523333333333333,0.6560000000000001
Jordan,Panama,13.766666666666666,41.233333333333334,45.0,1-1,18.9,1-1,Draw,4.050333333333334,18.9,0.7276666666666667,1.2916666666666667,-0.5640000000000001
Panama,Jordan,45.0,41.233333333333334,13.766666666666666,1-1,18.9,1-1,Draw,4.050333333333334,18.9,1.2916666666666667,0.7276666666666667,0.5640000000000001
Jordan,Paraguay,23.366666666666667,38.06666666666666,38.56666666666666,1-1,17.7,1-1,Draw,3.8033333333333332,17.7,0.924,1.2116666666666667,-0.2876666666666666
Paraguay,Jordan,38.56666666666666,38.06666666666666,23.366666666666667,1-1,17.7,1-1,Draw,3.8033333333333332,17.7,1.2116666666666667,0.924,0.2876666666666666
Jordan,Portugal,7.3,33.46666666666667,59.233333333333334,0-1,17.166666666666668,0-1,Portugal win,4.677333333333333,17.166666666666668,0.5893333333333334,1.607,-1.0176666666666665
Portugal,Jordan,59.233333333333334,33.46666666666667,7.3,1-0,17.166666666666668,1-0,Jordan win,4.677333333333333,17.166666666666668,1.607,0.5893333333333334,1.0176666666666665
Jordan,Qatar,22.633333333333333,38.53333333333334,38.83333333333333,1-1,17.433333333333334,1-1,Draw,3.832,17.433333333333334,0.907,1.189,-0.28200000000000003
Qatar,Jordan,38.83333333333333,38.53333333333334,22.633333333333333,1-1,17.433333333333334,1-1,Draw,3.832,17.433333333333334,1.189,0.907,0.28200000000000003
Jordan,Saudi Arabia,22.400000000000002,43.03333333333333,34.56666666666667,1-1,20.166666666666664,1-1,Draw,4.209,20.166666666666664,0.9346666666666666,1.1493333333333333,-0.21466666666666667
Saudi Arabia,Jordan,34.56666666666667,43.03333333333333,22.400000000000002,1-1,20.166666666666664,1-1,Draw,4.209,20.166666666666664,1.1493333333333333,0.9346666666666666,0.21466666666666667
Jordan,Scotland,19.733333333333334,37.8,42.46666666666667,1-1,17.466666666666665,1-1,Draw,3.7756666666666665,17.466666666666665,0.8556666666666667,1.29,-0.43433333333333335
Scotland,Jordan,42.46666666666667,37.8,19.733333333333334,1-1,17.466666666666665,1-1,Draw,3.7756666666666665,17.466666666666665,1.29,0.8556666666666667,0.43433333333333335
Jordan,Senegal,12.366666666666665,38.46666666666667,49.166666666666664,1-1,17.333333333333336,0-1,Senegal win,4.078666666666667,15.2,0.7056666666666667,1.386,-0.6803333333333332
Senegal,Jordan,49.166666666666664,38.46666666666667,12.366666666666665,1-1,17.333333333333336,1-0,Jordan win,4.078666666666667,15.2,1.386,0.7056666666666667,0.6803333333333332
Jordan,South Africa,25.5,42.3,32.2,1-1,19.833333333333332,1-1,Draw,4.163,19.833333333333332,0.966,1.088,-0.12200000000000011
South Africa,Jordan,32.2,42.3,25.5,1-1,19.833333333333332,1-1,Draw,4.163,19.833333333333332,1.088,0.966,0.12200000000000011
Jordan,South Korea,16.633333333333333,38.56666666666666,44.800000000000004,1-1,19.03333333333333,1-1,Draw,3.859,19.03333333333333,0.8053333333333333,1.34,-0.5346666666666667
South Korea,Jordan,44.800000000000004,38.56666666666666,16.633333333333333,1-1,19.03333333333333,1-1,Draw,3.859,19.03333333333333,1.34,0.8053333333333333,0.5346666666666667
Jordan,Spain,5.533333333333333,32.36666666666667,62.1,0-1,18.333333333333332,0-1,Spain win,4.873666666666667,18.333333333333332,0.555,1.649,-1.0939999999999999
Spain,Jordan,62.1,32.36666666666667,5.533333333333333,1-0,18.333333333333332,1-0,Jordan win,4.873666666666667,18.333333333333332,1.649,0.555,1.0939999999999999
Jordan,Sweden,23.333333333333332,37.86666666666667,38.800000000000004,1-1,17.366666666666667,1-1,Draw,3.765,17.366666666666667,0.8966666666666666,1.2043333333333333,-0.30766666666666664
Sweden,Jordan,38.800000000000004,37.86666666666667,23.333333333333332,1-1,17.366666666666667,1-1,Draw,3.765,17.366666666666667,1.2043333333333333,0.8966666666666666,0.30766666666666664
Jordan,Switzerland,14.333333333333334,27.633333333333333,58.03333333333334,0-1,15.666666666666668,0-1,Switzerland win,4.546333333333333,15.666666666666668,0.7193333333333334,1.58,-0.8606666666666667
Switzerland,Jordan,58.03333333333334,27.633333333333333,14.333333333333334,1-0,15.666666666666668,1-0,Jordan win,4.546333333333333,15.666666666666668,1.58,0.7193333333333334,0.8606666666666667
Jordan,Tunisia,22.3,41.833333333333336,35.86666666666667,1-1,18.166666666666668,1-1,Draw,4.087,18.166666666666668,0.893,1.1383333333333334,-0.2453333333333334
Tunisia,Jordan,35.86666666666667,41.833333333333336,22.3,1-1,18.166666666666668,1-1,Draw,4.087,18.166666666666668,1.1383333333333334,0.893,0.2453333333333334
Jordan,Turkey,16.633333333333333,37.266666666666666,46.1,1-1,17.2,0-1,Turkey win,3.807,13.600000000000001,0.8036666666666666,1.371,-0.5673333333333334
Turkey,Jordan,46.1,37.266666666666666,16.633333333333333,1-1,17.2,1-0,Jordan win,3.807,13.600000000000001,1.371,0.8036666666666666,0.5673333333333334
Jordan,United States,13.733333333333334,39.666666666666664,46.6,1-1,18.266666666666666,1-1,Draw,3.9156666666666666,18.266666666666666,0.7623333333333333,1.3703333333333334,-0.6080000000000001
United States,Jordan,46.6,39.666666666666664,13.733333333333334,1-1,18.266666666666666,1-1,Draw,3.9156666666666666,18.266666666666666,1.3703333333333334,0.7623333333333333,0.6080000000000001
Jordan,Uruguay,17.333333333333336,42.86666666666667,39.800000000000004,1-1,20.0,1-1,Draw,4.191666666666666,20.0,0.8216666666666667,1.2263333333333333,-0.4046666666666666
Uruguay,Jordan,39.800000000000004,42.86666666666667,17.333333333333336,1-1,20.0,1-1,Draw,4.191666666666666,20.0,1.2263333333333333,0.8216666666666667,0.4046666666666666
Jordan,Uzbekistan,22.2,32.53333333333333,45.266666666666666,1-1,14.933333333333335,0-1,Uzbekistan win,3.7746666666666666,13.833333333333334,0.894,1.328,-0.43400000000000005
Uzbekistan,Jordan,45.266666666666666,32.53333333333333,22.2,1-1,14.933333333333335,1-0,Jordan win,3.7746666666666666,13.833333333333334,1.328,0.894,0.43400000000000005
Mexico,Morocco,15.833333333333332,40.833333333333336,43.333333333333336,1-1,18.6,1-1,Draw,4.015,18.6,0.7786666666666666,1.29,-0.5113333333333334
Morocco,Mexico,43.333333333333336,40.833333333333336,15.833333333333332,1-1,18.6,1-1,Draw,4.015,18.6,1.29,0.7786666666666666,0.5113333333333334
Mexico,Netherlands,22.433333333333334,33.86666666666667,43.7,1-1,15.366666666666667,0-1,Netherlands win,3.6576666666666666,13.433333333333334,0.9236666666666666,1.318,-0.3943333333333334
Netherlands,Mexico,43.7,33.86666666666667,22.433333333333334,1-1,15.366666666666667,1-0,Mexico win,3.6576666666666666,13.433333333333334,1.318,0.9236666666666666,0.3943333333333334
Mexico,New Zealand,48.333333333333336,33.96666666666667,17.7,1-1,14.833333333333334,1-0,Mexico win,3.974,14.633333333333335,1.3663333333333334,0.8003333333333333,0.5660000000000001
New Zealand,Mexico,17.7,33.96666666666667,48.333333333333336,1-1,14.833333333333334,0-1,New Zealand win,3.974,14.633333333333335,0.8003333333333333,1.3663333333333334,-0.5660000000000001
Mexico,Norway,43.833333333333336,39.46666666666667,16.7,1-1,18.633333333333333,1-1,Draw,3.9106666666666667,18.633333333333333,1.3183333333333334,0.8136666666666666,0.5046666666666667
Norway,Mexico,16.7,39.46666666666667,43.833333333333336,1-1,18.633333333333333,1-1,Draw,3.9106666666666667,18.633333333333333,0.8136666666666666,1.3183333333333334,-0.5046666666666667
Mexico,Panama,14.266666666666666,81.3,4.433333333333334,0-0,38.96666666666667,0-0,Draw,7.417666666666666,38.96666666666667,0.7876666666666666,0.638,0.14966666666666661
Panama,Mexico,4.433333333333334,81.3,14.266666666666666,0-0,38.96666666666667,0-0,Draw,7.417666666666666,38.96666666666667,0.638,0.7876666666666666,-0.14966666666666661
Mexico,Paraguay,46.733333333333334,41.5,11.766666666666667,1-1,19.366666666666667,1-1,Draw,4.056,19.366666666666667,1.409,0.738,0.671
Paraguay,Mexico,11.766666666666667,41.5,46.733333333333334,1-1,19.366666666666667,1-1,Draw,4.056,19.366666666666667,0.738,1.409,-0.671
Mexico,Portugal,18.099999999999998,45.63333333333333,36.266666666666666,1-1,21.066666666666666,1-1,Draw,4.436,21.066666666666666,0.8646666666666667,1.1856666666666666,-0.32099999999999995
Portugal,Mexico,36.266666666666666,45.63333333333333,18.099999999999998,1-1,21.066666666666666,1-1,Draw,4.436,21.066666666666666,1.1856666666666666,0.8646666666666667,0.32099999999999995
Mexico,Qatar,55.86666666666667,35.06666666666667,9.066666666666666,1-0,16.933333333333334,1-0,Mexico win,4.507333333333333,16.933333333333334,1.5053333333333334,0.639,0.8663333333333334
Qatar,Mexico,9.066666666666666,35.06666666666667,55.86666666666667,0-1,16.933333333333334,0-1,Qatar win,4.507333333333333,16.933333333333334,0.639,1.5053333333333334,-0.8663333333333334
Mexico,Saudi Arabia,47.199999999999996,40.0,12.8,1-1,18.3,1-1,Draw,3.945333333333333,18.3,1.3653333333333333,0.7366666666666667,0.6286666666666666
Saudi Arabia,Mexico,12.8,40.0,47.199999999999996,1-1,18.3,1-1,Draw,3.945333333333333,18.3,0.7366666666666667,1.3653333333333333,-0.6286666666666666
Mexico,Scotland,50.43333333333333,37.233333333333334,12.333333333333334,1-1,17.733333333333334,1-0,Mexico win,4.1146666666666665,15.033333333333335,1.4323333333333332,0.7033333333333334,0.7289999999999999
Scotland,Mexico,12.333333333333334,37.233333333333334,50.43333333333333,1-1,17.733333333333334,0-1,Scotland win,4.1146666666666665,15.033333333333335,0.7033333333333334,1.4323333333333332,-0.7289999999999999
Mexico,Senegal,22.733333333333334,45.5,31.766666666666666,1-1,19.53333333333333,1-1,Draw,4.394,19.53333333333333,0.896,1.0703333333333334,-0.17433333333333334
Senegal,Mexico,31.766666666666666,45.5,22.733333333333334,1-1,19.53333333333333,1-1,Draw,4.394,19.53333333333333,1.0703333333333334,0.896,0.17433333333333334
Mexico,South Africa,59.86666666666667,32.03333333333334,8.1,1-0,17.4,1-0,Mexico win,4.741,17.4,1.5973333333333333,0.619,0.9783333333333333
South Africa,Mexico,8.1,32.03333333333334,59.86666666666667,0-1,17.4,0-1,South Africa win,4.741,17.4,0.619,1.5973333333333333,-0.9783333333333333
Mexico,South Korea,34.599999999999994,50.13333333333333,15.266666666666667,1-1,22.333333333333332,1-1,Draw,4.79,22.333333333333332,1.134,0.7923333333333333,0.34166666666666656
South Korea,Mexico,15.266666666666667,50.13333333333333,34.599999999999994,1-1,22.333333333333332,1-1,Draw,4.79,22.333333333333332,0.7923333333333333,1.134,-0.34166666666666656
Mexico,Spain,12.3,38.2,49.5,1-1,18.23333333333333,0-1,Spain win,4.056333333333333,14.133333333333335,0.7356666666666667,1.4213333333333333,-0.6856666666666666
Spain,Mexico,49.5,38.2,12.3,1-1,18.23333333333333,1-0,Mexico win,4.056333333333333,14.133333333333335,1.4213333333333333,0.7356666666666667,0.6856666666666666
Mexico,Sweden,60.0,30.666666666666664,9.333333333333334,1-0,17.566666666666666,1-0,Mexico win,4.719,17.566666666666666,1.602,0.624,0.9780000000000001
Sweden,Mexico,9.333333333333334,30.666666666666664,60.0,0-1,17.566666666666666,0-1,Sweden win,4.719,17.566666666666666,0.624,1.602,-0.9780000000000001
Mexico,Switzerland,36.56666666666666,40.833333333333336,22.6,1-1,19.400000000000002,1-1,Draw,4.042666666666666,19.400000000000002,1.1733333333333333,0.9163333333333333,0.257
Switzerland,Mexico,22.6,40.833333333333336,36.56666666666666,1-1,19.400000000000002,1-1,Draw,4.042666666666666,19.400000000000002,0.9163333333333333,1.1733333333333333,-0.257
Mexico,Tunisia,52.0,38.56666666666666,9.433333333333334,1-1,17.733333333333334,1-0,Mexico win,4.22,14.933333333333335,1.4613333333333334,0.6613333333333333,0.8
Tunisia,Mexico,9.433333333333334,38.56666666666666,52.0,1-1,17.733333333333334,0-1,Tunisia win,4.22,14.933333333333335,0.6613333333333333,1.4613333333333334,-0.8
Mexico,Turkey,45.43333333333333,41.199999999999996,13.366666666666665,1-1,19.7,1-1,Draw,4.054,19.7,1.352,0.749,0.6030000000000001
Turkey,Mexico,13.366666666666665,41.199999999999996,45.43333333333333,1-1,19.7,1-1,Draw,4.054,19.7,0.749,1.352,-0.6030000000000001
Mexico,United States,21.433333333333334,65.03333333333333,13.533333333333333,0-0,31.266666666666666,0-0,Draw,6.062333333333333,31.266666666666666,0.8813333333333333,0.7486666666666667,0.1326666666666666
United States,Mexico,13.533333333333333,65.03333333333333,21.433333333333334,0-0,31.266666666666666,0-0,Draw,6.062333333333333,31.266666666666666,0.7486666666666667,0.8813333333333333,-0.1326666666666666
Mexico,Uruguay,33.06666666666666,44.800000000000004,22.133333333333333,1-1,20.333333333333332,1-1,Draw,4.362,20.333333333333332,1.1073333333333333,0.916,0.19133333333333324
Uruguay,Mexico,22.133333333333333,44.800000000000004,33.06666666666666,1-1,20.333333333333332,1-1,Draw,4.362,20.333333333333332,0.916,1.1073333333333333,-0.19133333333333324
Mexico,Uzbekistan,49.96666666666666,34.43333333333333,15.6,1-1,15.6,1-0,Mexico win,4.085666666666667,15.1,1.417,0.75,0.667
Uzbekistan,Mexico,15.6,34.43333333333333,49.96666666666666,1-1,15.6,0-1,Uzbekistan win,4.085666666666667,15.1,0.75,1.417,-0.667
Morocco,Netherlands,34.53333333333333,43.266666666666666,22.2,1-1,19.466666666666665,1-1,Draw,4.214333333333333,19.466666666666665,1.1423333333333334,0.9113333333333333,0.2310000000000001
Netherlands,Morocco,22.2,43.266666666666666,34.53333333333333,1-1,19.466666666666665,1-1,Draw,4.214333333333333,19.466666666666665,0.9113333333333333,1.1423333333333334,-0.2310000000000001
Morocco,New Zealand,55.666666666666664,32.46666666666667,11.866666666666667,1-0,16.0,1-0,Morocco win,4.428,16.0,1.5556666666666668,0.6946666666666667,0.8610000000000001
New Zealand,Morocco,11.866666666666667,32.46666666666667,55.666666666666664,0-1,16.0,0-1,New Zealand win,4.428,16.0,0.6946666666666667,1.5556666666666668,-0.8610000000000001
Morocco,Norway,53.166666666666664,34.733333333333334,12.1,1-1,16.833333333333332,1-0,Morocco win,4.291666666666667,15.233333333333333,1.499,0.731,0.7680000000000001
Norway,Morocco,12.1,34.733333333333334,53.166666666666664,1-1,16.833333333333332,0-1,Norway win,4.291666666666667,15.233333333333333,0.731,1.499,-0.7680000000000001
Morocco,Panama,53.2,37.06666666666666,9.733333333333333,1-1,16.03333333333333,1-0,Morocco win,4.298,15.566666666666668,1.4736666666666667,0.6616666666666666,0.812
Panama,Morocco,9.733333333333333,37.06666666666666,53.2,1-1,16.03333333333333,0-1,Panama win,4.298,15.566666666666668,0.6616666666666666,1.4736666666666667,-0.812
Morocco,Paraguay,64.5,29.099999999999998,6.4,1-0,17.299999999999997,1-0,Morocco win,4.985666666666667,17.299999999999997,1.709,0.5823333333333334,1.1266666666666667
Paraguay,Morocco,6.4,29.099999999999998,64.5,0-1,17.299999999999997,0-1,Paraguay win,4.985666666666667,17.299999999999997,0.5823333333333334,1.709,-1.1266666666666667
Morocco,Portugal,26.0,47.733333333333334,26.266666666666666,1-1,21.9,1-1,Draw,4.596,21.9,0.9813333333333333,0.997,-0.015666666666666718
Portugal,Morocco,26.266666666666666,47.733333333333334,26.0,1-1,21.9,1-1,Draw,4.596,21.9,0.997,0.9813333333333333,0.015666666666666718
Morocco,Qatar,63.4,29.86666666666667,6.7333333333333325,1-0,17.2,1-0,Morocco win,4.912,17.2,1.6853333333333333,0.577,1.1083333333333334
Qatar,Morocco,6.7333333333333325,29.86666666666667,63.4,0-1,17.2,0-1,Qatar win,4.912,17.2,0.577,1.6853333333333333,-1.1083333333333334
Morocco,Saudi Arabia,60.43333333333333,32.5,7.066666666666667,1-0,17.933333333333334,1-0,Morocco win,4.794,17.933333333333334,1.6066666666666667,0.5913333333333334,1.0153333333333334
Saudi Arabia,Morocco,7.066666666666667,32.5,60.43333333333333,0-1,17.933333333333334,0-1,Saudi Arabia win,4.794,17.933333333333334,0.5913333333333334,1.6066666666666667,-1.0153333333333334
Morocco,Scotland,60.93333333333333,31.3,7.766666666666666,1-0,17.7,1-0,Morocco win,4.789333333333333,17.7,1.6223333333333334,0.5983333333333334,1.024
Scotland,Morocco,7.766666666666666,31.3,60.93333333333333,0-1,17.7,0-1,Scotland win,4.789333333333333,17.7,0.5983333333333334,1.6223333333333334,-1.024
Morocco,Senegal,36.4,49.43333333333334,14.166666666666666,1-1,22.133333333333333,1-1,Draw,4.729333333333333,22.133333333333333,1.155,0.7573333333333333,0.3976666666666667
Senegal,Morocco,14.166666666666666,49.43333333333334,36.4,1-1,22.133333333333333,1-1,Draw,4.729333333333333,22.133333333333333,0.7573333333333333,1.155,-0.3976666666666667
Morocco,South Africa,51.83333333333333,42.66666666666667,5.5,1-1,18.8,1-0,Morocco win,4.273333333333333,16.666666666666664,1.4593333333333334,0.5986666666666667,0.8606666666666667
South Africa,Morocco,5.5,42.66666666666667,51.83333333333333,1-1,18.8,0-1,South Africa win,4.273333333333333,16.666666666666664,0.5986666666666667,1.4593333333333334,-0.8606666666666667
Morocco,South Korea,45.0,45.166666666666664,9.833333333333332,1-1,19.900000000000002,0-0,Draw,4.3646666666666665,19.5,1.293,0.675,0.6179999999999999
South Korea,Morocco,9.833333333333332,45.166666666666664,45.0,1-1,19.900000000000002,0-0,Draw,4.3646666666666665,19.5,0.675,1.293,-0.6179999999999999
Morocco,Spain,24.7,41.833333333333336,33.46666666666667,1-1,18.8,1-1,Draw,4.091333333333333,18.8,0.9553333333333334,1.125,-0.16966666666666663
Spain,Morocco,33.46666666666667,41.833333333333336,24.7,1-1,18.8,1-1,Draw,4.091333333333333,18.8,1.125,0.9553333333333334,0.16966666666666663
Morocco,Sweden,69.56666666666666,26.266666666666666,4.166666666666666,1-0,17.599999999999998,1-0,Morocco win,5.232,17.599999999999998,1.8466666666666667,0.536,1.3106666666666666
Sweden,Morocco,4.166666666666666,26.266666666666666,69.56666666666666,0-1,17.599999999999998,0-1,Sweden win,5.232,17.599999999999998,0.536,1.8466666666666667,-1.3106666666666666
Morocco,Switzerland,49.53333333333333,38.46666666666667,12.0,1-1,18.099999999999998,1-0,Morocco win,4.077,15.2,1.407,0.7033333333333334,0.7036666666666667
Switzerland,Morocco,12.0,38.46666666666667,49.53333333333333,1-1,18.099999999999998,0-1,Switzerland win,4.077,15.2,0.7033333333333334,1.407,-0.7036666666666667
Morocco,Tunisia,48.13333333333333,46.13333333333333,5.733333333333333,1-1,21.133333333333333,1-1,Draw,4.450333333333333,21.133333333333333,1.3653333333333333,0.608,0.7573333333333333
Tunisia,Morocco,5.733333333333333,46.13333333333333,48.13333333333333,1-1,21.133333333333333,1-1,Draw,4.450333333333333,21.133333333333333,0.608,1.3653333333333333,-0.7573333333333333
Morocco,Turkey,52.800000000000004,38.6,8.6,1-1,17.233333333333334,1-0,Morocco win,4.28,15.866666666666667,1.465,0.6353333333333333,0.8296666666666668
Turkey,Morocco,8.6,38.6,52.800000000000004,1-1,17.233333333333334,0-1,Turkey win,4.28,15.866666666666667,0.6353333333333333,1.465,-0.8296666666666668
Morocco,United States,40.666666666666664,47.4,11.933333333333334,1-1,20.833333333333336,1-1,Draw,4.539666666666666,20.833333333333336,1.2476666666666667,0.7353333333333333,0.5123333333333334
United States,Morocco,11.933333333333334,47.4,40.666666666666664,1-1,20.833333333333336,1-1,Draw,4.539666666666666,20.833333333333336,0.7353333333333333,1.2476666666666667,-0.5123333333333334
Morocco,Uruguay,45.733333333333334,43.93333333333334,10.333333333333334,1-1,20.633333333333333,1-1,Draw,4.280666666666667,20.633333333333333,1.3523333333333334,0.693,0.6593333333333334
Uruguay,Morocco,10.333333333333334,43.93333333333334,45.733333333333334,1-1,20.633333333333333,1-1,Draw,4.280666666666667,20.633333333333333,0.693,1.3523333333333334,-0.6593333333333334
Morocco,Uzbekistan,52.33333333333333,36.53333333333333,11.133333333333335,0-0,15.766666666666667,1-0,Morocco win,4.239333333333334,15.666666666666668,1.4586666666666666,0.6733333333333333,0.7853333333333332
Uzbekistan,Morocco,11.133333333333335,36.53333333333333,52.33333333333333,0-0,15.766666666666667,0-1,Uzbekistan win,4.239333333333334,15.666666666666668,0.6733333333333333,1.4586666666666666,-0.7853333333333332
Netherlands,New Zealand,47.43333333333333,37.166666666666664,15.4,1-1,17.033333333333335,1-0,Netherlands win,3.9076666666666666,13.5,1.3643333333333334,0.765,0.5993333333333334
New Zealand,Netherlands,15.4,37.166666666666664,47.43333333333333,1-1,17.033333333333335,0-1,New Zealand win,3.9076666666666666,13.5,0.765,1.3643333333333334,-0.5993333333333334
Netherlands,Norway,37.766666666666666,45.5,16.733333333333334,1-1,20.9,1-1,Draw,4.409,20.9,1.1823333333333332,0.8153333333333334,0.3669999999999999
Norway,Netherlands,16.733333333333334,45.5,37.766666666666666,1-1,20.9,1-1,Draw,4.409,20.9,0.8153333333333334,1.1823333333333332,-0.3669999999999999
Netherlands,Panama,42.46666666666667,44.7,12.833333333333332,1-1,19.6,1-1,Draw,4.326333333333333,19.6,1.2773333333333334,0.74,0.5373333333333334
Panama,Netherlands,12.833333333333332,44.7,42.46666666666667,1-1,19.6,1-1,Draw,4.326333333333333,19.6,0.74,1.2773333333333334,-0.5373333333333334
Netherlands,Paraguay,57.93333333333334,33.43333333333333,8.633333333333333,1-0,17.233333333333334,1-0,Netherlands win,4.6193333333333335,17.233333333333334,1.5733333333333333,0.6436666666666667,0.9296666666666665
Paraguay,Netherlands,8.633333333333333,33.43333333333333,57.93333333333334,0-1,17.233333333333334,0-1,Paraguay win,4.6193333333333335,17.233333333333334,0.6436666666666667,1.5733333333333333,-0.9296666666666665
Netherlands,Portugal,18.099999999999998,58.199999999999996,23.7,1-1,25.8,1-1,Draw,5.459,25.8,0.8503333333333334,0.933,-0.08266666666666667
Portugal,Netherlands,23.7,58.199999999999996,18.099999999999998,1-1,25.8,1-1,Draw,5.459,25.8,0.933,0.8503333333333334,0.08266666666666667
Netherlands,Qatar,54.233333333333334,37.36666666666667,8.4,1-1,16.833333333333332,1-0,Netherlands win,4.419666666666667,16.466666666666665,1.4646666666666666,0.6173333333333333,0.8473333333333333
Qatar,Netherlands,8.4,37.36666666666667,54.233333333333334,1-1,16.833333333333332,0-1,Qatar win,4.419666666666667,16.466666666666665,0.6173333333333333,1.4646666666666666,-0.8473333333333333
Netherlands,Saudi Arabia,48.16666666666667,45.166666666666664,6.666666666666667,1-1,20.266666666666666,0-0,Draw,4.366,18.833333333333332,1.3686666666666667,0.622,0.7466666666666667
Saudi Arabia,Netherlands,6.666666666666667,45.166666666666664,48.16666666666667,1-1,20.266666666666666,0-0,Draw,4.366,18.833333333333332,0.622,1.3686666666666667,-0.7466666666666667
Netherlands,Scotland,52.63333333333333,38.06666666666666,9.3,1-1,16.733333333333334,1-0,Netherlands win,4.269666666666667,15.4,1.4656666666666667,0.6516666666666666,0.8140000000000001
Scotland,Netherlands,9.3,38.06666666666666,52.63333333333333,1-1,16.733333333333334,0-1,Scotland win,4.269666666666667,15.4,0.6516666666666666,1.4656666666666667,-0.8140000000000001
Netherlands,Senegal,30.0,51.66666666666667,18.333333333333332,1-1,24.566666666666666,1-1,Draw,4.951666666666667,24.566666666666666,1.081,0.8743333333333333,0.20666666666666667
Senegal,Netherlands,18.333333333333332,51.66666666666667,30.0,1-1,24.566666666666666,1-1,Draw,4.951666666666667,24.566666666666666,0.8743333333333333,1.081,-0.20666666666666667
Netherlands,South Africa,55.400000000000006,36.56666666666666,8.033333333333333,1-1,17.1,1-0,Netherlands win,4.391333333333334,14.733333333333334,1.574,0.6456666666666667,0.9283333333333333
South Africa,Netherlands,8.033333333333333,36.56666666666666,55.400000000000006,1-1,17.1,0-1,South Africa win,4.391333333333334,14.733333333333334,0.6456666666666667,1.574,-0.9283333333333333
Netherlands,South Korea,38.733333333333334,48.1,13.166666666666666,1-1,21.366666666666667,1-1,Draw,4.61,21.366666666666667,1.2076666666666667,0.7403333333333333,0.4673333333333334
South Korea,Netherlands,13.166666666666666,48.1,38.733333333333334,1-1,21.366666666666667,1-1,Draw,4.61,21.366666666666667,0.7403333333333333,1.2076666666666667,-0.4673333333333334
Netherlands,Spain,15.7,46.300000000000004,38.0,0-0,19.866666666666667,1-1,Draw,4.453333333333333,19.8,0.785,1.182,-0.3969999999999999
Spain,Netherlands,38.0,46.300000000000004,15.7,0-0,19.866666666666667,1-1,Draw,4.453333333333333,19.8,1.182,0.785,0.3969999999999999
Netherlands,Sweden,52.800000000000004,41.16666666666667,6.033333333333333,1-1,18.566666666666666,1-0,Netherlands win,4.300666666666666,15.6,1.485,0.6133333333333333,0.8716666666666668
Sweden,Netherlands,6.033333333333333,41.16666666666667,52.800000000000004,1-1,18.566666666666666,0-1,Sweden win,4.300666666666666,15.6,0.6133333333333333,1.485,-0.8716666666666668
Netherlands,Switzerland,43.2,42.199999999999996,14.6,1-1,18.266666666666666,1-1,Draw,4.109333333333334,18.266666666666666,1.295,0.7713333333333333,0.5236666666666666
Switzerland,Netherlands,14.6,42.199999999999996,43.2,1-1,18.266666666666666,1-1,Draw,4.109333333333334,18.266666666666666,0.7713333333333333,1.295,-0.5236666666666666
Netherlands,Tunisia,50.5,40.36666666666667,9.133333333333333,1-1,18.23333333333333,1-0,Netherlands win,4.117333333333334,14.833333333333334,1.4576666666666667,0.6796666666666666,0.778
Tunisia,Netherlands,9.133333333333333,40.36666666666667,50.5,1-1,18.23333333333333,0-1,Tunisia win,4.117333333333334,14.833333333333334,0.6796666666666666,1.4576666666666667,-0.778
Netherlands,Turkey,47.96666666666667,41.3,10.733333333333334,1-1,18.666666666666668,1-1,Draw,4.049666666666667,18.666666666666668,1.3533333333333333,0.683,0.6703333333333332
Turkey,Netherlands,10.733333333333334,41.3,47.96666666666667,1-1,18.666666666666668,1-1,Draw,4.049666666666667,18.666666666666668,0.683,1.3533333333333333,-0.6703333333333332
Netherlands,United States,35.53333333333333,50.06666666666667,14.399999999999999,1-1,23.1,1-1,Draw,4.786,23.1,1.161,0.8046666666666666,0.3563333333333334
United States,Netherlands,14.399999999999999,50.06666666666667,35.53333333333333,1-1,23.1,1-1,Draw,4.786,23.1,0.8046666666666666,1.161,-0.3563333333333334
Netherlands,Uruguay,37.43333333333334,48.9,13.666666666666666,0-0,21.333333333333336,0-0,Draw,4.687666666666667,21.333333333333336,1.1456666666666666,0.732,0.4136666666666666
Uruguay,Netherlands,13.666666666666666,48.9,37.43333333333334,0-0,21.333333333333336,0-0,Draw,4.687666666666667,21.333333333333336,0.732,1.1456666666666666,-0.4136666666666666
Netherlands,Uzbekistan,48.4,36.46666666666666,15.133333333333333,1-1,17.366666666666667,1-0,Netherlands win,3.976,14.433333333333334,1.3903333333333334,0.7593333333333333,0.6310000000000001
Uzbekistan,Netherlands,15.133333333333333,36.46666666666666,48.4,1-1,17.366666666666667,0-1,Uzbekistan win,3.976,14.433333333333334,0.7593333333333333,1.3903333333333334,-0.6310000000000001
New Zealand,Norway,21.933333333333334,42.86666666666667,35.199999999999996,1-1,18.8,1-1,Draw,4.177,18.8,0.8926666666666667,1.1533333333333333,-0.2606666666666666
Norway,New Zealand,35.199999999999996,42.86666666666667,21.933333333333334,1-1,18.8,1-1,Draw,4.177,18.8,1.1533333333333333,0.8926666666666667,0.2606666666666666
New Zealand,Panama,18.3,50.43333333333333,31.266666666666666,1-1,23.3,1-1,Draw,4.82,23.3,0.844,1.0853333333333333,-0.2413333333333333
Panama,New Zealand,31.266666666666666,50.43333333333333,18.3,1-1,23.3,1-1,Draw,4.82,23.3,1.0853333333333333,0.844,0.2413333333333333
New Zealand,Paraguay,26.400000000000002,42.1,31.5,1-1,19.666666666666664,1-1,Draw,4.137666666666667,19.666666666666664,0.9913333333333333,1.081,-0.08966666666666667
Paraguay,New Zealand,31.5,42.1,26.400000000000002,1-1,19.666666666666664,1-1,Draw,4.137666666666667,19.666666666666664,1.081,0.9913333333333333,0.08966666666666667
New Zealand,Portugal,9.733333333333333,37.96666666666667,52.300000000000004,1-1,17.166666666666668,0-1,Portugal win,4.264666666666667,16.3,0.6466666666666666,1.4663333333333333,-0.8196666666666667
Portugal,New Zealand,52.300000000000004,37.96666666666667,9.733333333333333,1-1,17.166666666666668,1-0,New Zealand win,4.264666666666667,16.3,1.4663333333333333,0.6466666666666666,0.8196666666666667
New Zealand,Qatar,25.933333333333337,44.766666666666666,29.299999999999997,1-1,19.566666666666666,1-1,Draw,4.3406666666666665,19.566666666666666,0.985,1.0453333333333332,-0.06033333333333324
Qatar,New Zealand,29.299999999999997,44.766666666666666,25.933333333333337,1-1,19.566666666666666,1-1,Draw,4.3406666666666665,19.566666666666666,1.0453333333333332,0.985,0.06033333333333324
New Zealand,Saudi Arabia,24.366666666666667,50.2,25.433333333333337,1-1,22.466666666666665,1-1,Draw,4.794333333333333,22.466666666666665,0.9413333333333334,0.9613333333333334,-0.020000000000000018
Saudi Arabia,New Zealand,25.433333333333337,50.2,24.366666666666667,1-1,22.466666666666665,1-1,Draw,4.794333333333333,22.466666666666665,0.9613333333333334,0.9413333333333334,0.020000000000000018
New Zealand,Scotland,20.599999999999998,50.33333333333333,29.06666666666667,1-1,22.733333333333334,1-1,Draw,4.811,22.733333333333334,0.8933333333333333,1.0536666666666668,-0.16033333333333344
Scotland,New Zealand,29.06666666666667,50.33333333333333,20.599999999999998,1-1,22.733333333333334,1-1,Draw,4.811,22.733333333333334,1.0536666666666668,0.8933333333333333,0.16033333333333344
New Zealand,Senegal,11.733333333333333,43.13333333333333,45.13333333333333,1-1,19.366666666666667,1-1,Draw,4.203,19.366666666666667,0.714,1.3213333333333332,-0.6073333333333333
Senegal,New Zealand,45.13333333333333,43.13333333333333,11.733333333333333,1-1,19.366666666666667,1-1,Draw,4.203,19.366666666666667,1.3213333333333332,0.714,0.6073333333333333
New Zealand,South Africa,31.166666666666664,44.333333333333336,24.5,1-1,20.200000000000003,1-1,Draw,4.311,20.200000000000003,1.0776666666666668,0.9646666666666667,0.1130000000000001
South Africa,New Zealand,24.5,44.333333333333336,31.166666666666664,1-1,20.200000000000003,1-1,Draw,4.311,20.200000000000003,0.9646666666666667,1.0776666666666668,-0.1130000000000001
New Zealand,South Korea,17.633333333333333,43.93333333333334,38.43333333333334,1-1,20.3,1-1,Draw,4.2716666666666665,20.3,0.8253333333333334,1.2193333333333334,-0.394
South Korea,New Zealand,38.43333333333334,43.93333333333334,17.633333333333333,1-1,20.3,1-1,Draw,4.2716666666666665,20.3,1.2193333333333334,0.8253333333333334,0.394
New Zealand,Spain,8.933333333333334,22.03333333333333,69.03333333333333,0-1,17.066666666666666,0-1,Spain win,5.206333333333333,17.066666666666666,0.5966666666666667,1.8046666666666666,-1.208
Spain,New Zealand,69.03333333333333,22.03333333333333,8.933333333333334,1-0,17.066666666666666,1-0,New Zealand win,5.206333333333333,17.066666666666666,1.8046666666666666,0.5966666666666667,1.208
New Zealand,Sweden,20.666666666666668,48.43333333333334,30.9,1-1,21.3,1-1,Draw,4.640333333333333,21.3,0.893,1.0686666666666667,-0.17566666666666664
Sweden,New Zealand,30.9,48.43333333333334,20.666666666666668,1-1,21.3,1-1,Draw,4.640333333333333,21.3,1.0686666666666667,0.893,0.17566666666666664
New Zealand,Switzerland,14.333333333333334,29.299999999999997,56.36666666666667,0-1,17.066666666666666,0-1,Switzerland win,4.481333333333334,17.066666666666666,0.7313333333333333,1.5343333333333333,-0.803
Switzerland,New Zealand,56.36666666666667,29.299999999999997,14.333333333333334,1-0,17.066666666666666,1-0,New Zealand win,4.481333333333334,17.066666666666666,1.5343333333333333,0.7313333333333333,0.803
New Zealand,Tunisia,23.866666666666667,48.699999999999996,27.43333333333333,1-1,21.7,1-1,Draw,4.676333333333333,21.7,0.9386666666666666,1.0086666666666666,-0.06999999999999995
Tunisia,New Zealand,27.43333333333333,48.699999999999996,23.866666666666667,1-1,21.7,1-1,Draw,4.676333333333333,21.7,1.0086666666666666,0.9386666666666666,0.06999999999999995
New Zealand,Turkey,22.26666666666667,46.400000000000006,31.333333333333336,1-1,22.366666666666667,1-1,Draw,4.502666666666666,22.366666666666667,0.897,1.0786666666666667,-0.18166666666666664
Turkey,New Zealand,31.333333333333336,46.400000000000006,22.26666666666667,1-1,22.366666666666667,1-1,Draw,4.502666666666666,22.366666666666667,1.0786666666666667,0.897,0.18166666666666664
New Zealand,United States,12.433333333333334,39.96666666666667,47.599999999999994,1-1,18.8,0-1,United States win,3.9683333333333333,14.7,0.7216666666666667,1.363,-0.6413333333333333
United States,New Zealand,47.599999999999994,39.96666666666667,12.433333333333334,1-1,18.8,1-0,New Zealand win,3.9683333333333333,14.7,1.363,0.7216666666666667,0.6413333333333333
New Zealand,Uruguay,13.766666666666666,39.300000000000004,46.93333333333333,1-1,19.166666666666668,1-1,Draw,3.907,19.166666666666668,0.751,1.3696666666666666,-0.6186666666666666
Uruguay,New Zealand,46.93333333333333,39.300000000000004,13.766666666666666,1-1,19.166666666666668,1-1,Draw,3.907,19.166666666666668,1.3696666666666666,0.751,0.6186666666666666
New Zealand,Uzbekistan,22.966666666666665,35.06666666666667,41.96666666666667,1-1,16.400000000000002,1-1,Draw,3.5556666666666668,16.400000000000002,0.9096666666666666,1.2693333333333334,-0.3596666666666668
Uzbekistan,New Zealand,41.96666666666667,35.06666666666667,22.966666666666665,1-1,16.400000000000002,1-1,Draw,3.5556666666666668,16.400000000000002,1.2693333333333334,0.9096666666666666,0.3596666666666668
Norway,Panama,23.833333333333336,48.06666666666667,28.1,1-1,21.73333333333333,1-1,Draw,4.623,21.73333333333333,0.9583333333333334,1.0246666666666666,-0.06633333333333324
Panama,Norway,28.1,48.06666666666667,23.833333333333336,1-1,21.73333333333333,1-1,Draw,4.623,21.73333333333333,1.0246666666666666,0.9583333333333334,0.06633333333333324
Norway,Paraguay,38.86666666666667,44.96666666666667,16.166666666666664,1-1,20.333333333333332,1-1,Draw,4.362666666666667,20.333333333333332,1.207,0.8016666666666666,0.40533333333333343
Paraguay,Norway,16.166666666666664,44.96666666666667,38.86666666666667,1-1,20.333333333333332,1-1,Draw,4.362666666666667,20.333333333333332,0.8016666666666666,1.207,-0.40533333333333343
Norway,Portugal,12.466666666666667,47.599999999999994,39.93333333333333,1-1,21.4,1-1,Draw,4.583333333333333,21.4,0.733,1.221,-0.4880000000000001
Portugal,Norway,39.93333333333333,47.599999999999994,12.466666666666667,1-1,21.4,1-1,Draw,4.583333333333333,21.4,1.221,0.733,0.4880000000000001
Norway,Qatar,44.36666666666667,43.56666666666666,12.066666666666666,1-1,19.8,1-1,Draw,4.233666666666666,19.8,1.2843333333333333,0.7103333333333334,0.574
Qatar,Norway,12.066666666666666,43.56666666666666,44.36666666666667,1-1,19.8,1-1,Draw,4.233666666666666,19.8,0.7103333333333334,1.2843333333333333,-0.574
Norway,Saudi Arabia,41.9,46.46666666666667,11.633333333333333,1-1,20.4,1-1,Draw,4.461666666666667,20.4,1.287,0.7356666666666667,0.5513333333333332
Saudi Arabia,Norway,11.633333333333333,46.46666666666667,41.9,1-1,20.4,1-1,Draw,4.461666666666667,20.4,0.7356666666666667,1.287,-0.5513333333333332
Norway,Scotland,31.766666666666666,47.63333333333333,20.599999999999998,1-1,21.5,1-1,Draw,4.577333333333334,21.5,1.079,0.89,0.18899999999999995
Scotland,Norway,20.599999999999998,47.63333333333333,31.766666666666666,1-1,21.5,1-1,Draw,4.577333333333334,21.5,0.89,1.079,-0.18899999999999995
Norway,Senegal,15.866666666666667,45.03333333333333,39.1,1-1,20.4,1-1,Draw,4.38,20.4,0.8213333333333334,1.2183333333333333,-0.3969999999999999
Senegal,Norway,39.1,45.03333333333333,15.866666666666667,1-1,20.4,1-1,Draw,4.38,20.4,1.2183333333333333,0.8213333333333334,0.3969999999999999
Norway,South Africa,46.800000000000004,42.06666666666667,11.133333333333335,1-1,18.8,1-1,Draw,4.105333333333333,18.8,1.375,0.726,0.649
South Africa,Norway,11.133333333333335,42.06666666666667,46.800000000000004,1-1,18.8,1-1,Draw,4.105333333333333,18.8,0.726,1.375,-0.649
Norway,South Korea,19.166666666666668,44.93333333333333,35.9,1-1,20.866666666666667,1-1,Draw,4.358,20.866666666666667,0.874,1.1813333333333333,-0.30733333333333335
South Korea,Norway,35.9,44.93333333333333,19.166666666666668,1-1,20.866666666666667,1-1,Draw,4.358,20.866666666666667,1.1813333333333333,0.874,0.30733333333333335
Norway,Spain,15.166666666666668,32.06666666666666,52.76666666666666,1-1,15.333333333333332,0-1,Spain win,4.226333333333334,14.966666666666667,0.742,1.4716666666666667,-0.7296666666666667
Spain,Norway,52.76666666666666,32.06666666666666,15.166666666666668,1-1,15.333333333333332,1-0,Norway win,4.226333333333334,14.966666666666667,1.4716666666666667,0.742,0.7296666666666667
Norway,Sweden,32.36666666666667,50.2,17.433333333333334,1-1,22.3,1-1,Draw,4.788333333333333,22.3,1.0886666666666667,0.8333333333333334,0.2553333333333333
Sweden,Norway,17.433333333333334,50.2,32.36666666666667,1-1,22.3,1-1,Draw,4.788333333333333,22.3,0.8333333333333334,1.0886666666666667,-0.2553333333333333
Norway,Switzerland,22.933333333333334,32.5,44.56666666666666,1-1,15.033333333333335,0-1,Switzerland win,3.6786666666666665,13.033333333333333,0.906,1.338,-0.43200000000000005
Switzerland,Norway,44.56666666666666,32.5,22.933333333333334,1-1,15.033333333333335,1-0,Norway win,3.6786666666666665,13.033333333333333,1.338,0.906,0.43200000000000005
Norway,Tunisia,37.96666666666667,48.46666666666667,13.566666666666666,1-1,21.96666666666667,1-1,Draw,4.641,21.96666666666667,1.2163333333333333,0.7603333333333333,0.45599999999999996
Tunisia,Norway,13.566666666666666,48.46666666666667,37.96666666666667,1-1,21.96666666666667,1-1,Draw,4.641,21.96666666666667,0.7603333333333333,1.2163333333333333,-0.45599999999999996
Norway,Turkey,23.799999999999997,44.56666666666666,31.633333333333336,1-1,19.900000000000002,1-1,Draw,4.33,19.900000000000002,0.952,1.0916666666666666,-0.1396666666666666
Turkey,Norway,31.633333333333336,44.56666666666666,23.799999999999997,1-1,19.900000000000002,1-1,Draw,4.33,19.900000000000002,1.0916666666666666,0.952,0.1396666666666666
Norway,United States,16.400000000000002,43.86666666666667,39.733333333333334,0-0,18.666666666666668,0-0,Draw,4.2556666666666665,18.666666666666668,0.7816666666666666,1.2093333333333334,-0.42766666666666675
United States,Norway,39.733333333333334,43.86666666666667,16.400000000000002,0-0,18.666666666666668,0-0,Draw,4.2556666666666665,18.666666666666668,1.2093333333333334,0.7816666666666666,0.42766666666666675
Norway,Uruguay,21.333333333333336,42.3,36.36666666666667,1-1,18.6,1-1,Draw,4.1353333333333335,18.6,0.894,1.142,-0.2479999999999999
Uruguay,Norway,36.36666666666667,42.3,21.333333333333336,1-1,18.6,1-1,Draw,4.1353333333333335,18.6,1.142,0.894,0.2479999999999999
Norway,Uzbekistan,40.1,43.6,16.3,1-1,19.3,1-1,Draw,4.235333333333333,19.3,1.231,0.801,0.43000000000000005
Uzbekistan,Norway,16.3,43.6,40.1,1-1,19.3,1-1,Draw,4.235333333333333,19.3,0.801,1.231,-0.43000000000000005
Panama,Paraguay,40.833333333333336,43.233333333333334,15.933333333333334,1-1,19.3,1-1,Draw,4.206666666666667,19.3,1.2686666666666666,0.7976666666666666,0.471
Paraguay,Panama,15.933333333333334,43.233333333333334,40.833333333333336,1-1,19.3,1-1,Draw,4.206666666666667,19.3,0.7976666666666666,1.2686666666666666,-0.471
Panama,Portugal,12.966666666666669,42.13333333333333,44.9,1-1,19.333333333333332,1-1,Draw,4.118333333333333,19.333333333333332,0.7313333333333333,1.317,-0.5856666666666667
Portugal,Panama,44.9,42.13333333333333,12.966666666666669,1-1,19.333333333333332,1-1,Draw,4.118333333333333,19.333333333333332,1.317,0.7313333333333333,0.5856666666666667
Panama,Qatar,41.099999999999994,44.6,14.299999999999999,0-0,19.53333333333333,0-0,Draw,4.320333333333333,19.53333333333333,1.2343333333333333,0.758,0.4763333333333333
Qatar,Panama,14.299999999999999,44.6,41.099999999999994,0-0,19.53333333333333,0-0,Draw,4.320333333333333,19.53333333333333,0.758,1.2343333333333333,-0.4763333333333333
Panama,Saudi Arabia,47.46666666666667,42.5,10.033333333333333,1-1,19.566666666666666,1-1,Draw,4.145333333333333,19.566666666666666,1.387,0.696,0.6910000000000001
Saudi Arabia,Panama,10.033333333333333,42.5,47.46666666666667,1-1,19.566666666666666,1-1,Draw,4.145333333333333,19.566666666666666,0.696,1.387,-0.6910000000000001
Panama,Scotland,37.3,43.53333333333333,19.166666666666668,1-1,19.133333333333333,1-1,Draw,4.226333333333334,19.133333333333333,1.2283333333333333,0.8776666666666667,0.35066666666666657
Scotland,Panama,19.166666666666668,43.53333333333333,37.3,1-1,19.133333333333333,1-1,Draw,4.226333333333334,19.133333333333333,0.8776666666666667,1.2283333333333333,-0.35066666666666657
Panama,Senegal,18.266666666666666,43.36666666666667,38.36666666666667,1-1,19.6,1-1,Draw,4.229333333333333,19.6,0.8183333333333334,1.174,-0.3556666666666666
Senegal,Panama,38.36666666666667,43.36666666666667,18.266666666666666,1-1,19.6,1-1,Draw,4.229333333333333,19.6,1.174,0.8183333333333334,0.3556666666666666
Panama,South Africa,50.23333333333333,40.400000000000006,9.366666666666665,1-1,18.53333333333333,1-0,Panama win,4.115,14.766666666666667,1.4226666666666667,0.661,0.7616666666666667
South Africa,Panama,9.366666666666665,40.400000000000006,50.23333333333333,1-1,18.53333333333333,0-1,South Africa win,4.115,14.766666666666667,0.661,1.4226666666666667,-0.7616666666666667
Panama,South Korea,21.666666666666668,43.36666666666667,34.96666666666667,1-1,19.933333333333334,1-1,Draw,4.240333333333333,19.933333333333334,0.8993333333333333,1.1483333333333334,-0.2490000000000001
South Korea,Panama,34.96666666666667,43.36666666666667,21.666666666666668,1-1,19.933333333333334,1-1,Draw,4.240333333333333,19.933333333333334,1.1483333333333334,0.8993333333333333,0.2490000000000001
Panama,Spain,11.1,38.666666666666664,50.23333333333333,1-1,17.633333333333333,0-1,Spain win,4.107,14.966666666666667,0.6943333333333334,1.4433333333333334,-0.749
Spain,Panama,50.23333333333333,38.666666666666664,11.1,1-1,17.633333333333333,1-0,Panama win,4.107,14.966666666666667,1.4433333333333334,0.6943333333333334,0.749
Panama,Sweden,43.5,40.86666666666667,15.633333333333333,1-1,18.066666666666666,1-1,Draw,4.006,18.066666666666666,1.2916666666666667,0.7793333333333333,0.5123333333333334
Sweden,Panama,15.633333333333333,40.86666666666667,43.5,1-1,18.066666666666666,1-1,Draw,4.006,18.066666666666666,0.7793333333333333,1.2916666666666667,-0.5123333333333334
Panama,Switzerland,24.53333333333333,34.166666666666664,41.3,1-1,15.933333333333334,1-1,Draw,3.4783333333333335,15.933333333333334,0.943,1.3006666666666666,-0.3576666666666667
Switzerland,Panama,41.3,34.166666666666664,24.53333333333333,1-1,15.933333333333334,1-1,Draw,3.4783333333333335,15.933333333333334,1.3006666666666666,0.943,0.3576666666666667
Panama,Tunisia,43.13333333333333,43.1,13.766666666666666,1-1,19.1,1-1,Draw,4.191666666666666,19.1,1.279,0.752,0.5269999999999999
Tunisia,Panama,13.766666666666666,43.1,43.13333333333333,1-1,19.1,1-1,Draw,4.191666666666666,19.1,0.752,1.279,-0.5269999999999999
Panama,Turkey,27.6,41.766666666666666,30.633333333333333,1-1,18.566666666666666,1-1,Draw,4.092666666666666,18.566666666666666,1.0016666666666667,1.0753333333333333,-0.07366666666666655
Turkey,Panama,30.633333333333333,41.766666666666666,27.6,1-1,18.566666666666666,1-1,Draw,4.092666666666666,18.566666666666666,1.0753333333333333,1.0016666666666667,0.07366666666666655
Panama,United States,20.266666666666666,64.86666666666666,14.866666666666667,0-0,29.666666666666668,0-0,Draw,6.019666666666667,29.666666666666668,0.875,0.785,0.08999999999999997
United States,Panama,14.866666666666667,64.86666666666666,20.266666666666666,0-0,29.666666666666668,0-0,Draw,6.019666666666667,29.666666666666668,0.785,0.875,-0.08999999999999997
Panama,Uruguay,25.766666666666666,39.7,34.53333333333333,1-1,17.866666666666667,1-1,Draw,3.934,17.866666666666667,0.9673333333333334,1.1196666666666666,-0.1523333333333332
Uruguay,Panama,34.53333333333333,39.7,25.766666666666666,1-1,17.866666666666667,1-1,Draw,3.934,17.866666666666667,1.1196666666666666,0.9673333333333334,0.1523333333333332
Panama,Uzbekistan,45.53333333333333,39.13333333333333,15.333333333333332,1-1,17.8,1-1,Draw,3.861,17.8,1.3726666666666667,0.8146666666666667,0.558
Uzbekistan,Panama,15.333333333333332,39.13333333333333,45.53333333333333,1-1,17.8,1-1,Draw,3.861,17.8,0.8146666666666667,1.3726666666666667,-0.558
Paraguay,Portugal,8.166666666666666,40.03333333333333,51.800000000000004,1-1,18.266666666666666,0-1,Portugal win,4.219,15.033333333333335,0.6473333333333333,1.4386666666666668,-0.7913333333333334
Portugal,Paraguay,51.800000000000004,40.03333333333333,8.166666666666666,1-1,18.266666666666666,1-0,Paraguay win,4.219,15.033333333333335,1.4386666666666668,0.6473333333333333,0.7913333333333334
Paraguay,Qatar,32.166666666666664,48.766666666666666,19.066666666666666,1-1,22.066666666666666,1-1,Draw,4.664333333333333,22.066666666666666,1.0976666666666666,0.8576666666666667,0.23999999999999988
Qatar,Paraguay,19.066666666666666,48.766666666666666,32.166666666666664,1-1,22.066666666666666,1-1,Draw,4.664333333333333,22.066666666666666,0.8576666666666667,1.0976666666666666,-0.23999999999999988
Paraguay,Saudi Arabia,32.2,50.46666666666667,17.333333333333336,1-1,23.566666666666666,1-1,Draw,4.835666666666667,23.566666666666666,1.0853333333333333,0.8316666666666667,0.2536666666666666
Saudi Arabia,Paraguay,17.333333333333336,50.46666666666667,32.2,1-1,23.566666666666666,1-1,Draw,4.835666666666667,23.566666666666666,0.8316666666666667,1.0853333333333333,-0.2536666666666666
Paraguay,Scotland,23.599999999999998,48.1,28.299999999999997,1-1,21.73333333333333,1-1,Draw,4.619,21.73333333333333,0.9343333333333333,1.0146666666666666,-0.08033333333333326
Scotland,Paraguay,28.299999999999997,48.1,23.599999999999998,1-1,21.73333333333333,1-1,Draw,4.619,21.73333333333333,1.0146666666666666,0.9343333333333333,0.08033333333333326
Paraguay,Senegal,10.6,44.800000000000004,44.6,1-1,19.966666666666665,1-1,Draw,4.332333333333334,19.966666666666665,0.709,1.3276666666666668,-0.6186666666666668
Senegal,Paraguay,44.6,44.800000000000004,10.6,1-1,19.966666666666665,1-1,Draw,4.332333333333334,19.966666666666665,1.3276666666666668,0.709,0.6186666666666668
Paraguay,South Africa,35.5,48.56666666666667,15.933333333333334,1-1,21.099999999999998,1-1,Draw,4.647333333333333,21.099999999999998,1.1656666666666666,0.8253333333333334,0.34033333333333327
South Africa,Paraguay,15.933333333333334,48.56666666666667,35.5,1-1,21.099999999999998,1-1,Draw,4.647333333333333,21.099999999999998,0.8253333333333334,1.1656666666666666,-0.34033333333333327
Paraguay,South Korea,13.366666666666665,43.63333333333333,43.0,1-1,19.3,0-0,Draw,4.240333333333333,18.76666666666667,0.724,1.2556666666666667,-0.5316666666666667
South Korea,Paraguay,43.0,43.63333333333333,13.366666666666665,1-1,19.3,0-0,Draw,4.240333333333333,18.76666666666667,1.2556666666666667,0.724,0.5316666666666667
Paraguay,Spain,6.2,41.8,52.0,1-1,18.866666666666667,0-1,Spain win,4.264666666666667,15.4,0.6043333333333333,1.4613333333333334,-0.8570000000000001
Spain,Paraguay,52.0,41.8,6.2,1-1,18.866666666666667,1-0,Paraguay win,4.264666666666667,15.4,1.4613333333333334,0.6043333333333333,0.8570000000000001
Paraguay,Sweden,26.73333333333333,48.333333333333336,24.933333333333334,1-1,20.733333333333334,1-1,Draw,4.625666666666667,20.733333333333334,0.995,0.974,0.02100000000000002
Sweden,Paraguay,24.933333333333334,48.333333333333336,26.73333333333333,1-1,20.733333333333334,1-1,Draw,4.625666666666667,20.733333333333334,0.974,0.995,-0.02100000000000002
Paraguay,Switzerland,15.299999999999999,35.5,49.2,1-1,16.466666666666665,0-1,Switzerland win,4.035666666666667,15.033333333333335,0.7583333333333333,1.4086666666666667,-0.6503333333333334
Switzerland,Paraguay,49.2,35.5,15.299999999999999,1-1,16.466666666666665,1-0,Paraguay win,4.035666666666667,15.033333333333335,1.4086666666666667,0.7583333333333333,0.6503333333333334
Paraguay,Tunisia,30.9,49.46666666666666,19.633333333333333,1-1,22.1,1-1,Draw,4.733666666666666,22.1,1.038,0.866,0.17200000000000004
Tunisia,Paraguay,19.633333333333333,49.46666666666666,30.9,1-1,22.1,1-1,Draw,4.733666666666666,22.1,0.866,1.038,-0.17200000000000004
Paraguay,Turkey,18.4,41.53333333333333,40.06666666666667,1-1,18.46666666666667,1-1,Draw,4.062333333333333,18.46666666666667,0.82,1.2293333333333334,-0.40933333333333344
Turkey,Paraguay,40.06666666666667,41.53333333333333,18.4,1-1,18.46666666666667,1-1,Draw,4.062333333333333,18.46666666666667,1.2293333333333334,0.82,0.40933333333333344
Paraguay,United States,11.633333333333333,46.733333333333334,41.63333333333333,1-1,22.400000000000002,1-1,Draw,4.528333333333333,22.400000000000002,0.729,1.2506666666666666,-0.5216666666666666
United States,Paraguay,41.63333333333333,46.733333333333334,11.633333333333333,1-1,22.400000000000002,1-1,Draw,4.528333333333333,22.400000000000002,1.2506666666666666,0.729,0.5216666666666666
Paraguay,Uruguay,22.6,55.43333333333334,21.96666666666667,1-1,25.3,1-1,Draw,5.244,25.3,0.9006666666666666,0.894,0.006666666666666599
Uruguay,Paraguay,21.96666666666667,55.43333333333334,22.6,1-1,25.3,1-1,Draw,5.244,25.3,0.894,0.9006666666666666,-0.006666666666666599
Paraguay,Uzbekistan,30.533333333333335,47.4,22.066666666666666,1-1,21.566666666666666,1-1,Draw,4.571666666666666,21.566666666666666,1.0903333333333334,0.9426666666666667,0.14766666666666672
Uzbekistan,Paraguay,22.066666666666666,47.4,30.533333333333335,1-1,21.566666666666666,1-1,Draw,4.571666666666666,21.566666666666666,0.9426666666666667,1.0903333333333334,-0.14766666666666672
Portugal,Qatar,63.4,28.199999999999996,8.4,1-0,18.666666666666668,1-0,Portugal win,4.947,18.666666666666668,1.6673333333333333,0.59,1.0773333333333333
Qatar,Portugal,8.4,28.199999999999996,63.4,0-1,18.666666666666668,0-1,Qatar win,4.947,18.666666666666668,0.59,1.6673333333333333,-1.0773333333333333
Portugal,Saudi Arabia,61.86666666666667,31.233333333333334,6.9,1-0,18.099999999999998,1-0,Portugal win,4.850666666666666,18.099999999999998,1.654,0.5646666666666667,1.0893333333333333
Saudi Arabia,Portugal,6.9,31.233333333333334,61.86666666666667,0-1,18.099999999999998,0-1,Saudi Arabia win,4.850666666666666,18.099999999999998,0.5646666666666667,1.654,-1.0893333333333333
Portugal,Scotland,65.63333333333333,26.400000000000002,7.966666666666667,1-0,17.5,1-0,Portugal win,5.024,17.5,1.7463333333333333,0.595,1.1513333333333333
Scotland,Portugal,7.966666666666667,26.400000000000002,65.63333333333333,0-1,17.5,0-1,Scotland win,5.024,17.5,0.595,1.7463333333333333,-1.1513333333333333
Portugal,Senegal,38.06666666666666,44.7,17.233333333333334,1-1,19.566666666666666,1-1,Draw,4.327,19.566666666666666,1.1926666666666668,0.8116666666666666,0.3810000000000001
Senegal,Portugal,17.233333333333334,44.7,38.06666666666666,1-1,19.566666666666666,1-1,Draw,4.327,19.566666666666666,0.8116666666666666,1.1926666666666668,-0.3810000000000001
Portugal,South Africa,61.03333333333333,32.2,6.766666666666667,1-0,16.733333333333334,1-0,Portugal win,4.781,16.733333333333334,1.6333333333333333,0.5826666666666667,1.0506666666666666
South Africa,Portugal,6.766666666666667,32.2,61.03333333333333,0-1,16.733333333333334,0-1,South Africa win,4.781,16.733333333333334,0.5826666666666667,1.6333333333333333,-1.0506666666666666
Portugal,South Korea,48.699999999999996,39.7,11.600000000000001,1-1,18.4,1-0,Portugal win,4.012,15.066666666666666,1.4123333333333334,0.6996666666666667,0.7126666666666668
South Korea,Portugal,11.600000000000001,39.7,48.699999999999996,1-1,18.4,0-1,South Korea win,4.012,15.066666666666666,0.6996666666666667,1.4123333333333334,-0.7126666666666668
Portugal,Spain,26.266666666666666,37.2,36.53333333333333,1-1,17.1,1-1,Draw,3.723,17.1,0.9676666666666667,1.1663333333333334,-0.19866666666666677
Spain,Portugal,36.53333333333333,37.2,26.266666666666666,1-1,17.1,1-1,Draw,3.723,17.1,1.1663333333333334,0.9676666666666667,0.19866666666666677
Portugal,Sweden,59.53333333333334,33.766666666666666,6.7,1-0,17.96666666666667,1-0,Portugal win,4.757666666666666,17.96666666666667,1.5776666666666668,0.589,0.9886666666666668
Sweden,Portugal,6.7,33.766666666666666,59.53333333333334,0-1,17.96666666666667,0-1,Sweden win,4.757666666666666,17.96666666666667,0.589,1.5776666666666668,-0.9886666666666668
Portugal,Switzerland,48.266666666666666,41.6,10.133333333333333,1-1,17.9,0-0,Draw,4.054666666666667,17.066666666666666,1.3853333333333333,0.7006666666666667,0.6846666666666666
Switzerland,Portugal,10.133333333333333,41.6,48.266666666666666,1-1,17.9,0-0,Draw,4.054666666666667,17.066666666666666,0.7006666666666667,1.3853333333333333,-0.6846666666666666
Portugal,Tunisia,63.13333333333333,30.566666666666663,6.3,1-0,16.900000000000002,1-0,Portugal win,4.901666666666666,16.900000000000002,1.6796666666666666,0.57,1.1096666666666666
Tunisia,Portugal,6.3,30.566666666666663,63.13333333333333,0-1,16.900000000000002,0-1,Tunisia win,4.901666666666666,16.900000000000002,0.57,1.6796666666666666,-1.1096666666666666
Portugal,Turkey,57.56666666666666,32.06666666666666,10.366666666666667,1-0,16.433333333333334,1-0,Portugal win,4.542333333333334,16.433333333333334,1.5883333333333334,0.6656666666666666,0.9226666666666667
Turkey,Portugal,10.366666666666667,32.06666666666666,57.56666666666666,0-1,16.433333333333334,0-1,Turkey win,4.542333333333334,16.433333333333334,0.6656666666666666,1.5883333333333334,-0.9226666666666667
Portugal,United States,42.199999999999996,43.06666666666666,14.733333333333334,1-1,20.166666666666664,1-1,Draw,4.210333333333334,20.166666666666664,1.2623333333333333,0.7736666666666666,0.4886666666666667
United States,Portugal,14.733333333333334,43.06666666666666,42.199999999999996,1-1,20.166666666666664,1-1,Draw,4.210333333333334,20.166666666666664,0.7736666666666666,1.2623333333333333,-0.4886666666666667
Portugal,Uruguay,50.0,37.733333333333334,12.266666666666666,1-1,17.4,1-0,Portugal win,4.11,15.133333333333333,1.4063333333333334,0.7253333333333334,0.681
Uruguay,Portugal,12.266666666666666,37.733333333333334,50.0,1-1,17.4,0-1,Uruguay win,4.11,15.133333333333333,0.7253333333333334,1.4063333333333334,-0.681
Portugal,Uzbekistan,55.13333333333333,31.166666666666664,13.700000000000001,1-0,16.0,1-0,Portugal win,4.412333333333334,16.0,1.4966666666666666,0.7093333333333334,0.7873333333333332
Uzbekistan,Portugal,13.700000000000001,31.166666666666664,55.13333333333333,0-1,16.0,0-1,Uzbekistan win,4.412333333333334,16.0,0.7093333333333334,1.4966666666666666,-0.7873333333333332
Qatar,Saudi Arabia,24.6,49.13333333333333,26.266666666666666,1-1,21.96666666666667,1-1,Draw,4.696666666666666,21.96666666666667,0.9736666666666667,0.9836666666666667,-0.010000000000000009
Saudi Arabia,Qatar,26.266666666666666,49.13333333333333,24.6,1-1,21.96666666666667,1-1,Draw,4.696666666666666,21.96666666666667,0.9836666666666667,0.9736666666666667,0.010000000000000009
Qatar,Scotland,17.133333333333333,42.833333333333336,40.03333333333333,1-1,18.46666666666667,1-1,Draw,4.158,18.46666666666667,0.8123333333333334,1.233,-0.42066666666666674
Scotland,Qatar,40.03333333333333,42.833333333333336,17.133333333333333,1-1,18.46666666666667,1-1,Draw,4.158,18.46666666666667,1.233,0.8123333333333334,0.42066666666666674
Qatar,Senegal,10.766666666666666,36.199999999999996,53.03333333333333,1-1,17.333333333333336,0-1,Senegal win,4.342666666666666,16.433333333333334,0.694,1.4636666666666667,-0.7696666666666667
Senegal,Qatar,53.03333333333333,36.199999999999996,10.766666666666666,1-1,17.333333333333336,1-0,Qatar win,4.342666666666666,16.433333333333334,1.4636666666666667,0.694,0.7696666666666667
Qatar,South Africa,31.0,46.6,22.400000000000002,1-1,20.766666666666666,1-1,Draw,4.501666666666667,20.766666666666666,1.069,0.9266666666666666,0.1423333333333333
South Africa,Qatar,22.400000000000002,46.6,31.0,1-1,20.766666666666666,1-1,Draw,4.501666666666667,20.766666666666666,0.9266666666666666,1.069,-0.1423333333333333
Qatar,South Korea,12.5,41.36666666666667,46.13333333333333,1-1,18.9,1-1,Draw,4.048,18.9,0.7376666666666667,1.3553333333333333,-0.6176666666666666
South Korea,Qatar,46.13333333333333,41.36666666666667,12.5,1-1,18.9,1-1,Draw,4.048,18.9,1.3553333333333333,0.7376666666666667,0.6176666666666666
Qatar,Spain,7.000000000000001,38.36666666666667,54.63333333333333,1-1,17.266666666666666,0-1,Spain win,4.432,17.0,0.6053333333333333,1.4863333333333333,-0.881
Spain,Qatar,54.63333333333333,38.36666666666667,7.000000000000001,1-1,17.266666666666666,1-0,Qatar win,4.432,17.0,1.4863333333333333,0.6053333333333333,0.881
Qatar,Sweden,21.666666666666668,40.86666666666667,37.46666666666666,1-1,18.9,1-1,Draw,4.023666666666666,18.9,0.8993333333333333,1.206,-0.30666666666666664
Sweden,Qatar,37.46666666666666,40.86666666666667,21.666666666666668,1-1,18.9,1-1,Draw,4.023666666666666,18.9,1.206,0.8993333333333333,0.30666666666666664
Qatar,Switzerland,10.7,29.533333333333335,59.766666666666666,0-1,16.666666666666664,0-1,Switzerland win,4.673666666666667,16.666666666666664,0.6543333333333333,1.6283333333333334,-0.9740000000000001
Switzerland,Qatar,59.766666666666666,29.533333333333335,10.7,1-0,16.666666666666664,1-0,Qatar win,4.673666666666667,16.666666666666664,1.6283333333333334,0.6543333333333333,0.9740000000000001
Qatar,Tunisia,22.8,46.7,30.5,1-1,20.599999999999998,1-1,Draw,4.486666666666666,20.599999999999998,0.9083333333333333,1.045,-0.1366666666666666
Tunisia,Qatar,30.5,46.7,22.8,1-1,20.599999999999998,1-1,Draw,4.486666666666666,20.599999999999998,1.045,0.9083333333333333,0.1366666666666666
Qatar,Turkey,17.833333333333336,39.83333333333333,42.333333333333336,1-1,18.133333333333333,1-1,Draw,3.9366666666666665,18.133333333333333,0.821,1.2506666666666666,-0.42966666666666664
Turkey,Qatar,42.333333333333336,39.83333333333333,17.833333333333336,1-1,18.133333333333333,1-1,Draw,3.9366666666666665,18.133333333333333,1.2506666666666666,0.821,0.42966666666666664
Qatar,United States,10.166666666666666,39.63333333333333,50.2,1-1,17.766666666666666,0-1,United States win,4.135,15.533333333333331,0.692,1.4313333333333333,-0.7393333333333334
United States,Qatar,50.2,39.63333333333333,10.166666666666666,1-1,17.766666666666666,1-0,Qatar win,4.135,15.533333333333331,1.4313333333333333,0.692,0.7393333333333334
Qatar,Uruguay,14.333333333333334,37.266666666666666,48.4,1-1,16.466666666666665,0-1,Uruguay win,3.9766666666666666,13.933333333333334,0.742,1.3866666666666667,-0.6446666666666667
Uruguay,Qatar,48.4,37.266666666666666,14.333333333333334,1-1,16.466666666666665,1-0,Qatar win,3.9766666666666666,13.933333333333334,1.3866666666666667,0.742,0.6446666666666667
Qatar,Uzbekistan,23.966666666666665,56.49999999999999,19.53333333333333,1-1,24.7,1-1,Draw,5.302333333333333,24.7,0.9446666666666667,0.8836666666666667,0.06099999999999994
Uzbekistan,Qatar,19.53333333333333,56.49999999999999,23.966666666666665,1-1,24.7,1-1,Draw,5.302333333333333,24.7,0.8836666666666667,0.9446666666666667,-0.06099999999999994
Saudi Arabia,Scotland,21.46666666666667,36.766666666666666,41.766666666666666,1-1,17.8,1-1,Draw,3.708,17.8,0.868,1.24,-0.372
Scotland,Saudi Arabia,41.766666666666666,36.766666666666666,21.46666666666667,1-1,17.8,1-1,Draw,3.708,17.8,1.24,0.868,0.372
Saudi Arabia,Senegal,14.7,38.4,46.9,1-1,16.900000000000002,0-1,Senegal win,3.85,13.233333333333333,0.7456666666666667,1.3713333333333333,-0.6256666666666666
Senegal,Saudi Arabia,46.9,38.4,14.7,1-1,16.900000000000002,1-0,Saudi Arabia win,3.85,13.233333333333333,1.3713333333333333,0.7456666666666667,0.6256666666666666
Saudi Arabia,South Africa,29.9,43.36666666666667,26.73333333333333,1-1,19.466666666666665,1-1,Draw,4.222666666666667,19.466666666666665,1.072,1.017,0.05500000000000016
South Africa,Saudi Arabia,26.73333333333333,43.36666666666667,29.9,1-1,19.466666666666665,1-1,Draw,4.222666666666667,19.466666666666665,1.017,1.072,-0.05500000000000016
Saudi Arabia,South Korea,19.400000000000002,35.333333333333336,45.266666666666666,1-1,16.133333333333333,0-1,South Korea win,3.78,14.2,0.8513333333333334,1.337,-0.4856666666666666
South Korea,Saudi Arabia,45.266666666666666,35.333333333333336,19.400000000000002,1-1,16.133333333333333,1-0,Saudi Arabia win,3.78,14.2,1.337,0.8513333333333334,0.4856666666666666
Saudi Arabia,Spain,5.766666666666667,32.83333333333333,61.4,0-1,16.733333333333334,0-1,Spain win,4.775,16.733333333333334,0.555,1.6466666666666667,-1.0916666666666668
Spain,Saudi Arabia,61.4,32.83333333333333,5.766666666666667,1-0,16.733333333333334,1-0,Saudi Arabia win,4.775,16.733333333333334,1.6466666666666667,0.555,1.0916666666666668
Saudi Arabia,Sweden,23.733333333333334,38.56666666666666,37.7,1-1,18.166666666666668,1-1,Draw,3.855,18.166666666666668,0.937,1.1993333333333334,-0.2623333333333333
Sweden,Saudi Arabia,37.7,38.56666666666666,23.733333333333334,1-1,18.166666666666668,1-1,Draw,3.855,18.166666666666668,1.1993333333333334,0.937,0.2623333333333333
Saudi Arabia,Switzerland,12.533333333333333,25.233333333333334,62.23333333333333,0-1,15.666666666666668,0-1,Switzerland win,4.781,15.666666666666668,0.6926666666666667,1.6873333333333334,-0.9946666666666667
Switzerland,Saudi Arabia,62.23333333333333,25.233333333333334,12.533333333333333,1-0,15.666666666666668,1-0,Saudi Arabia win,4.781,15.666666666666668,1.6873333333333334,0.6926666666666667,0.9946666666666667
Saudi Arabia,Tunisia,23.733333333333334,42.1,34.166666666666664,1-1,18.46666666666667,1-1,Draw,4.120333333333333,18.46666666666667,0.9333333333333333,1.1426666666666667,-0.20933333333333337
Tunisia,Saudi Arabia,34.166666666666664,42.1,23.733333333333334,1-1,18.46666666666667,1-1,Draw,4.120333333333333,18.46666666666667,1.1426666666666667,0.9333333333333333,0.20933333333333337
Saudi Arabia,Turkey,19.466666666666665,37.6,42.93333333333334,1-1,18.033333333333335,1-1,Draw,3.767333333333333,18.033333333333335,0.854,1.278,-0.42400000000000004
Turkey,Saudi Arabia,42.93333333333334,37.6,19.466666666666665,1-1,18.033333333333335,1-1,Draw,3.767333333333333,18.033333333333335,1.278,0.854,0.42400000000000004
Saudi Arabia,United States,12.966666666666669,40.63333333333333,46.400000000000006,1-1,17.333333333333336,0-0,Draw,3.9726666666666666,16.766666666666666,0.7426666666666667,1.352,-0.6093333333333334
United States,Saudi Arabia,46.400000000000006,40.63333333333333,12.966666666666669,1-1,17.333333333333336,0-0,Draw,3.9726666666666666,16.766666666666666,1.352,0.7426666666666667,0.6093333333333334
Saudi Arabia,Uruguay,14.633333333333335,38.1,47.266666666666666,1-1,17.466666666666665,0-1,Uruguay win,3.888,13.3,0.7606666666666667,1.378,-0.6173333333333332
Uruguay,Saudi Arabia,47.266666666666666,38.1,14.633333333333335,1-1,17.466666666666665,1-0,Saudi Arabia win,3.888,13.3,1.378,0.7606666666666667,0.6173333333333332
Saudi Arabia,Uzbekistan,27.366666666666667,35.13333333333333,37.5,1-1,16.133333333333333,1-1,Draw,3.541,16.133333333333333,1.0063333333333333,1.2063333333333333,-0.19999999999999996
Uzbekistan,Saudi Arabia,37.5,35.13333333333333,27.366666666666667,1-1,16.133333333333333,1-1,Draw,3.541,16.133333333333333,1.2063333333333333,1.0063333333333333,0.19999999999999996
Scotland,Senegal,13.533333333333333,39.166666666666664,47.3,1-1,16.733333333333334,0-1,Senegal win,3.937666666666667,14.6,0.7323333333333333,1.3543333333333334,-0.6220000000000001
Senegal,Scotland,47.3,39.166666666666664,13.533333333333333,1-1,16.733333333333334,1-0,Scotland win,3.937666666666667,14.6,1.3543333333333334,0.7323333333333333,0.6220000000000001
Scotland,South Africa,41.86666666666667,42.66666666666667,15.466666666666667,1-1,19.5,1-1,Draw,4.168,19.5,1.2743333333333333,0.801,0.4733333333333333
South Africa,Scotland,15.466666666666667,42.66666666666667,41.86666666666667,1-1,19.5,1-1,Draw,4.168,19.5,0.801,1.2743333333333333,-0.4733333333333333
Scotland,South Korea,15.6,41.86666666666667,42.53333333333333,1-1,18.9,1-1,Draw,4.089333333333333,18.9,0.822,1.318,-0.4960000000000001
South Korea,Scotland,42.53333333333333,41.86666666666667,15.6,1-1,18.9,1-1,Draw,4.089333333333333,18.9,1.318,0.822,0.4960000000000001
Scotland,Spain,6.666666666666667,33.800000000000004,59.53333333333334,0-1,17.266666666666666,0-1,Spain win,4.699333333333334,17.266666666666666,0.603,1.61,-1.0070000000000001
Spain,Scotland,59.53333333333334,33.800000000000004,6.666666666666667,1-0,17.266666666666666,1-0,Scotland win,4.699333333333334,17.266666666666666,1.61,0.603,1.0070000000000001
Scotland,Sweden,32.63333333333333,43.3,24.066666666666666,1-1,19.833333333333332,1-1,Draw,4.231,19.833333333333332,1.0756666666666668,0.928,0.14766666666666672
Sweden,Scotland,24.066666666666666,43.3,32.63333333333333,1-1,19.833333333333332,1-1,Draw,4.231,19.833333333333332,0.928,1.0756666666666668,-0.14766666666666672
Scotland,Switzerland,18.7,32.63333333333333,48.66666666666667,1-1,15.133333333333333,0-1,Switzerland win,3.970666666666667,13.933333333333334,0.8243333333333334,1.4006666666666667,-0.5763333333333334
Switzerland,Scotland,48.66666666666667,32.63333333333333,18.7,1-1,15.133333333333333,1-0,Scotland win,3.970666666666667,13.933333333333334,1.4006666666666667,0.8243333333333334,0.5763333333333334
Scotland,Tunisia,31.0,49.1,19.900000000000002,1-1,22.133333333333333,1-1,Draw,4.701,22.133333333333333,1.0736666666666668,0.8653333333333333,0.20833333333333348
Tunisia,Scotland,19.900000000000002,49.1,31.0,1-1,22.133333333333333,1-1,Draw,4.701,22.133333333333333,0.8653333333333333,1.0736666666666668,-0.20833333333333348
Scotland,Turkey,22.566666666666666,37.266666666666666,40.166666666666664,1-1,16.733333333333334,1-1,Draw,3.715,16.733333333333334,0.909,1.259,-0.34999999999999987
Turkey,Scotland,40.166666666666664,37.266666666666666,22.566666666666666,1-1,16.733333333333334,1-1,Draw,3.715,16.733333333333334,1.259,0.909,0.34999999999999987
Scotland,United States,14.466666666666667,40.86666666666667,44.666666666666664,1-1,18.166666666666668,1-1,Draw,4.006,18.166666666666668,0.742,1.301,-0.5589999999999999
United States,Scotland,44.666666666666664,40.86666666666667,14.466666666666667,1-1,18.166666666666668,1-1,Draw,4.006,18.166666666666668,1.301,0.742,0.5589999999999999
Scotland,Uruguay,17.233333333333334,37.4,45.36666666666667,1-1,16.6,0-1,Uruguay win,3.8223333333333334,13.900000000000002,0.803,1.3103333333333333,-0.5073333333333333
Uruguay,Scotland,45.36666666666667,37.4,17.233333333333334,1-1,16.6,1-0,Scotland win,3.8223333333333334,13.900000000000002,1.3103333333333333,0.803,0.5073333333333333
Scotland,Uzbekistan,31.966666666666665,44.06666666666666,23.966666666666665,1-1,20.8,1-1,Draw,4.31,20.8,1.082,0.923,0.15900000000000003
Uzbekistan,Scotland,23.966666666666665,44.06666666666666,31.966666666666665,1-1,20.8,1-1,Draw,4.31,20.8,0.923,1.082,-0.15900000000000003
Senegal,South Africa,46.733333333333334,42.733333333333334,10.533333333333333,1-1,18.7,1-1,Draw,4.153,18.7,1.3613333333333333,0.6903333333333334,0.6709999999999999
South Africa,Senegal,10.533333333333333,42.733333333333334,46.733333333333334,1-1,18.7,1-1,Draw,4.153,18.7,0.6903333333333334,1.3613333333333333,-0.6709999999999999
Senegal,South Korea,36.266666666666666,47.43333333333333,16.3,1-1,22.133333333333333,1-1,Draw,4.5776666666666666,22.133333333333333,1.1733333333333333,0.8283333333333334,0.345
South Korea,Senegal,16.3,47.43333333333333,36.266666666666666,1-1,22.133333333333333,1-1,Draw,4.5776666666666666,22.133333333333333,0.8283333333333334,1.1733333333333333,-0.345
Senegal,Spain,13.533333333333333,39.03333333333333,47.43333333333333,1-1,17.466666666666665,0-1,Spain win,3.965,14.6,0.7436666666666667,1.3586666666666667,-0.615
Spain,Senegal,47.43333333333333,39.03333333333333,13.533333333333333,1-1,17.466666666666665,1-0,Senegal win,3.965,14.6,1.3586666666666667,0.7436666666666667,0.615
Senegal,Sweden,63.866666666666674,28.166666666666668,7.966666666666667,1-0,17.433333333333334,1-0,Senegal win,4.931333333333333,17.433333333333334,1.698,0.5993333333333334,1.0986666666666665
Sweden,Senegal,7.966666666666667,28.166666666666668,63.866666666666674,0-1,17.433333333333334,0-1,Sweden win,4.931333333333333,17.433333333333334,0.5993333333333334,1.698,-1.0986666666666665
Senegal,Switzerland,38.7,40.0,21.3,1-1,18.0,1-1,Draw,3.947,18.0,1.1913333333333334,0.874,0.31733333333333336
Switzerland,Senegal,21.3,40.0,38.7,1-1,18.0,1-1,Draw,3.947,18.0,0.874,1.1913333333333334,-0.31733333333333336
Senegal,Tunisia,42.63333333333333,48.53333333333333,8.833333333333334,1-1,21.53333333333333,1-1,Draw,4.637,21.53333333333333,1.291,0.6813333333333333,0.6096666666666666
Tunisia,Senegal,8.833333333333334,48.53333333333333,42.63333333333333,1-1,21.53333333333333,1-1,Draw,4.637,21.53333333333333,0.6813333333333333,1.291,-0.6096666666666666
Senegal,Turkey,47.8,39.4,12.8,1-1,17.566666666666666,1-0,Senegal win,4.008666666666667,15.566666666666668,1.3516666666666666,0.7103333333333334,0.6413333333333332
Turkey,Senegal,12.8,39.4,47.8,1-1,17.566666666666666,0-1,Turkey win,4.008666666666667,15.566666666666668,0.7103333333333334,1.3516666666666666,-0.6413333333333332
Senegal,United States,28.666666666666668,47.9,23.433333333333334,1-1,21.233333333333334,1-1,Draw,4.599666666666667,21.233333333333334,1.039,0.948,0.09099999999999997
United States,Senegal,23.433333333333334,47.9,28.666666666666668,1-1,21.233333333333334,1-1,Draw,4.599666666666667,21.233333333333334,0.948,1.039,-0.09099999999999997
Senegal,Uruguay,36.8,43.333333333333336,19.866666666666667,1-1,20.066666666666666,1-1,Draw,4.236,20.066666666666666,1.183,0.8763333333333333,0.30666666666666675
Uruguay,Senegal,19.866666666666667,43.333333333333336,36.8,1-1,20.066666666666666,1-1,Draw,4.236,20.066666666666666,0.8763333333333333,1.183,-0.30666666666666675
Senegal,Uzbekistan,45.86666666666667,37.333333333333336,16.8,1-1,17.133333333333333,1-0,Senegal win,3.8413333333333335,14.7,1.345,0.7823333333333333,0.5626666666666666
Uzbekistan,Senegal,16.8,37.333333333333336,45.86666666666667,1-1,17.133333333333333,0-1,Uzbekistan win,3.8413333333333335,14.7,0.7823333333333333,1.345,-0.5626666666666666
South Africa,South Korea,10.8,45.33333333333333,43.86666666666667,1-1,19.666666666666664,0-0,Draw,4.383,19.5,0.6933333333333334,1.2936666666666667,-0.6003333333333334
South Korea,South Africa,43.86666666666667,45.33333333333333,10.8,1-1,19.666666666666664,0-0,Draw,4.383,19.5,1.2936666666666667,0.6933333333333334,0.6003333333333334
South Africa,Spain,5.266666666666667,41.266666666666666,53.46666666666666,0-0,17.96666666666667,0-1,Spain win,4.361666666666666,15.9,0.59,1.4576666666666667,-0.8676666666666667
Spain,South Africa,53.46666666666666,41.266666666666666,5.266666666666667,0-0,17.96666666666667,1-0,South Africa win,4.361666666666666,15.9,1.4576666666666667,0.59,0.8676666666666667
South Africa,Sweden,19.633333333333333,44.5,35.86666666666667,1-1,19.833333333333332,1-1,Draw,4.322,19.833333333333332,0.8846666666666667,1.1586666666666667,-0.274
Sweden,South Africa,35.86666666666667,44.5,19.633333333333333,1-1,19.833333333333332,1-1,Draw,4.322,19.833333333333332,1.1586666666666667,0.8846666666666667,0.274
South Africa,Switzerland,10.433333333333334,29.333333333333332,60.23333333333334,0-1,18.4,0-1,Switzerland win,4.807333333333333,18.4,0.6473333333333333,1.5793333333333333,-0.9319999999999999
Switzerland,South Africa,60.23333333333334,29.333333333333332,10.433333333333334,1-0,18.4,1-0,South Africa win,4.807333333333333,18.4,1.5793333333333333,0.6473333333333333,0.9319999999999999
South Africa,Tunisia,19.8,48.56666666666667,31.633333333333336,1-1,21.866666666666667,1-1,Draw,4.6706666666666665,21.866666666666667,0.8523333333333334,1.0626666666666666,-0.21033333333333326
Tunisia,South Africa,31.633333333333336,48.56666666666667,19.8,1-1,21.866666666666667,1-1,Draw,4.6706666666666665,21.866666666666667,1.0626666666666666,0.8523333333333334,0.21033333333333326
South Africa,Turkey,14.733333333333334,45.666666666666664,39.6,1-1,20.666666666666668,1-1,Draw,4.42,20.666666666666668,0.7626666666666667,1.2093333333333334,-0.44666666666666666
Turkey,South Africa,39.6,45.666666666666664,14.733333333333334,1-1,20.666666666666668,1-1,Draw,4.42,20.666666666666668,1.2093333333333334,0.7626666666666667,0.44666666666666666
South Africa,United States,11.766666666666667,43.8,44.43333333333334,1-1,19.466666666666665,1-1,Draw,4.241666666666666,19.466666666666665,0.7173333333333334,1.3346666666666667,-0.6173333333333333
United States,South Africa,44.43333333333334,43.8,11.766666666666667,1-1,19.466666666666665,1-1,Draw,4.241666666666666,19.466666666666665,1.3346666666666667,0.7173333333333334,0.6173333333333333
South Africa,Uruguay,12.766666666666667,41.333333333333336,45.9,1-1,18.933333333333334,1-1,Draw,4.055,18.933333333333334,0.741,1.3566666666666667,-0.6156666666666667
Uruguay,South Africa,45.9,41.333333333333336,12.766666666666667,1-1,18.933333333333334,1-1,Draw,4.055,18.933333333333334,1.3566666666666667,0.741,0.6156666666666667
South Africa,Uzbekistan,22.3,41.36666666666667,36.333333333333336,1-1,18.866666666666667,1-1,Draw,4.067,18.866666666666667,0.88,1.1433333333333333,-0.2633333333333333
Uzbekistan,South Africa,36.333333333333336,41.36666666666667,22.3,1-1,18.866666666666667,1-1,Draw,4.067,18.866666666666667,1.1433333333333333,0.88,0.2633333333333333
South Korea,Spain,13.266666666666666,38.766666666666666,47.96666666666667,1-1,17.366666666666667,0-1,Spain win,3.9876666666666667,14.766666666666667,0.74,1.3656666666666666,-0.6256666666666666
Spain,South Korea,47.96666666666667,38.766666666666666,13.266666666666666,1-1,17.366666666666667,1-0,South Korea win,3.9876666666666667,14.766666666666667,1.3656666666666666,0.74,0.6256666666666666
South Korea,Sweden,52.36666666666666,37.43333333333334,10.2,1-1,16.633333333333333,1-0,South Korea win,4.275333333333333,15.433333333333332,1.4433333333333334,0.667,0.7763333333333333
Sweden,South Korea,10.2,37.43333333333334,52.36666666666666,1-1,16.633333333333333,0-1,Sweden win,4.275333333333333,15.433333333333332,0.667,1.4433333333333334,-0.7763333333333333
South Korea,Switzerland,25.966666666666665,38.166666666666664,35.86666666666667,1-1,17.8,1-1,Draw,3.8113333333333332,17.8,0.9673333333333334,1.1546666666666667,-0.18733333333333335
Switzerland,South Korea,35.86666666666667,38.166666666666664,25.966666666666665,1-1,17.8,1-1,Draw,3.8113333333333332,17.8,1.1546666666666667,0.9673333333333334,0.18733333333333335
South Korea,Tunisia,49.43333333333334,41.3,9.266666666666666,1-1,18.9,1-0,South Korea win,4.113666666666667,15.7,1.4026666666666667,0.6766666666666666,0.7260000000000001
Tunisia,South Korea,9.266666666666666,41.3,49.43333333333334,1-1,18.9,0-1,Tunisia win,4.113666666666667,15.7,0.6766666666666666,1.4026666666666667,-0.7260000000000001
South Korea,Turkey,36.6,41.6,21.8,1-1,18.866666666666667,1-1,Draw,4.076,18.866666666666667,1.1603333333333334,0.9063333333333333,0.2540000000000001
Turkey,South Korea,21.8,41.6,36.6,1-1,18.866666666666667,1-1,Draw,4.076,18.866666666666667,0.9063333333333333,1.1603333333333334,-0.2540000000000001
South Korea,United States,24.099999999999998,38.93333333333333,36.96666666666666,1-1,17.633333333333333,1-1,Draw,3.8583333333333334,17.633333333333333,0.95,1.2003333333333333,-0.2503333333333333
United States,South Korea,36.96666666666666,38.93333333333333,24.099999999999998,1-1,17.633333333333333,1-1,Draw,3.8583333333333334,17.633333333333333,1.2003333333333333,0.95,0.2503333333333333
South Korea,Uruguay,28.26666666666667,38.36666666666667,33.36666666666667,1-1,17.533333333333335,1-1,Draw,3.8216666666666668,17.533333333333335,1.0076666666666667,1.1073333333333333,-0.09966666666666657
Uruguay,South Korea,33.36666666666667,38.36666666666667,28.26666666666667,1-1,17.533333333333335,1-1,Draw,3.8216666666666668,17.533333333333335,1.1073333333333333,1.0076666666666667,0.09966666666666657
South Korea,Uzbekistan,45.43333333333333,42.36666666666667,12.2,1-1,19.0,1-1,Draw,4.121666666666667,19.0,1.3243333333333334,0.7216666666666667,0.6026666666666667
Uzbekistan,South Korea,12.2,42.36666666666667,45.43333333333333,1-1,19.0,1-1,Draw,4.121666666666667,19.0,0.7216666666666667,1.3243333333333334,-0.6026666666666667
Spain,Sweden,64.73333333333333,29.666666666666668,5.6000000000000005,1-0,18.099999999999998,1-0,Spain win,5.0023333333333335,18.099999999999998,1.7073333333333334,0.5493333333333333,1.158
Sweden,Spain,5.6000000000000005,29.666666666666668,64.73333333333333,0-1,18.099999999999998,0-1,Sweden win,5.0023333333333335,18.099999999999998,0.5493333333333333,1.7073333333333334,-1.158
Spain,Switzerland,35.13333333333333,52.46666666666666,12.4,1-1,23.166666666666664,1-1,Draw,4.9736666666666665,23.166666666666664,1.1403333333333334,0.745,0.3953333333333334
Switzerland,Spain,12.4,52.46666666666666,35.13333333333333,1-1,23.166666666666664,1-1,Draw,4.9736666666666665,23.166666666666664,0.745,1.1403333333333334,-0.3953333333333334
Spain,Tunisia,63.366666666666674,31.4,5.233333333333333,1-0,18.266666666666666,1-0,Spain win,4.971666666666667,18.266666666666666,1.6746666666666667,0.5563333333333333,1.1183333333333334
Tunisia,Spain,5.233333333333333,31.4,63.366666666666674,0-1,18.266666666666666,0-1,Tunisia win,4.971666666666667,18.266666666666666,0.5563333333333333,1.6746666666666667,-1.1183333333333334
Spain,Turkey,56.13333333333333,35.66666666666667,8.200000000000001,1-1,16.066666666666666,1-0,Spain win,4.474666666666667,15.9,1.537,0.632,0.9049999999999999
Turkey,Spain,8.200000000000001,35.66666666666667,56.13333333333333,1-1,16.066666666666666,0-1,Turkey win,4.474666666666667,15.9,0.632,1.537,-0.9049999999999999
Spain,United States,52.733333333333334,35.96666666666667,11.3,1-1,16.03333333333333,1-0,Spain win,4.256333333333333,15.166666666666668,1.4833333333333334,0.6983333333333334,0.785
United States,Spain,11.3,35.96666666666667,52.733333333333334,1-1,16.03333333333333,0-1,United States win,4.256333333333333,15.166666666666668,0.6983333333333334,1.4833333333333334,-0.785
Spain,Uruguay,57.4,33.5,9.1,1-0,16.7,1-0,Spain win,4.561,16.7,1.5603333333333333,0.6186666666666667,0.9416666666666667
Uruguay,Spain,9.1,33.5,57.4,0-1,16.7,0-1,Uruguay win,4.561,16.7,0.6186666666666667,1.5603333333333333,-0.9416666666666667
Spain,Uzbekistan,58.86666666666667,30.3,10.833333333333334,1-0,17.333333333333336,1-0,Spain win,4.652333333333333,17.333333333333336,1.5763333333333334,0.6613333333333333,0.915
Uzbekistan,Spain,10.833333333333334,30.3,58.86666666666667,0-1,17.333333333333336,0-1,Uzbekistan win,4.652333333333333,17.333333333333336,0.6613333333333333,1.5763333333333334,-0.915
Sweden,Switzerland,14.399999999999999,27.6,57.99999999999999,0-1,14.499999999999998,0-1,Switzerland win,4.500666666666667,14.499999999999998,0.75,1.6093333333333333,-0.8593333333333333
Switzerland,Sweden,57.99999999999999,27.6,14.399999999999999,1-0,14.499999999999998,1-0,Sweden win,4.500666666666667,14.499999999999998,1.6093333333333333,0.75,0.8593333333333333
Sweden,Tunisia,32.266666666666666,43.5,24.233333333333334,1-1,19.733333333333334,1-1,Draw,4.251,19.733333333333334,1.0773333333333333,0.931,0.1463333333333332
Tunisia,Sweden,24.233333333333334,43.5,32.266666666666666,1-1,19.733333333333334,1-1,Draw,4.251,19.733333333333334,0.931,1.0773333333333333,-0.1463333333333332
Sweden,Turkey,23.766666666666666,36.36666666666667,39.86666666666667,1-1,17.133333333333333,1-1,Draw,3.6536666666666666,17.133333333333333,0.9396666666666667,1.226,-0.28633333333333333
Turkey,Sweden,39.86666666666667,36.36666666666667,23.766666666666666,1-1,17.133333333333333,1-1,Draw,3.6536666666666666,17.133333333333333,1.226,0.9396666666666667,0.28633333333333333
Sweden,United States,13.8,36.666666666666664,49.53333333333333,1-1,17.266666666666666,0-1,United States win,4.053,15.033333333333335,0.743,1.42,-0.6769999999999999
United States,Sweden,49.53333333333333,36.666666666666664,13.8,1-1,17.266666666666666,1-0,Sweden win,4.053,15.033333333333335,1.42,0.743,0.6769999999999999
Sweden,Uruguay,15.8,34.8,49.4,1-1,16.7,0-1,Uruguay win,4.009,14.000000000000002,0.7706666666666667,1.4286666666666668,-0.658
Uruguay,Sweden,49.4,34.8,15.8,1-1,16.7,1-0,Sweden win,4.009,14.000000000000002,1.4286666666666668,0.7706666666666667,0.658
Sweden,Uzbekistan,34.599999999999994,38.766666666666666,26.633333333333333,1-1,17.96666666666667,1-1,Draw,3.8596666666666666,17.96666666666667,1.1386666666666667,0.991,0.14766666666666672
Uzbekistan,Sweden,26.633333333333333,38.766666666666666,34.599999999999994,1-1,17.96666666666667,1-1,Draw,3.8596666666666666,17.96666666666667,0.991,1.1386666666666667,-0.14766666666666672
Switzerland,Tunisia,46.800000000000004,42.0,11.200000000000001,1-1,18.9,0-0,Draw,4.100333333333333,17.366666666666667,1.3366666666666667,0.6866666666666666,0.65
Tunisia,Switzerland,11.200000000000001,42.0,46.800000000000004,1-1,18.9,0-0,Draw,4.100333333333333,17.366666666666667,0.6866666666666666,1.3366666666666667,-0.65
Switzerland,Turkey,38.63333333333333,46.46666666666667,14.899999999999999,1-1,20.266666666666666,0-0,Draw,4.464666666666667,19.400000000000002,1.1956666666666667,0.7633333333333333,0.43233333333333335
Turkey,Switzerland,14.899999999999999,46.46666666666667,38.63333333333333,1-1,20.266666666666666,0-0,Draw,4.464666666666667,19.400000000000002,0.7633333333333333,1.1956666666666667,-0.43233333333333335
Switzerland,United States,22.3,50.93333333333333,26.766666666666666,1-1,22.433333333333334,1-1,Draw,4.847,22.433333333333334,0.9406666666666667,1.0116666666666667,-0.07100000000000006
United States,Switzerland,26.766666666666666,50.93333333333333,22.3,1-1,22.433333333333334,1-1,Draw,4.847,22.433333333333334,1.0116666666666667,0.9406666666666667,0.07100000000000006
Switzerland,Uruguay,26.966666666666665,47.599999999999994,25.433333333333337,1-1,21.566666666666666,1-1,Draw,4.594333333333333,21.566666666666666,1.001,0.9463333333333334,0.05466666666666653
Uruguay,Switzerland,25.433333333333337,47.599999999999994,26.966666666666665,1-1,21.566666666666666,1-1,Draw,4.594333333333333,21.566666666666666,0.9463333333333334,1.001,-0.05466666666666653
Switzerland,Uzbekistan,49.5,36.266666666666666,14.233333333333334,1-1,15.9,1-0,Switzerland win,4.080333333333333,14.933333333333335,1.4016666666666666,0.7546666666666667,0.6469999999999999
Uzbekistan,Switzerland,14.233333333333334,36.266666666666666,49.5,1-1,15.9,0-1,Uzbekistan win,4.080333333333333,14.933333333333335,0.7546666666666667,1.4016666666666666,-0.6469999999999999
Tunisia,Turkey,15.966666666666669,37.333333333333336,46.7,1-1,17.266666666666666,0-1,Turkey win,3.8996666666666666,14.499999999999998,0.7873333333333333,1.354,-0.5666666666666668
Turkey,Tunisia,46.7,37.333333333333336,15.966666666666669,1-1,17.266666666666666,1-0,Tunisia win,3.8996666666666666,14.499999999999998,1.354,0.7873333333333333,0.5666666666666668
Tunisia,United States,11.0,39.13333333333333,49.86666666666667,1-1,17.133333333333333,0-1,United States win,4.049666666666667,13.733333333333334,0.6926666666666667,1.4423333333333332,-0.7496666666666666
United States,Tunisia,49.86666666666667,39.13333333333333,11.0,1-1,17.133333333333333,1-0,Tunisia win,4.049666666666667,13.733333333333334,1.4423333333333332,0.6926666666666667,0.7496666666666666
Tunisia,Uruguay,14.933333333333335,36.0,49.06666666666666,1-1,16.0,0-1,Uruguay win,4.021,14.233333333333334,0.7503333333333333,1.381,-0.6306666666666667
Uruguay,Tunisia,49.06666666666666,36.0,14.933333333333335,1-1,16.0,1-0,Tunisia win,4.021,14.233333333333334,1.381,0.7503333333333333,0.6306666666666667
Tunisia,Uzbekistan,25.166666666666664,43.1,31.733333333333334,1-1,19.633333333333333,1-1,Draw,4.2,19.633333333333333,0.9713333333333334,1.082,-0.11066666666666669
Uzbekistan,Tunisia,31.733333333333334,43.1,25.166666666666664,1-1,19.633333333333333,1-1,Draw,4.2,19.633333333333333,1.082,0.9713333333333334,0.11066666666666669
Turkey,United States,18.9,39.900000000000006,41.199999999999996,1-1,17.299999999999997,1-1,Draw,3.925333333333333,17.299999999999997,0.8426666666666667,1.2413333333333334,-0.3986666666666667
United States,Turkey,41.199999999999996,39.900000000000006,18.9,1-1,17.299999999999997,1-1,Draw,3.925333333333333,17.299999999999997,1.2413333333333334,0.8426666666666667,0.3986666666666667
Turkey,Uruguay,21.433333333333334,39.0,39.56666666666667,1-1,17.599999999999998,1-1,Draw,3.8566666666666665,17.599999999999998,0.918,1.2473333333333334,-0.32933333333333337
Uruguay,Turkey,39.56666666666667,39.0,21.433333333333334,1-1,17.599999999999998,1-1,Draw,3.8566666666666665,17.599999999999998,1.2473333333333334,0.918,0.32933333333333337
Turkey,Uzbekistan,41.96666666666667,40.96666666666667,17.066666666666666,1-1,18.433333333333334,1-1,Draw,4.024666666666667,18.433333333333334,1.259,0.8113333333333334,0.44766666666666655
Uzbekistan,Turkey,17.066666666666666,40.96666666666667,41.96666666666667,1-1,18.433333333333334,1-1,Draw,4.024666666666667,18.433333333333334,0.8113333333333334,1.259,-0.44766666666666655
United States,Uruguay,34.2,41.9,23.9,1-1,18.666666666666668,1-1,Draw,4.112666666666667,18.666666666666668,1.119,0.9346666666666666,0.18433333333333335
Uruguay,United States,23.9,41.9,34.2,1-1,18.666666666666668,1-1,Draw,4.112666666666667,18.666666666666668,0.9346666666666666,1.119,-0.18433333333333335
United States,Uzbekistan,51.93333333333333,31.933333333333337,16.133333333333333,1-0,15.866666666666667,1-0,United States win,4.236666666666666,15.866666666666667,1.433,0.7666666666666667,0.6663333333333333
Uzbekistan,United States,16.133333333333333,31.933333333333337,51.93333333333333,0-1,15.866666666666667,0-1,Uzbekistan win,4.236666666666666,15.866666666666667,0.7666666666666667,1.433,-0.6663333333333333
Uruguay,Uzbekistan,47.36666666666667,34.166666666666664,18.46666666666667,1-1,16.166666666666664,1-0,Uruguay win,3.9063333333333334,14.066666666666666,1.3703333333333334,0.8376666666666667,0.5326666666666667
Uzbekistan,Uruguay,18.46666666666667,34.166666666666664,47.36666666666667,1-1,16.166666666666664,0-1,Uzbekistan win,3.9063333333333334,14.066666666666666,0.8376666666666667,1.3703333333333334,-0.5326666666666667
